country,year,gdp,temp,prec
Afghanistan,2000,396.3931129253597,5.589426040649414,783.2225341796875
Afghanistan,2001,356.28017486586697,5.677002429962158,781.225341796875
Afghanistan,2002,434.7337472643002,5.641114711761475,879.1661376953125
Afghanistan,2003,444.9311734674197,5.4618072509765625,930.4610595703125
Afghanistan,2004,435.3731073393965,5.6520233154296875,896.876220703125
Afghanistan,2005,467.51834643854187,5.4735894203186035,1012.841552734375
Afghanistan,2006,472.81292184269756,5.697871208190918,959.06097412109375
Afghanistan,2007,528.095642669296,5.516113758087158,906.54833984375
Afghanistan,2008,536.9532808078576,5.588567733764648,901.62188720703125
Afghanistan,2009,628.4710412842194,5.553745746612549,1027.16796875
Afghanistan,2010,697.948706913242,5.7187933921813965,845.82666015625
Afghanistan,2011,675.5215559709587,5.559677600860596,922.12811279296875
Afghanistan,2012,731.4504782177595,5.388469219207764,1020.7297973632813
Afghanistan,2013,746.4603413233582,5.649582862854004,1012.7974243164063
Afghanistan,2014,739.4437279073037,5.483179569244385,873.2744140625
Afghanistan,2015,727.1315650457846,5.6114277839660645,1015.301513671875
Afghanistan,2016,724.9492903221708,5.797386646270752,1004.2202758789063
Afghanistan,2017,723.5315102693739,5.614391326904297,853.76470947265625
Afghanistan,2018,711.1320418838886,5.66663932800293,793.92822265625
Afghanistan,2019,717.2214280753951,5.631422996520996,996.5699462890625
Afghanistan,2020,678.6168796921637,5.4541497230529785,1000.814453125
Albania,1980,2344.391024684987,4.799072265625,2898.706787109375
Albania,1981,2429.929613748565,4.944206714630127,2852.20068359375
Albania,1982,2449.267967314145,5.057225227355957,2517.38232421875
Albania,1983,2424.3637574174054,4.982846736907959,2419.50634765625
Albania,1984,2344.177993966775,4.9200263023376465,2612.802978515625
Albania,1985,2337.3659217599093,5.04845666885376,2628.1796875
Albania,1986,2421.853648635922,5.063059329986572,2709.10009765625
Albania,1987,2355.264870250137,5.082087993621826,2720.553955078125
Albania,1988,2278.423827822344,5.0945000648498535,2462.291259765625
Albania,1989,2436.1731737930104,5.021506309509277,2222.66845703125
Albania,1990,2163.616426190352,5.1437578201293945,2356.44287109375
Albania,1991,1567.1761624283656,4.908248424530029,2557.01806640625
Albania,1992,1463.3891185682,5.1780171394348145,2278.834228515625
Albania,1993,1613.0930840335466,5.094420909881592,2381.600830078125
Albania,1994,1757.7836890018204,5.370321273803711,2506.260009765625
Albania,1995,2004.3039910137081,5.044318199157715,2873.998046875
Albania,1996,2164.758824480826,4.978734493255615,2998.365234375
Albania,1997,1923.2223836496912,5.026681900024414,2418.619384765625
Albania,1998,2096.1932896043472,5.1654052734375,2718.213623046875
Albania,1999,2367.9422549828973,5.212718963623047,2924.355224609375
Albania,2000,2560.9287894720756,5.337785720825195,2323.42236328125
Albania,2001,2814.2096039682197,5.245047569274902,2598.31396484375
Albania,2002,2953.305374084746,5.30819034576416,2956.298828125
Albania,2003,3122.47383586134,5.238161087036133,2638.6455078125
Albania,2004,3300.6772609406667,5.037225246429443,2801.160888671875
Albania,2005,3487.833922556879,4.995569229125977,3224.25390625
Albania,2006,3721.169363122766,5.210043430328369,2843.656005859375
Albania,2007,3993.111773783934,5.390959739685059,2904.421142578125
Albania,2008,4301.801739764751,5.351171970367432,2766.43359375
Albania,2009,4447.422692720436,5.317097187042236,3291.80810546875
Albania,2010,4602.444196705424,5.240259647369385,3403.62939453125
Albania,2011,4728.52965388218,5.306751728057861,2555.876220703125
Albania,2012,4849.321772375677,5.4185471534729,2860.5830078125
Albania,2013,5008.8106464855555,5.403690338134766,3190.60498046875
Albania,2014,5200.656620714169,5.417655944824219,3551.579345703125
Albania,2015,5399.188279256979,5.4344096183776855,3083.2626953125
Albania,2016,5697.484036062724,5.351972579956055,3143.75390625
Albania,2017,5976.054135917993,5.3634867668151855,2942.9990234375
Albania,2018,6291.803706929526,5.558521747589111,2815.5791015625
Albania,2019,6521.439321392792,5.548872947692871,3246.354736328125
Albania,2020,6403.39048560849,5.4459147453308105,3005.603271484375
Algeria,1961,2606.3887168449996,7.906439304351807,226.60009765625
Algeria,1962,2062.8290687282756,7.773859024047852,275.4475402832031
Algeria,1963,2728.7292062774436,7.823184013366699,280.1940612792969
Algeria,1964,2841.1936380934712,7.820657253265381,257.71844482421875
Algeria,1965,2972.116167453867,7.800257205963135,264.33245849609375
Algeria,1966,2778.947485826382,7.838943958282471,267.6983337402344
Algeria,1967,2974.068884431606,7.74068546295166,270.547119140625
Algeria,1968,3220.9873728850703,7.7806172370910645,258.66156005859375
Algeria,1969,3414.0027839620557,7.807511806488037,297.96832275390625
Algeria,1970,3633.5915225357166,7.777694225311279,230.8612060546875
Algeria,1971,3149.810768807309,7.716439723968506,288.7529296875
Algeria,1972,3922.326421076763,7.70728874206543,286.94207763671875
Algeria,1973,3977.042128239246,7.7704386711120605,282.1850280761719
Algeria,1974,4172.755177582939,7.696460247039795,257.68341064453125
Algeria,1975,4230.892311348481,7.688124179840088,267.5658264160156
Algeria,1976,4381.559832847105,7.682800769805908,322.3545227050781
Algeria,1977,4447.4960265523405,7.8146162033081055,245.03038024902344
Algeria,1978,4721.102641323773,7.805519104003906,231.81179809570313
Algeria,1979,4925.126689772164,7.838505744934082,300.5140380859375
Algeria,1980,4811.860701214219,7.784938335418701,289.2358703613281
Algeria,1981,4798.012586269064,7.8297529220581055,213.6237030029297
Algeria,1982,4937.6822006678885,7.822459697723389,289.0343933105469
Algeria,1983,5030.7142595082405,7.922917366027832,209.48458862304688
Algeria,1984,5134.157106817768,7.779756546020508,259.8449401855469
Algeria,1985,5145.934786034067,7.850391864776611,256.91351318359375
Algeria,1986,4999.123185818682,7.797134876251221,302.0589294433594
Algeria,1987,4816.303203669321,8.000737190246582,259.28375244140625
Algeria,1988,4636.442574567188,7.881418228149414,258.0999755859375
Algeria,1989,4714.334015101664,7.93902587890625,246.3662109375
Algeria,1990,4635.695121621255,8.010440826416016,282.99365234375
Algeria,1991,4472.188152546793,7.807298183441162,274.614013671875
Algeria,1992,4443.15738847494,7.777867317199707,272.7151794433594
Algeria,1993,4246.438414683582,7.852466106414795,231.24261474609375
Algeria,1994,4116.136096277989,7.996328830718994,259.7023620605469
Algeria,1995,4185.070886826104,7.9664154052734375,259.9986572265625
Algeria,1996,4272.197780668259,7.905972003936768,276.6122131347656
Algeria,1997,4239.427092346707,8.023249626159668,268.4946594238281
Algeria,1998,4385.24240083632,7.989096164703369,236.69998168945313
Algeria,1999,4463.16563318343,8.053330421447754,271.3370056152344
Algeria,2000,4568.3742455405,7.992210388183594,217.83840942382813
Algeria,2001,4641.247953032217,8.0486602783203125,222.06988525390625
Algeria,2002,4827.225093771286,8.0148162841796875,231.1938018798828
Algeria,2003,5073.091700296628,8.056099891662598,292.3695373535156
Algeria,2004,5227.864700945275,7.966121673583984,275.60723876953125
Algeria,2005,5430.125670363037,8.0228118896484375,232.7443084716797
Algeria,2006,5502.139396895971,8.053121566772461,266.0275573730469
Algeria,2007,5578.809967227977,7.965924263000488,268.65948486328125
Algeria,2008,5615.2132612038995,7.973238945007324,256.1332092285156
Algeria,2009,5574.760109513626,8.10497760772705,265.4607849121094
Algeria,2010,5729.694906250007,8.117985725402832,266.70684814453125
Algeria,2011,5787.22060600716,7.9977641105651855,279.4412536621094
Algeria,2012,5809.186770615837,8.086413383483887,267.47186279296875
Algeria,2013,5841.064312951778,7.984341144561768,266.5746765136719
Algeria,2014,5957.888637140989,8.022358894348145,242.80767822265625
Algeria,2015,6023.402809027989,8.057049751281738,236.96511840820313
Algeria,2016,6130.977208147447,8.054210662841797,227.8909912109375
Algeria,2017,6097.767726331541,8.024986267089844,242.9033660888672
Algeria,2018,6064.472720596234,7.9243998527526855,275.77288818359375
Algeria,2019,6007.467103839932,8.10569953918457,239.17286682128906
Algeria,2020,5610.224837633794,8.028966903686523,204.78961181640625
American Samoa,2002,16783.85123890022,8.080833435058594,6332.93017578125
American Samoa,2003,16972.969971933577,7.685417175292969,2946.10009765625
American Samoa,2004,17088.42359948289,7.681667327880859,2268.500244140625
American Samoa,2005,17079.094128460194,7.55583381652832,3544.800048828125
American Samoa,2006,16449.733462715667,7.792826175689697,3742.7001953125
American Samoa,2007,16832.288181220414,8.201818466186523,3619.2998046875
American Samoa,2008,16468.641445481833,11.448333740234375,2956.599853515625
American Samoa,2009,15867.715564086384,8.416666984558105,3061.400146484375
American Samoa,2010,16001.747236525822,10.758749961853027,3156.800048828125
American Samoa,2011,16098.81585533928,7.795434474945068,2614.800048828125
American Samoa,2012,15515.7131091246,7.332916736602783,2928.39990234375
American Samoa,2013,15263.115196700513,7.3854169845581055,3059.60009765625
American Samoa,2014,15689.049587821035,7.816739082336426,2964.2001953125
American Samoa,2015,16363.148958452144,7.482082843780518,3598
American Samoa,2016,16283.274278411458,7.672500133514404,2572.800048828125
American Samoa,2017,15338.947924044594,7.626250267028809,3057.2001953125
American Samoa,2018,15958.412428298952,7.319167137145996,3722.099853515625
American Samoa,2019,16101.652693649594,7.8069562911987305,3315
American Samoa,2020,16963.378917926773,7.604166507720947,4491.900390625
Andorra,1970,55290.62176421887,3.790865659713745,2354.669677734375
Andorra,1971,53908.03052601846,3.865239381790161,2837.8359375
Andorra,1972,54453.91598259258,3.7432444095611572,2788.734130859375
Andorra,1973,54946.86886808491,3.7925851345062256,2323.39990234375
Andorra,1974,54465.10233476782,3.851292371749878,2613.94287109375
Andorra,1975,51520.88897043596,3.847513198852539,2425.6474609375
Andorra,1976,50216.17055166424,3.948861837387085,2395.6533203125
Andorra,1977,48883.2355443158,3.8051154613494873,2603.227294921875
Andorra,1978,47116.583559120234,3.729320526123047,2242.438232421875
Andorra,1979,44977.622729678515,3.851961374282837,2778.85302734375
Andorra,1980,44074.759481596426,3.64912748336792,2263.41552734375
Andorra,1981,42373.85485247466,3.888031244277954,2522.145263671875
Andorra,1982,41136.763409206964,4.043210983276367,2934.138427734375
Andorra,1983,40006.21851509043,3.989220142364502,2260.334716796875
Andorra,1984,39074.943390673136,3.782721996307373,2522.19091796875
Andorra,1985,38566.13492143064,3.774522542953491,1983.750732421875
Andorra,1986,38158.63985703863,3.869141101837158,2085.26123046875
Andorra,1987,38653.44646194792,3.8519999980926514,2607.989013671875
Andorra,1988,39173.29938349956,3.9876763820648193,2367.498291015625
Andorra,1989,40087.493106769696,4.214094638824463,2323.601806640625
Andorra,1990,40039.58229690174,4.141416549682617,2366.696044921875
Andorra,1991,38110.00714097917,3.9269521236419678,2310.501953125
Andorra,1992,36206.759022121434,4.004248142242432,2858.17919921875
Andorra,1993,34093.503851181486,3.9319934844970703,2182.735595703125
Andorra,1994,34182.092016519535,4.205529689788818,2424.580078125
Andorra,1995,35509.36873449205,4.091980457305908,2457.48828125
Andorra,1996,37118.64560986727,3.943150043487549,3009.359375
Andorra,1997,40036.42317456899,4.277907371520996,2785.495361328125
Andorra,1998,40884.54192660771,4.049524307250977,2158.633056640625
Andorra,1999,42347.985644692846,4.110544204711914,2518.0458984375
Andorra,2000,43858.86255601017,4.215842247009277,2372.891845703125
Andorra,2001,47299.66406512035,4.118101596832275,2271.536376953125
Andorra,2002,48963.800924969415,4.1891303062438965,2532.96240234375
Andorra,2003,50938.367790106226,4.287551403045654,2699.674560546875
Andorra,2004,51496.346678062924,4.072666168212891,2271.12939453125
Andorra,2005,52105.5627172589,4.017261981964111,2082.77978515625
Andorra,2006,53126.22212602299,4.269413471221924,2174.601318359375
Andorra,2007,52441.1002494138,4.132001876831055,1946.6688232421875
Andorra,2008,48566.07066433226,4.062971591949463,2636.82763671875
Andorra,2009,45775.22847581006,4.200807571411133,2472.322509765625
Andorra,2010,46640.32574967011,3.902259111404419,2464.4951171875
Andorra,2011,48389.11294237252,4.34055757522583,2274.5146484375
Andorra,2012,46549.96165228569,4.184882164001465,2146.865234375
Andorra,2013,45877.80562067247,4.034350872039795,2735.14599609375
Andorra,2014,47956.021500938696,4.346663951873779,2663.822509765625
Andorra,2015,49697.20774038046,4.311273574829102,2255.335693359375
Andorra,2016,51535.81581002531,4.222431659698486,2253.510009765625
Andorra,2017,50605.04958400864,4.208765506744385,2275.072265625
Andorra,2018,50452.161960418576,4.390254020690918,3049.85693359375
Andorra,2019,50586.03819524157,4.317039966583252,2294.9267578125
Andorra,2020,44402.48258597321,4.39986515045166,2677.458984375
Angola,1980,4097.070309421444,7.395129203796387,2329.086181640625
Angola,1981,3776.698353178122,7.427735328674316,2146.14453125
Angola,1982,3640.3135803631385,7.441088676452637,2338.709716796875
Angola,1983,3654.8357217887747,7.6387529373168945,2374.540771484375
Angola,1984,3733.1773758743348,7.554366588592529,2318.61328125
Angola,1985,3724.2841498040675,7.397281169891357,2379.9658203125
Angola,1986,3696.098770296108,7.420121669769287,2595.172607421875
Angola,1987,3715.6604938078794,7.677334308624268,2315.458740234375
Angola,1988,3811.438294780803,7.599524974822998,2506.29443359375
Angola,1989,3685.023986446969,7.528989791870117,2335.767578125
Angola,1990,3439.2134674704284,7.624852180480957,1986.469970703125
Angola,1991,3358.5758556699047,7.347787857055664,2030.440673828125
Angola,1992,3060.6249980135253,7.39259672164917,1958.5311279296875
Angola,1993,2253.4097658692044,7.344818115234375,1895.1802978515625
Angola,1994,2210.7511864271205,7.4522705078125,1820.1356201171875
Angola,1995,2458.8516115929697,7.577994346618652,1774.0726318359375
Angola,1996,2699.055304786151,7.464221477508545,1825.2919921875
Angola,1997,2798.728992119638,7.341076850891113,1755.63037109375
Angola,1998,2833.5824521962377,7.452107906341553,1639.8428955078125
Angola,1999,2801.5403364262784,7.229036331176758,1636.131591796875
Angola,2000,2793.0536776526974,7.1507673263549805,1735.7894287109375
Angola,2001,2814.537418320816,7.43834114074707,1640.31201171875
Angola,2002,3091.9889544414386,7.5183424949646,1614.62841796875
Angola,2003,3089.9656191039076,7.5675458908081055,1429.4200439453125
Angola,2004,3321.2818959059246,7.489253044128418,1475.75
Angola,2005,3655.64727860983,7.540835857391357,1393.250244140625
Angola,2006,3940.6260159717162,7.929812431335449,1465.1429443359375
Angola,2007,4289.435865074166,8.095897674560547,1397.0089111328125
Angola,2008,4575.92239329409,8.120524406433105,1390.6551513671875
Angola,2009,4493.141207376227,7.5370330810546875,1432.9749755859375
Angola,2010,4552.261544495651,7.5235724449157715,1431.8056640625
Angola,2011,4536.03217936898,7.439370155334473,1278.1312255859375
Angola,2012,4734.260767614644,7.452147483825684,1315.3514404296875
Angola,2013,4777.902431242139,7.436025142669678,1264.5089111328125
Angola,2014,4817.139568838624,7.474502086639404,1275.540283203125
Angola,2015,4682.0328611271825,7.447442531585693,1251.3006591796875
Angola,2016,4440.719527488865,7.530655860900879,1313.5286865234375
Angola,2017,4279.838253223107,7.51682710647583,1281.9351806640625
Angola,2018,4109.991821737698,8.164196014404297,1173.19189453125
Angola,2019,3964.9502052091366,8.7263946533203125,1140.813720703125
Angola,2020,3682.3438264928327,8.127755165100098,1196.367919921875
Antigua and Barbuda,1977,7794.322997021013,8.711838722229004,2373.47802734375
Antigua and Barbuda,1978,8113.627427435853,8.715204238891602,2226.42724609375
Antigua and Barbuda,1979,8736.965151486778,8.77550983428955,3047.357666015625
Antigua and Barbuda,1980,9415.065336683825,8.862082481384277,2297.065673828125
Antigua and Barbuda,1981,9751.223126381648,8.864197731018066,2532.887939453125
Antigua and Barbuda,1982,9725.03328462911,8.77808952331543,2459.2099609375
Antigua and Barbuda,1983,10223.154066477122,8.924992561340332,2514.136962890625
Antigua and Barbuda,1984,11271.387479969982,8.752625465393066,2468.13134765625
Antigua and Barbuda,1985,12187.617060344819,8.79547119140625,2426.201171875
Antigua and Barbuda,1986,13655.014798036827,8.809999465942383,2462.108154296875
Antigua and Barbuda,1987,14634.951944450284,8.992137908935547,2756.01806640625
Antigua and Barbuda,1988,15476.063027587234,8.837381362915039,2556.286376953125
Antigua and Barbuda,1989,16365.56621834141,8.8169403076171875,2597.620361328125
Antigua and Barbuda,1990,16927.700994090545,8.883710861206055,2313.928955078125
Antigua and Barbuda,1991,17208.601858554135,8.854621887207031,2346.17578125
Antigua and Barbuda,1992,17133.083922655554,8.83087158203125,2964.724853515625
Antigua and Barbuda,1993,17712.343523586245,8.829103469848633,2125.335693359375
Antigua and Barbuda,1994,18539.8509117979,8.856965065002441,2036.724609375
Antigua and Barbuda,1995,17381.545697148256,8.887083053588867,2107.32177734375
Antigua and Barbuda,1996,18150.807652093168,8.89383602142334,2317.414306640625
Antigua and Barbuda,1997,18755.634620374833,9.050527572631836,2274.179443359375
Antigua and Barbuda,1998,19274.363633596073,9.116996765136719,2463.614013671875
Antigua and Barbuda,1999,19648.739613131183,9.020257949829102,2083.7587890625
Antigua and Barbuda,2000,20520.570784603122,8.956972122192383,1797.0567626953125
Antigua and Barbuda,2001,19289.35272549374,9.000006675720215,2011.1820068359375
Antigua and Barbuda,2002,19243.88063713708,9.012105941772461,2360.250244140625
Antigua and Barbuda,2003,20189.95362095183,9.063631057739258,2146.5458984375
Antigua and Barbuda,2004,21127.816272046002,8.912358283996582,2378.091796875
Antigua and Barbuda,2005,22243.51432444727,9.044747352600098,2704.978271484375
Antigua and Barbuda,2006,24761.400254372275,8.942955017089844,2609.73388671875
Antigua and Barbuda,2007,26703.547543202298,8.898065567016602,2026.5457763671875
Antigua and Barbuda,2008,26310.800057659857,8.8095121383667,2546.059814453125
Antigua and Barbuda,2009,22816.260620111843,8.931689262390137,1887.4027099609375
Antigua and Barbuda,2010,20744.66882154087,9.062074661254883,2143.127197265625
Antigua and Barbuda,2011,20099.9243595229,8.942805290222168,1767.983154296875
Antigua and Barbuda,2012,20556.952687250967,8.9806671142578125,1728.37060546875
Antigua and Barbuda,2013,20246.857652562376,8.976398468017578,1551.59375
Antigua and Barbuda,2014,20528.533096706244,8.976737022399902,1894.0518798828125
Antigua and Barbuda,2015,20670.40472648741,9.062113761901855,1843.7794189453125
Antigua and Barbuda,2016,21388.139934298975,8.96282958984375,1832.37548828125
Antigua and Barbuda,2017,21847.169536369653,8.662405014038086,2097.2587890625
Antigua and Barbuda,2018,23196.120784178947,8.49077033996582,2212.47119140625
Antigua and Barbuda,2019,23817.22317485035,8.674583435058594,1921.3604736328125
Antigua and Barbuda,2020,19221.798025692184,8.502829551696777,1970.9840087890625
Argentina,1961,9861.79383135858,5.708996295928955,1505.3480224609375
Argentina,1962,9617.10182377607,5.695822238922119,1258.6351318359375
Argentina,1963,8958.172320994421,5.6631340980529785,1556.1024169921875
Argentina,1964,9708.066510085904,5.5278239250183105,1353.6270751953125
Argentina,1965,10567.5658823537,5.676015377044678,1436.767578125
Argentina,1966,10338.298026265233,5.610055923461914,1503.967041015625
Argentina,1967,10506.783646134218,5.738022327423096,1403.576416015625
Argentina,1968,10846.242150478942,5.727634429931641,1370.4117431640625
Argentina,1969,11714.883560901599,5.766275405883789,1392.16845703125
Argentina,1970,11884.817932215768,5.733292102813721,1385.1314697265625
Argentina,1971,12361.140438218294,5.622228145599365,1424.003662109375
Argentina,1972,12365.09710512344,5.649816989898682,1519.50830078125
Argentina,1973,12508.891261539065,5.576596260070801,1533.515869140625
Argentina,1974,12985.761749752312,5.5926432609558105,1413.6494140625
Argentina,1975,12774.976061702959,5.6587700843811035,1461.77099609375
Argentina,1976,12322.74786889788,5.505374908447266,1531.63818359375
Argentina,1977,12970.19311915734,5.7424163818359375,1587.0301513671875
Argentina,1978,12189.28531470486,5.7144775390625,1528.370361328125
Argentina,1979,13222.528632275551,5.680936336517334,1499.3895263671875
Argentina,1980,13211.204898047092,5.731515884399414,1515.5218505859375
Argentina,1981,12326.50878630216,5.709836959838867,1517.83447265625
Argentina,1982,12041.105762817479,5.7296223640441895,1528.4931640625
Argentina,1983,12365.112414170726,5.651573657989502,1491.7093505859375
Argentina,1984,12360.930419185166,5.520381927490234,1652.591552734375
Argentina,1985,11536.655790703027,5.7636799812316895,1567.3992919921875
Argentina,1986,12057.54167999328,5.760469913482666,1589.534423828125
Argentina,1987,12193.80913725041,5.751594543457031,1542.896484375
Argentina,1988,11875.413564910925,5.689627170562744,1328.78955078125
Argentina,1989,10857.943641114754,5.846683979034424,1367.3121337890625
Argentina,1990,10433.268586256358,5.752254962921143,1573.6505126953125
Argentina,1991,11223.602774200339,5.787145137786865,1570.6734619140625
Argentina,1992,11947.898177558827,5.675849437713623,1715.8319091796875
Argentina,1993,12754.633996333892,5.7663068771362305,1539.5224609375
Argentina,1994,13319.3213896188,5.90456485748291,1501.7733154296875
Argentina,1995,12771.905806656592,5.750566005706787,1363.3265380859375
Argentina,1996,13309.354011029147,5.767394542694092,1537.19677734375
Argentina,1997,14215.16484029978,5.840121746063232,1621.3768310546875
Argentina,1998,14589.953442599775,5.787413597106934,1557.3682861328125
Argentina,1999,13934.417124560496,5.719089984893799,1591.4713134765625
Argentina,2000,13668.709891063656,5.629934787750244,1678.9215087890625
Argentina,2001,12923.404480230405,5.794909954071045,1675.7928466796875
Argentina,2002,11392.974365750762,5.715188503265381,1732.5302734375
Argentina,2003,12272.328603199667,5.800957679748535,1513.5545654296875
Argentina,2004,13245.465002060571,5.818831920623779,1489.3138427734375
Argentina,2005,14270.529031957802,5.73374605178833,1492.7305908203125
Argentina,2006,15261.16798001826,5.870701313018799,1498.7706298828125
Argentina,2007,16471.776934516027,5.620329856872559,1481.2366943359375
Argentina,2008,16967.341696945212,5.84047794342041,1413.6444091796875
Argentina,2009,15794.845428015888,5.876168727874756,1394.324462890625
Argentina,2010,17211.358239040754,5.751590728759766,1428.63232421875
Argentina,2011,18051.491540465882,5.771714210510254,1435.8133544921875
Argentina,2012,17683.543419677455,5.897003650665283,1557.1612548828125
Argentina,2013,17929.965836067586,5.8696608543396,1405.1104736328125
Argentina,2014,17300.038763408484,5.840468883514404,1666.4693603515625
Argentina,2015,17587.37727638471,5.87895393371582,1592.3916015625
Argentina,2016,17055.446882562443,5.765597343444824,1638.940673828125
Argentina,2017,17382.296798300293,5.89597749710083,1562.8173828125
Argentina,2018,16788.598047745927,5.82535457611084,1509.7730712890625
Argentina,2019,16336.134042488997,5.793708324432373,1474.626953125
Argentina,2020,14647.613309102826,5.893385410308838,1356.05322265625
Armenia,1990,2113.656956880471,3.905148506164551,1202.9791259765625
Armenia,1991,1834.418566029678,3.889676809310913,1285.9808349609375
Armenia,1992,1080.2200546055078,3.5943868160247803,1478.7835693359375
Armenia,1993,1018.9744551609954,3.710035562515259,1370.2626953125
Armenia,1994,1102.319577608562,4.023882865905762,1427.254150390625
Armenia,1995,1198.6971212843323,4.0128173828125,1277.7916259765625
Armenia,1996,1280.170101519414,4.098239421844482,1270.810546875
Armenia,1997,1335.9055448483066,3.916525363922119,1327.430908203125
Armenia,1998,1450.3539814513686,4.228402137756348,1245.9722900390625
Armenia,1999,1517.6642181654026,4.2119669914245605,1375.9267578125
Armenia,2000,1580.3552675387596,4.068799018859863,1185.61572265625
Armenia,2001,1737.084705788057,4.35281229019165,1244.558349609375
Armenia,2002,1973.7542723912443,4.126660346984863,1476.813720703125
Armenia,2003,2262.3112552418156,4.0431132316589355,1546.5782470703125
Armenia,2004,2513.7556177294323,4.17471170425415,1439.9774169921875
Armenia,2005,2880.0023172400247,4.100930213928223,1428.9676513671875
Armenia,2006,3280.2838659853837,4.16560697555542,1336.5015869140625
Armenia,2007,3753.327844910464,4.120513916015625,1561.8109130859375
Armenia,2008,4038.6913998732953,4.098459243774414,1283.02880859375
Armenia,2009,3493.1109541305354,4.177278518676758,1506.5125732421875
Armenia,2010,3594.815917454434,4.586488723754883,1554.11181640625
Armenia,2011,3784.779482174777,3.9128289222717285,1547.515625
Armenia,2012,4062.381874726734,4.234521865844727,1349.8511962890625
Armenia,2013,4199.356600021187,4.2541823387146,1350.5269775390625
Armenia,2014,4362.370445473626,4.369664669036865,1396.800537109375
Armenia,2015,4515.751192833219,4.3328166007995605,1545.7041015625
Armenia,2016,4543.382042586326,4.140658855438232,1651.9071044921875
Armenia,2017,4905.282688697902,4.211058616638184,1232.9979248046875
Armenia,2018,5178.433413026816,4.546688079833984,1556.512451171875
Armenia,2019,5584.2198251817745,4.303691387176514,1239.0343017578125
Armenia,2020,5183.905839446579,4.311121940612793,1593.1429443359375
Aruba,1986,20764.279910043908,9.1274995803833,969.41998291015625
Aruba,1987,24417.382438562763,9.316666603088379,1029.7000732421875
Aruba,1988,28886.90795876184,9.164166450500488,1608.43994140625
Aruba,1989,31794.933332755834,9.148750305175781,1095.4000244140625
Aruba,1990,31837.69106253057,9.171250343322754,1124.97998046875
Aruba,1991,32733.42369523445,9.264583587646484,954.97998046875
Aruba,1992,33097.372101732224,9.330833435058594,1070.9000244140625
Aruba,1993,33260.27563966246,9.282917022705078,906.48004150390625
Aruba,1994,34175.43994348645,9.298749923706055,1201.1800537109375
Aruba,1995,34075.42786371546,9.335833549499512,1094
Aruba,1996,33143.85190709112,9.273750305175781,1399.1199951171875
Aruba,1997,34131.00727987363,9.382499694824219,854.37994384765625
Aruba,1998,33964.734815680196,9.480000495910645,1216.340087890625
Aruba,1999,33921.95089088764,9.304583549499512,1606.3399658203125
Aruba,2000,36133.39877518751,9.297082901000977,1243.8798828125
Aruba,2001,37294.150132696246,9.3462495803833,1038.949951171875
Aruba,2002,36686.9643904689,9.336666107177734,867.49993896484375
Aruba,2003,36674.54972660448,9.413749694824219,1070.3399658203125
Aruba,2004,38518.146890188116,9.31583309173584,1498.93994140625
Aruba,2005,37389.247991644945,9.325416564941406,1419.5
Aruba,2006,37137.522000446894,9.31874942779541,1356.199951171875
Aruba,2007,38000.10689749303,9.303750038146973,1109.3399658203125
Aruba,2008,38403.5815263377,9.19041633605957,1467.239990234375
Aruba,2009,33689.566364813276,9.333333015441895,1039.52001953125
Aruba,2010,32693.38183949771,9.4662504196167,1573.97998046875
Aruba,2011,33546.85076517421,9.27416706085205,1520.9599609375
Aruba,2012,32713.32961612374,9.357916831970215,1059.419921875
Aruba,2013,34301.646155405644,9.412917137145996,1024.780029296875
Aruba,2014,34422.08898647392,9.428750038146973,881.39996337890625
Aruba,2015,35301.99287599542,9.50624942779541,993.27996826171875
Aruba,2016,35467.88140664657,9.524999618530273,1142.239990234375
Aruba,2017,36704.22631171136,9.363749504089355,685.8800048828125
Aruba,2018,37823.161422058336,9.322916030883789,479.20001220703125
Aruba,2019,38183.1106989478,9.43375015258789,229.3000030517578
Aruba,2020,29222.957710434403,9.415416717529297,403.20001220703125
Australia,1961,25776.498372610276,7.466573715209961,1047.8004150390625
Australia,1962,25481.245303419655,7.420065879821777,1181.3406982421875
Australia,1963,26550.639198598426,7.3902387619018555,1230.114501953125
Australia,1964,27851.290323990008,7.371872901916504,1190.533447265625
Australia,1965,28943.30161919931,7.491791725158691,1014.9446411132813
Australia,1966,28963.552975039212,7.292153358459473,1130.7034912109375
Australia,1967,30404.039557453074,7.414419651031494,1140.8299560546875
Australia,1968,31394.403526630034,7.344409465789795,1293.94580078125
Australia,1969,32910.86503175464,7.440744876861572,1141.805908203125
Australia,1970,34583.994364056125,7.3827314376831055,1093.225341796875
Australia,1971,34772.2010931162,7.368999481201172,1265.3419189453125
Australia,1972,35472.6742921294,7.46805477142334,1056.0968017578125
Australia,1973,35849.262037736975,7.543464660644531,1511.429443359375
Australia,1974,36388.61945832248,7.286452293395996,1638.510498046875
Australia,1975,36424.528442446375,7.388970375061035,1399.9202880859375
Australia,1976,36994.33784266512,7.284346580505371,1324.4876708984375
Australia,1977,37893.95844171559,7.423501491546631,1236.6248779296875
Australia,1978,37791.21345070155,7.345382213592529,1295.916748046875
Australia,1979,38899.69760914773,7.511589527130127,1189.2747802734375
Australia,1980,39594.534380400044,7.6015496253967285,1162.1553955078125
Australia,1981,40283.86041436037,7.512458324432373,1331.428466796875
Australia,1982,40909.32214863068,7.466344833374023,1119.82470703125
Australia,1983,39455.09776260368,7.536985397338867,1252.2318115234375
Australia,1984,40763.68240785285,7.30795431137085,1336.3255615234375
Australia,1985,42348.79599653936,7.465091705322266,1116.8223876953125
Australia,1986,43397.633052825186,7.4828057289123535,1125.35009765625
Australia,1987,43835.31654577119,7.4880218505859375,1202.2510986328125
Australia,1988,45608.47085789519,7.628077030181885,1217.3525390625
Australia,1989,46582.33594585851,7.432736396789551,1222.419921875
Australia,1990,47537.89585106668,7.560333728790283,1151.2947998046875
Australia,1991,46755.282913127165,7.6079840660095215,1214.6097412109375
Australia,1992,46434.95815844913,7.4725165367126465,1218.377685546875
Australia,1993,47885.77612820259,7.530636310577393,1278.61669921875
Australia,1994,49313.844283434584,7.500117301940918,1026.8677978515625
Australia,1995,50664.812299394434,7.492928504943848,1291.6934814453125
Australia,1996,51988.439268970105,7.551064491271973,1217.5435791015625
Australia,1997,53443.90027696733,7.529519557952881,1309.5697021484375
Australia,1998,55388.5346564753,7.637051105499268,1347.458251953125
Australia,1999,57540.655608767054,7.5583367347717285,1361.3173828125
Australia,2000,59113.555950386566,7.490340709686279,1471.90087890625
Australia,2001,59544.95596394172,7.50395393371582,1276.7352294921875
Australia,2002,61196.754567473465,7.633636474609375,1011.5818481445313
Australia,2003,62367.03529038246,7.6188740730285645,1211.0299072265625
Australia,2004,64307.00583610365,7.587372779846191,1242.5750732421875
Australia,2005,65533.59185055875,7.71177339553833,1109.0306396484375
Australia,2006,66446.73592984007,7.606711387634277,1190.98779296875
Australia,2007,67717.52718853128,7.6410956382751465,1216.4244384765625
Australia,2008,68779.41916499217,7.516600131988525,1209.769287109375
Australia,2009,68693.60394931569,7.6287078857421875,1240.84228515625
Australia,2010,69127.9292181177,7.505717754364014,1467.052490234375
Australia,2011,69806.60760972285,7.490634441375732,1222.72265625
Australia,2012,71309.821930655,7.510097980499268,967.5855712890625
Australia,2013,71953.55890734782,7.745334625244141,933.64874267578125
Australia,2014,72732.22700245453,7.732303142547607,941.69622802734375
Australia,2015,73244.63412388916,7.663804531097412,905.81005859375
Australia,2016,74096.56305639578,7.662845134735107,947.14447021484375
Australia,2017,74557.82230263269,7.704101085662842,866.6419677734375
Australia,2018,75561.84079030743,7.696712493896484,823.5955810546875
Australia,2019,76087.15393404476,7.803128242492676,721.0872802734375
Australia,2020,75054.08234906904,7.6964945793151855,860.8712158203125
Austria,1961,16051.245383776197,3.816101312637329,2391.5390625
Austria,1962,16375.716440349044,3.39371657371521,2569.156005859375
Austria,1963,16944.19389492262,3.476931571960449,2306.03955078125
Austria,1964,17862.456696977886,3.64823842048645,2504.260498046875
Austria,1965,18364.394013988058,3.4836113452911377,2772.93603515625
Austria,1966,19265.071862575158,3.7432284355163574,2739.380126953125
Austria,1967,19696.8040029943,3.752821445465088,2374.00927734375
Austria,1968,20471.133000912225,3.621579885482788,2380.637939453125
Austria,1969,21680.873771696108,3.563566207885742,2375.353271484375
Austria,1970,23144.21016065562,3.5169119834899902,2628.036865234375
Austria,1971,24219.70831904238,3.6653356552124023,2140.67724609375
Austria,1972,25574.166690198283,3.600074052810669,2532.95947265625
Austria,1973,26676.64509020238,3.579206705093384,2379.760498046875
Austria,1974,27681.1203235663,3.7495334148406982,2589.841796875
Austria,1975,27653.70759094042,3.7365047931671143,2473.17236328125
Austria,1976,28970.95582243782,3.6732544898986816,2385.602294921875
Austria,1977,30430.99008343279,3.753239154815674,2455.1806640625
Austria,1978,30391.481393712733,3.4920594692230225,2352.017822265625
Austria,1979,32074.08994911627,3.623983144760132,2730.6298828125
Austria,1980,32629.41358770189,3.424893379211426,2443.861572265625
Austria,1981,32499.34603714209,3.6853878498077393,2504.635009765625
Austria,1982,33129.22280208289,3.7807302474975586,2401.093994140625
Austria,1983,34169.35712008358,3.853412628173828,2303.852783203125
Austria,1984,34189.029610589394,3.56264066696167,2357.64453125
Austria,1985,35026.854354024035,3.491569757461548,2507.45703125
Austria,1986,35810.19560359335,3.6623387336730957,2354.636474609375
Austria,1987,36273.23762244983,3.579094409942627,2566.676513671875
Austria,1988,37415.75262828206,3.831223487854004,2505.979736328125
Austria,1989,38695.409440172,3.935262680053711,2449.41162109375
Austria,1990,40070.46942009957,3.8975837230682373,2471.533935546875
Austria,1991,41037.76500940817,3.6559245586395264,2506.29052734375
Austria,1992,41438.331371697604,3.985828161239624,2458.503173828125
Austria,1993,41314.532782127724,3.820603132247925,2432.44921875
Austria,1994,42144.443130011256,4.126470565795898,2432.063720703125
Austria,1995,43202.65345286784,3.819113254547119,2595.54638671875
Austria,1996,44100.339226694196,3.598370313644409,2610.092529296875
Austria,1997,44995.64332880913,3.8871946334838867,2458.60205078125
Austria,1998,46516.217668551035,3.9198529720306396,2498.015380859375
Austria,1999,48172.30579459357,3.8986148834228516,2662.119384765625
Austria,2000,49589.38311588186,4.122284412384033,2604.98681640625
Austria,2001,50050.50886895798,3.8748795986175537,2439.0185546875
Austria,2002,50544.16288573406,4.07285213470459,2668.636474609375
Austria,2003,50872.73446407955,3.9389238357543945,2251.76416015625
Austria,2004,51855.03451108655,3.797654867172241,2472.96337890625
Austria,2005,52698.02059630477,3.757026433944702,2497.651123046875
Austria,2006,54152.28766243439,3.9414353370666504,2446.06396484375
Austria,2007,56014.793587665416,4.093700408935547,2562.983642578125
Austria,2008,56651.24000890717,4.013855457305908,2510.57373046875
Austria,2009,54476.686083563654,4.016391754150391,2736.771240234375
Austria,2010,55328.99202100956,3.746034860610962,2639.2646484375
Austria,2011,56757.09047017294,4.140239715576172,2338.834716796875
Austria,2012,56853.85489258812,4.070826530456543,2624.30126953125
Austria,2013,56378.04111757552,3.9720213413238525,2643.18115234375
Austria,2014,56361.92796527537,4.211992263793945,2858.582763671875
Austria,2015,56460.14410472446,4.239011287689209,2686.6640625
Austria,2016,57035.40365812229,4.0747857093811035,3008.274658203125
Austria,2017,57927.612411070055,4.076383113861084,2889.797119140625
Austria,2018,59078.20712232195,4.277472019195557,2715.154296875
Austria,2019,59848.29342828373,4.239039897918701,2746.030517578125
Austria,2020,55834.63130167249,4.24216890335083,2886.65625
Azerbaijan,1990,3685.2354693036655,5.2450079917907715,1185.1380615234375
Azerbaijan,1991,3611.074413394192,5.2239670753479,1192.8585205078125
Azerbaijan,1992,2753.0397220339114,4.96701192855835,1403.4031982421875
Azerbaijan,1993,2085.2386162569373,4.98538064956665,1257.969482421875
Azerbaijan,1994,1652.018646656777,5.24283504486084,1383.5537109375
Azerbaijan,1995,1440.3384030543943,5.397382736206055,1204.779052734375
Azerbaijan,1996,1444.3744313165641,5.335683345794678,1235.30859375
Azerbaijan,1997,1513.4773823364305,5.267985820770264,1242.3839111328125
Azerbaijan,1998,1649.0983767502778,5.509244441986084,1192.462158203125
Azerbaijan,1999,1755.6562548618679,5.513291358947754,1268.2838134765625
Azerbaijan,2000,1934.5756976312114,5.4518232345581055,1197.801513671875
Azerbaijan,2001,2109.6900469748225,5.56809663772583,1198.4085693359375
Azerbaijan,2002,2291.6582199252985,5.430622577667236,1333.7391357421875
Azerbaijan,2003,2506.5346446019553,5.264895439147949,1418.71533203125
Azerbaijan,2004,2714.6155826228464,5.4769768714904785,1356.96630859375
Azerbaijan,2005,3438.3346695920886,5.408833980560303,1308.5428466796875
Azerbaijan,2006,4572.884249642039,5.4690656661987305,1305.5653076171875
Azerbaijan,2007,5672.602492857515,5.446391582489014,1372.08837890625
Azerbaijan,2008,6143.053594924256,5.355917453765869,1195.0770263671875
Azerbaijan,2009,6580.576526884111,5.398396968841553,1386.950927734375
Azerbaijan,2010,6814.151158255788,5.789713382720947,1407.42578125
Azerbaijan,2011,6620.13982624721,5.227180480957031,1425.544921875
Azerbaijan,2012,6676.668269919897,5.498597145080566,1309.007568359375
Azerbaijan,2013,6975.9968732990865,5.597676753997803,1339.67626953125
Azerbaijan,2014,7082.201637046523,5.614253997802734,1336.4688720703125
Azerbaijan,2015,7071.789047077456,5.600724697113037,1461.5782470703125
Azerbaijan,2016,6778.9338960167925,5.493290901184082,1551.295166015625
Azerbaijan,2017,6723.051858277117,5.52605676651001,1223.9306640625
Azerbaijan,2018,6765.0631588419665,5.747361183166504,1391.71728515625
Azerbaijan,2019,6874.375040514864,5.5984344482421875,1229.56689453125
Azerbaijan,2020,6540.806206449223,5.6146345138549805,1398.5562744140625
"Bahamas, The",1961,25432.694212583596,8.281776428222656,2422.119384765625
"Bahamas, The",1962,26714.491885107334,8.225804328918457,2646.213134765625
"Bahamas, The",1963,28084.69044320412,8.161961555480957,2902.927001953125
"Bahamas, The",1964,29621.65137793047,8.301156044006348,2767.922119140625
"Bahamas, The",1965,31289.63876669795,8.265199661254883,2677.3974609375
"Bahamas, The",1966,32602.872623496092,8.146464347839355,3132.66015625
"Bahamas, The",1967,34104.152033554215,8.286578178405762,2643.702880859375
"Bahamas, The",1968,35275.867443760595,8.084497451782227,3181.789306640625
"Bahamas, The",1969,36739.54015667996,8.170294761657715,3296.28076171875
"Bahamas, The",1970,33351.963433698395,8.134490013122559,2781.56298828125
"Bahamas, The",1971,32851.09043140514,8.247961044311523,2593.0400390625
"Bahamas, The",1972,30861.658613893323,8.365946769714355,2802.31591796875
"Bahamas, The",1973,32414.124503113093,8.266892433166504,2843.7685546875
"Bahamas, The",1974,26385.354313672713,8.326809883117676,2350.740478515625
"Bahamas, The",1975,21992.819294735335,8.409808158874512,2546.96337890625
"Bahamas, The",1976,22635.475939111933,8.165874481201172,2650.330810546875
"Bahamas, The",1977,24182.820774218344,8.193907737731934,2709.704345703125
"Bahamas, The",1978,27043.700853749328,8.237083435058594,2901.189697265625
"Bahamas, The",1979,33444.76812509089,8.262385368347168,2968.5146484375
"Bahamas, The",1980,34959.06159493603,8.268548011779785,2938.82666015625
"Bahamas, The",1981,31185.332933056387,8.198978424072266,2605.2978515625
"Bahamas, The",1982,32721.248219960464,8.433753967285156,2784.82666015625
"Bahamas, The",1983,33332.48805547027,8.289847373962402,2921.177734375
"Bahamas, The",1984,37419.17344269481,8.232359886169434,2713.392333984375
"Bahamas, The",1985,38561.32226503532,8.314245223999023,2709.041259765625
"Bahamas, The",1986,38586.354119150456,8.360705375671387,2532.58251953125
"Bahamas, The",1987,39070.602179314985,8.322577476501465,2919.905029296875
"Bahamas, The",1988,39295.97031355157,8.307618141174316,2849.05078125
"Bahamas, The",1989,41208.01285717963,8.413592338562012,2579.94482421875
"Bahamas, The",1990,39849.717733142825,8.535197257995605,2545.8310546875
"Bahamas, The",1991,37532.32619038813,8.483651161193848,3063.7021484375
"Bahamas, The",1992,35440.53364882725,8.327442169189453,2523.894775390625
"Bahamas, The",1993,34889.24158807749,8.373941421508789,2786.481689453125
"Bahamas, The",1994,35360.3815254768,8.50610065460205,3030.2685546875
"Bahamas, The",1995,36302.43755082596,8.383539199829102,3274.9482421875
"Bahamas, The",1996,37241.835707097314,8.28366470336914,2858.151123046875
"Bahamas, The",1997,37158.94116543155,8.54470157623291,2918.437255859375
"Bahamas, The",1998,38360.863309166896,8.539328575134277,2641.837646484375
"Bahamas, The",1999,40555.380359116745,8.40618896484375,2695.255859375
"Bahamas, The",2000,41687.24270757978,8.371519088745117,2641.48193359375
"Bahamas, The",2001,42259.83115963884,8.445760726928711,2833.290771484375
"Bahamas, The",2002,42908.46164318414,8.509068489074707,2722.59912109375
"Bahamas, The",2003,41860.27273881127,8.506067276000977,2620.93798828125
"Bahamas, The",2004,41712.11612684427,8.393913269042969,2317.701416015625
"Bahamas, The",2005,42612.997456864796,8.443036079406738,2650.366455078125
"Bahamas, The",2006,43123.48613814305,8.441246032714844,2429.460693359375
"Bahamas, The",2007,43133.1096429526,8.549665451049805,2912.53759765625
"Bahamas, The",2008,41567.80140092696,8.486438751220703,2729.19775390625
"Bahamas, The",2009,39317.26225234136,8.4771146774292,2479.180419921875
"Bahamas, The",2010,39415.098162977345,8.34459400177002,2724.143798828125
"Bahamas, The",2011,39203.274979016154,8.58551025390625,2659.275634765625
"Bahamas, The",2012,40567.128596152026,8.514589309692383,2729.9150390625
"Bahamas, The",2013,39043.324821188544,8.574105262756348,2631.12353515625
"Bahamas, The",2014,39416.51567024369,8.534859657287598,2672.381103515625
"Bahamas, The",2015,39494.77515767447,8.766955375671387,2366.2431640625
"Bahamas, The",2016,38765.491699678496,8.589058876037598,2686.110107421875
"Bahamas, The",2017,39823.0590854337,8.698002815246582,2729.764892578125
"Bahamas, The",2018,40546.23714652318,8.66109848022461,2611.802734375
"Bahamas, The",2019,40006.75729759488,8.767303466796875,2776.39697265625
"Bahamas, The",2020,31873.711051941344,8.78098201751709,2963.560791015625
Bahrain,1970,22400.765247674422,8.933655738830566,146.80368041992188
Bahrain,1971,22176.401465422816,8.687553405761719,189.54812622070313
Bahrain,1972,23474.021108407578,8.629328727722168,306.8809814453125
Bahrain,1973,25359.23698815533,8.751375198364258,159.47726440429688
Bahrain,1974,26105.134177108823,8.781614303588867,268.0552978515625
Bahrain,1975,22605.25079546873,8.708456039428711,276.9267578125
Bahrain,1976,28046.81695548416,8.626986503601074,472.617431640625
Bahrain,1977,30181.98048775978,8.838154792785645,321.6404113769531
Bahrain,1978,29892.997680580465,8.854493141174316,196.35116577148438
Bahrain,1979,29542.22623340582,8.941997528076172,321.4568176269531
Bahrain,1980,28994.233709321983,8.8358917236328125,286.1499328613281
Bahrain,1981,26383.618299629223,8.876381874084473,223.6574249267578
Bahrain,1982,23541.746888293605,8.640494346618652,490.8955993652344
Bahrain,1983,24185.15293117429,8.639063835144043,297.32037353515625
Bahrain,1984,24511.558177037405,8.816228866577148,233.68569946289063
Bahrain,1985,22520.475089294374,8.7593536376953125,241.536376953125
Bahrain,1986,21973.624113058624,8.884000778198242,306.4869079589844
Bahrain,1987,23390.31708756159,8.960620880126953,207.5068359375
Bahrain,1988,24137.199562764603,8.91355037689209,329.4838562011719
Bahrain,1989,23377.594928308845,8.83546257019043,313.6426696777344
Bahrain,1990,23586.548532411452,8.875432968139648,266.5987243652344
Bahrain,1991,26847.84625943176,8.85789966583252,280.8903503417969
Bahrain,1992,27900.438606803953,8.559854507446289,257.9091491699219
Bahrain,1993,30673.574579927263,8.738092422485352,328.67474365234375
Bahrain,1994,29802.074554253966,8.904363632202148,217.8284454345703
Bahrain,1995,30168.977653627608,8.760046005249023,313.6213684082031
Bahrain,1996,30592.5986047122,8.979972839355469,309.4078369140625
Bahrain,1997,30718.496180531525,8.775599479675293,330.1000671386719
Bahrain,1998,31352.91653867248,9.059565544128418,271.5697937011719
Bahrain,1999,31850.795302609633,9.131427764892578,285.2337951660156
Bahrain,2000,32666.06320156449,8.974712371826172,281.4499206542969
Bahrain,2001,32278.2015347416,9.098278999328613,176.67257690429688
Bahrain,2002,31047.474015018004,9.09774112701416,297.34033203125
Bahrain,2003,30672.86390885462,9.095674514770508,254.99411010742188
Bahrain,2004,30454.907860982854,9.152088165283203,279.3369140625
Bahrain,2005,30135.495821995184,8.994730949401855,276.78558349609375
Bahrain,2006,29692.389420644646,9.199446678161621,267.83624267578125
Bahrain,2007,29714.850802477522,9.137887001037598,205.72364807128906
Bahrain,2008,29733.7834601444,9.108870506286621,182.5506591796875
Bahrain,2009,28550.617424954875,9.222895622253418,351.2718505859375
Bahrain,2010,28572.649068170773,9.419316291809082,179.17730712890625
Bahrain,2011,29940.556669675134,9.164045333862305,261.5184631347656
Bahrain,2012,30720.74207681852,9.220086097717285,228.2843017578125
Bahrain,2013,31205.111976012144,9.257512092590332,129.3144073486328
Bahrain,2014,31030.096400716273,9.118618965148926,203.90350341796875
Bahrain,2015,30513.97504543362,9.154223442077637,117.2804183959961
Bahrain,2016,30489.835477792494,9.36551284790039,75.30194091796875
Bahrain,2017,30350.479499805937,9.188416481018066,186.463134765625
Bahrain,2018,30932.752152707006,9.353875160217285,108.10637664794922
Bahrain,2019,31979.12700180051,9.0817718505859375,288.5052490234375
Bahrain,2020,30324.82309446147,9.282604217529297,170.80409240722656
Bangladesh,1961,569.2330677630944,8.4056243896484375,6281.638671875
Bangladesh,1962,583.0926055927727,8.376401901245117,4931.54736328125
Bangladesh,1963,563.7596278391143,8.374422073364258,5372.32373046875
Bangladesh,1964,607.5092533825995,8.45931339263916,5925.01318359375
Bangladesh,1965,599.5009135223677,8.395246505737305,5627.67236328125
Bangladesh,1966,597.2679483204939,8.51243782043457,5418.26220703125
Bangladesh,1967,569.0745614827354,8.36484146118164,5166.30224609375
Bangladesh,1968,605.0025784058627,8.348572731018066,5948.20166015625
Bangladesh,1969,595.2271599226374,8.4501953125,5256.8916015625
Bangladesh,1970,612.6125349889725,8.38575267791748,5899.75830078125
Bangladesh,1971,569.0099587626096,8.313055992126465,5697.83544921875
Bangladesh,1972,480.17318086422205,8.464357376098633,4459.8623046875
Bangladesh,1973,482.13883882741607,8.462306022644043,5976.92919921875
Bangladesh,1974,513.6355172672019,8.3845977783203125,5946.98388671875
Bangladesh,1975,479.8867144104744,8.39218807220459,5101.5703125
Bangladesh,1976,494.3493566029896,8.423768043518066,6081.06982421875
Bangladesh,1977,495.0898572037885,8.360381126403809,5524.57275390625
Bangladesh,1978,517.3319086759584,8.367124557495117,5500.66064453125
Bangladesh,1979,529.26757206361,8.5843658447265625,5400.650390625
Bangladesh,1980,520.9846988174176,8.443028450012207,4997.9599609375
Bangladesh,1981,544.5256251303248,8.378847122192383,5756.03271484375
Bangladesh,1982,541.0991835062077,8.4280424118042,5025.12841796875
Bangladesh,1983,547.2376628545676,8.440916061401367,5891.6201171875
Bangladesh,1984,558.9831894784069,8.49644660949707,6505.35400390625
Bangladesh,1985,563.6117365913422,8.476553916931152,5564.48779296875
Bangladesh,1986,573.5084731499817,8.45988941192627,5432.79052734375
Bangladesh,1987,581.9674918728715,8.56188678741455,5976.056640625
Bangladesh,1988,583.483904550141,8.578495979309082,6137.13427734375
Bangladesh,1989,587.8745664669633,8.519465446472168,4872.5859375
Bangladesh,1990,608.6900609462961,8.536908149719238,6184.298828125
Bangladesh,1991,617.9835182047225,8.49334716796875,5890.33935546875
Bangladesh,1992,639.4512657271242,8.4125823974609375,4454.47412109375
Bangladesh,1993,657.2221187971151,8.432548522949219,5760.34326171875
Bangladesh,1994,670.2454069556491,8.489697456359863,4534.6015625
Bangladesh,1995,691.5987140412786,8.613334655761719,5307.189453125
Bangladesh,1996,709.7846107316171,8.579629898071289,5007.609375
Bangladesh,1997,728.0333418608103,8.441558837890625,5267.58447265625
Bangladesh,1998,751.4028659124331,8.673848152160645,5956.08984375
Bangladesh,1999,771.6959466998223,8.636338233947754,5730.548828125
Bangladesh,2000,797.8310781989252,8.45241928100586,5776.4384765625
Bangladesh,2001,824.480860742924,8.712679862976074,5144.81884765625
Bangladesh,2002,842.9728169978981,8.642210960388184,5367.29296875
Bangladesh,2003,870.1698578509645,8.66528034210205,5206.4873046875
Bangladesh,2004,903.3786448313898,8.674615859985352,5350.83544921875
Bangladesh,2005,950.3662019279471,8.668146133422852,4838.51611328125
Bangladesh,2006,1002.0701986214633,8.794530868530273,5144.50146484375
Bangladesh,2007,1061.3246412223507,8.733538627624512,5683.2490234375
Bangladesh,2008,1113.9724110456937,8.6980133056640625,5247.83984375
Bangladesh,2009,1159.319601335185,8.817207336425781,4859.8291015625
Bangladesh,2010,1213.2333301404442,8.804903030395508,5198.771484375
Bangladesh,2011,1279.9794016209162,8.664870262145996,4839.0244140625
Bangladesh,2012,1350.4484141658838,8.565754890441895,4970.0517578125
Bangladesh,2013,1418.2870882444251,8.520851135253906,4796.68701171875
Bangladesh,2014,1490.6063212868353,8.615033149719238,4611.564453125
Bangladesh,2015,1574.1472839555752,8.593523979187012,5867.28466796875
Bangladesh,2016,1671.1433368676526,8.666154861450195,5368.01611328125
Bangladesh,2017,1766.1829808844698,8.613938331604004,6167.328125
Bangladesh,2018,1879.9600460316633,8.530919075012207,4775.60107421875
Bangladesh,2019,2011.0429673421738,8.60976505279541,5168.31298828125
Bangladesh,2020,2063.0581545942305,8.56176471710205,5692.24072265625
Barbados,1961,11258.143160115227,8.488567352294922,2944.03076171875
Barbados,1962,12169.853340857906,8.49971866607666,3079.3076171875
Barbados,1963,11438.368849129653,8.512293815612793,3334.29443359375
Barbados,1964,11890.665471835693,8.417624473571777,2851.34423828125
Barbados,1965,13115.937230618723,8.411521911621094,3010.55419921875
Barbados,1966,13497.421963603038,8.494555473327637,4041.823974609375
Barbados,1967,14806.414123501983,8.41695785522461,3263.322998046875
Barbados,1968,15738.990495683682,8.443799018859863,2997.294921875
Barbados,1969,16860.98404100738,8.62251091003418,3416.625732421875
Barbados,1970,18468.58318451953,8.526446342468262,3684.82421875
Barbados,1971,19208.07521633373,8.434081077575684,3331.615478515625
Barbados,1972,19414.56819215741,8.498165130615234,3132.000732421875
Barbados,1973,19622.670183396804,8.53050422668457,2941.362548828125
Barbados,1974,18676.104159909795,8.47430419921875,2928.845703125
Barbados,1975,18292.227183022824,8.419365882873535,3188.9658203125
Barbados,1976,19069.535895978137,8.404842376708984,3095.29248046875
Barbados,1977,19749.63526012064,8.550347328186035,2979.7177734375
Barbados,1978,20718.988516837537,8.578545570373535,2986.51611328125
Barbados,1979,22379.428314751844,8.643416404724121,3150.513916015625
Barbados,1980,23334.414321198237,8.7130584716796875,3216.46826171875
Barbados,1981,22823.42596864385,8.7063140869140625,3348.812744140625
Barbados,1982,21634.113739591376,8.589134216308594,3257.697509765625
Barbados,1983,21665.769245171137,8.749135971069336,3021.446533203125
Barbados,1984,22364.10717436723,8.559714317321777,3405.603759765625
Barbados,1985,22530.175480794147,8.555330276489258,3138.224853515625
Barbados,1986,23606.51547614956,8.617521286010742,3158.85302734375
Barbados,1987,24155.931340810428,8.727325439453125,3282.444091796875
Barbados,1988,24955.74168204265,8.63025951385498,3536.006103515625
Barbados,1989,25819.49040732061,8.606632232666016,3238.916015625
Barbados,1990,24919.819628009154,8.716676712036133,3369.833984375
Barbados,1991,23874.936644395933,8.649433135986328,3235.736328125
Barbados,1992,22438.510405316803,8.640850067138672,3570.113037109375
Barbados,1993,22550.61355197013,8.664366722106934,3267.815185546875
Barbados,1994,22951.915293251423,8.672189712524414,3535.911376953125
Barbados,1995,23376.727227533098,8.724693298339844,3524.52587890625
Barbados,1996,24283.59270383525,8.657820701599121,3696.794189453125
Barbados,1997,25424.19123661474,8.732954025268555,2866.99609375
Barbados,1998,26367.701583793838,8.867911338806152,3709.14892578125
Barbados,1999,26447.779674944173,8.761717796325684,3425.880615234375
Barbados,2000,27671.818559388077,8.721405029296875,3256.97705078125
Barbados,2001,26979.98274400856,8.82290267944336,3284.602783203125
Barbados,2002,27015.051347363195,8.795154571533203,3137.963134765625
Barbados,2003,27433.679033944718,8.8112211227417,3612.939208984375
Barbados,2004,27662.519453671583,8.739184379577637,4010.6982421875
Barbados,2005,28606.01555312829,8.866576194763184,3939.555908203125
Barbados,2006,30196.913753535442,8.756319999694824,3165.56201171875
Barbados,2007,30678.642953528786,8.723347663879395,3239.24560546875
Barbados,2008,30711.54768829981,8.685493469238281,3447.732666015625
Barbados,2009,29020.72672174246,8.78886890411377,3184.649169921875
Barbados,2010,28261.66063340379,8.89942455291748,4214.5126953125
Barbados,2011,28082.54174771696,8.740553855895996,4082.69677734375
Barbados,2012,27045.573983442584,8.759281158447266,3802.675537109375
Barbados,2013,26496.991340368986,8.72022533416748,3155.566650390625
Barbados,2014,26630.90512485499,8.72671127319336,3327.455322265625
Barbados,2015,26258.631035042916,8.791810035705566,2854.686279296875
Barbados,2016,26593.63784527838,8.782414436340332,3572.835205078125
Barbados,2017,26727.249599519168,8.585003852844238,3475.741455078125
Barbados,2018,26335.444645715816,8.396634101867676,3283.171630859375
Barbados,2019,26348.856753219996,8.504280090332031,2589.8505859375
Barbados,2020,22524.590440273936,8.48951244354248,3195.75146484375
Belarus,1990,3714.037332667483,4.030907154083252,1573.3778076171875
Belarus,1991,3667.776502107603,3.960484027862549,1376.5230712890625
Belarus,1992,3308.393694480984,4.016462326049805,1400.5587158203125
Belarus,1993,3050.2142552990185,3.69002366065979,1477.2799072265625
Belarus,1994,2696.5243712461483,3.879473924636841,1434.9471435546875
Belarus,1995,2423.93669496054,3.8538355827331543,1445.364990234375
Belarus,1996,2500.210371128311,3.599407196044922,1444.631103515625
Belarus,1997,2796.834134385871,3.769848108291626,1545.797607421875
Belarus,1998,3045.45491379395,3.750119686126709,1706.15380859375
Belarus,1999,3163.2037337443203,4.055370330810547,1516.9715576171875
Belarus,2000,3362.474063828617,4.087547779083252,1520.61669921875
Belarus,2001,3539.47107340294,3.8774704933166504,1575.685546875
Belarus,2002,3741.7901605295147,4.082773208618164,1413.16748046875
Belarus,2003,4033.459628490176,3.8288168907165527,1490.6434326171875
Belarus,2004,4526.050662300864,3.8530492782592773,1594.012939453125
Belarus,2005,4985.434266280673,3.7879412174224854,1509.2127685546875
Belarus,2006,5517.658624602689,3.892533302307129,1442.2177734375
Belarus,2007,6019.735766329928,4.123786449432373,1480.274658203125
Belarus,2008,6656.702370272654,4.1307692527771,1545.0438232421875
Belarus,2009,6686.4382403539785,3.9534366130828857,1724.0159912109375
Belarus,2010,7220.3993343628035,3.8947055339813232,1601.1260986328125
Belarus,2011,7639.005608484711,4.003219127655029,1398.8228759765625
Belarus,2012,7781.646448397061,3.842294454574585,1634.2454833984375
Belarus,2013,7862.38025587194,4.033486366271973,1571.8616943359375
Belarus,2014,7987.711473765332,4.072742462158203,1448.576904296875
Belarus,2015,7671.617660532974,4.2750630378723145,1378.487060546875
Belarus,2016,7471.241618971954,4.056637287139893,1648.571044921875
Belarus,2017,7668.841578912849,4.061127185821533,1729.5416259765625
Belarus,2018,7927.2808888699665,4.140247344970703,1465.13916015625
Belarus,2019,8058.18942984313,4.313148021697998,1458.52685546875
Belarus,2020,8037.945268807444,4.408202171325684,1532.26806640625
Belgium,1961,15760.031342882654,4.590058326721191,2140.0283203125
Belgium,1962,16515.572685455303,4.1468000411987305,1969.017333984375
Belgium,1963,17105.897642521228,4.094717979431152,1849.7945556640625
Belgium,1964,18123.551331421713,4.415563106536865,1926.2349853515625
Belgium,1965,18599.193906744564,4.269392490386963,2306.495361328125
Belgium,1966,19057.006081401225,4.476728916168213,2300.5185546875
Belgium,1967,19684.281870684124,4.500919818878174,1963.021728515625
Belgium,1968,20429.340672284987,4.331784725189209,2005.470703125
Belgium,1969,21722.16729714915,4.4012861251831055,1957.801513671875
Belgium,1970,23079.334752003488,4.368897438049316,2053.37939453125
Belgium,1971,23955.539077798625,4.505616664886475,1726.0914306640625
Belgium,1972,25125.548727435948,4.341018199920654,1855.1143798828125
Belgium,1973,26645.01340772719,4.427425384521484,1834.502197265625
Belgium,1974,27773.90348183004,4.540238857269287,2219.612060546875
Belgium,1975,27149.31561872595,4.525906562805176,1891.4178466796875
Belgium,1976,28632.79227356543,4.546390533447266,1668.7044677734375
Belgium,1977,28776.522716152573,4.4835028648376465,2091.3603515625
Belgium,1978,29566.72318566258,4.286243915557861,1887.7047119140625
Belgium,1979,30231.716518905043,4.309571266174316,2017.450927734375
Belgium,1980,31540.45003354324,4.303450584411621,2034.5069580078125
Belgium,1981,31453.192192126084,4.420665740966797,2261.02734375
Belgium,1982,31648.934549054335,4.618996620178223,1978.8797607421875
Belgium,1983,31750.15182033168,4.607308387756348,1971.49462890625
Belgium,1984,32533.72055088905,4.401244640350342,2140.507568359375
Belgium,1985,33061.26102629909,4.21140718460083,1883.9107666015625
Belgium,1986,33651.89048918269,4.338418483734131,2076.859619140625
Belgium,1987,34398.78687563181,4.261893272399902,2119.001220703125
Belgium,1988,35909.16704114479,4.628053188323975,2190.78515625
Belgium,1989,37020.196352691375,4.756555557250977,1850.5711669921875
Belgium,1990,38067.967078109665,4.752236843109131,1841.35791015625
Belgium,1991,38621.99755923578,4.4895477294921875,1959.366943359375
Belgium,1992,39054.39618439684,4.6967034339904785,2095.68798828125
Belgium,1993,38527.94312778288,4.517149925231934,2181.6943359375
Belgium,1994,39648.84378141256,4.822299957275391,2164.5478515625
Belgium,1995,40509.441856454294,4.71975564956665,2168.68603515625
Belgium,1996,40964.62630881175,4.248934745788574,1788.272705078125
Belgium,1997,42415.92234161358,4.636936187744141,2007.6519775390625
Belgium,1998,43155.80362472293,4.663395404815674,2300.403076171875
Belgium,1999,44582.396867296025,4.76063346862793,2227.281982421875
Belgium,2000,46127.39012581983,4.819156169891357,2328.198974609375
Belgium,2001,46474.4838366411,4.682910442352295,2405.5009765625
Belgium,2002,47056.34171679194,4.831704139709473,2252.23046875
Belgium,2003,47346.13938649548,4.770679950714111,1872.357666015625
Belgium,2004,48825.200246650886,4.643723011016846,2101.891845703125
Belgium,2005,49684.74664073396,4.71278190612793,2030.863037109375
Belgium,2006,50617.91272809077,4.797340393066406,2135.0888671875
Belgium,2007,52095.13653887464,4.818229675292969,2202.476318359375
Belgium,2008,51916.202176373845,4.716182708740234,2158.6435546875
Belgium,2009,50518.34040890986,4.72148323059082,2055.09765625
Belgium,2010,51415.63879348901,4.38828182220459,2133.26904296875
Belgium,2011,51731.13385669187,4.852137565612793,1986.1544189453125
Belgium,2012,51522.25641091219,4.658830642700195,2224.553466796875
Belgium,2013,51436.640300477724,4.5369110107421875,2089.10498046875
Belgium,2014,52112.91619410537,4.983767509460449,2181.266845703125
Belgium,2015,52575.6144564813,4.916927337646484,2080.607421875
Belgium,2016,52934.41927816896,4.775356292724609,2167.77197265625
Belgium,2017,53508.39328054363,4.831674098968506,2129.76904296875
Belgium,2018,54265.69188514912,5.030265808105469,2063.787353515625
Belgium,2019,55291.70380599306,4.939454555511475,2053.512939453125
Belgium,2020,52415.186029670025,5.070703506469727,2073.016845703125
Belize,1961,2047.195965003454,8.311441421508789,5713.9912109375
Belize,1962,2093.4740822663543,8.344615936279297,4423.12841796875
Belize,1963,2137.9773426478278,8.307212829589844,5004.751953125
Belize,1964,2180.821509021091,8.326526641845703,4705.3046875
Belize,1965,2221.1894178974685,8.295656204223633,4730.54638671875
Belize,1966,2257.477439694135,8.208985328674316,5005.0166015625
Belize,1967,2296.745819304207,8.259812355041504,4347.5322265625
Belize,1968,2391.982077693006,8.212186813354492,4603.6181640625
Belize,1969,2443.2641068070557,8.3849029541015625,4780.75927734375
Belize,1970,2503.5484205842586,8.265377044677734,4412.580078125
Belize,1971,2558.825473764455,8.341642379760742,4357.56591796875
Belize,1972,2777.97016886679,8.422707557678223,5150.01123046875
Belize,1973,2885.6996410052043,8.373446464538574,4608.65673828125
Belize,1974,3232.517656789611,8.33326244354248,4310.40283203125
Belize,1975,3292.103605677305,8.484307289123535,4800.74609375
Belize,1976,3223.9271430933186,8.29898452758789,5002.90087890625
Belize,1977,3362.9299453917747,8.3675079345703125,4926.51220703125
Belize,1978,3555.361388242061,8.311902046203613,4930.7099609375
Belize,1979,3742.6199060393014,8.367047309875488,5472.1943359375
Belize,1980,4097.924849207958,8.428034782409668,5058.009765625
Belize,1981,4040.6361928047945,8.336313247680664,4827.81640625
Belize,1982,3936.7837333392104,8.407125473022461,5356.58251953125
Belize,1983,3759.8424231177382,8.477282524108887,5217.8359375
Belize,1984,3744.3781815936973,8.350907325744629,5398.22509765625
Belize,1985,3695.428527007289,8.451910972595215,4570.1513671875
Belize,1986,3776.821501745012,8.457569122314453,4727.2880859375
Belize,1987,4089.601024146754,8.46946907043457,4287.29248046875
Belize,1988,4391.439339189843,8.488893508911133,5360.73388671875
Belize,1989,4853.990952883922,8.48019790649414,5089.83251953125
Belize,1990,5287.407733214657,8.450146675109863,5584.5634765625
Belize,1991,5784.939084815351,8.542821884155273,4854.9892578125
Belize,1992,6387.075574443245,8.48167896270752,5394.01953125
Belize,1993,6642.795782692071,8.48861026763916,5389.6884765625
Belize,1994,6501.531523168031,8.527058601379395,4694.6689453125
Belize,1995,6387.119844150254,8.54184341430664,5559.95556640625
Belize,1996,6268.4470770014395,8.377972602844238,4850.314453125
Belize,1997,6319.46676510714,8.599259376525879,4857.16455078125
Belize,1998,6340.184760230029,8.663980484008789,5482.68017578125
Belize,1999,6702.884554721385,8.400809288024902,5233.46435546875
Belize,2000,7281.535403738122,8.473464012145996,4817.12158203125
Belize,2001,7411.829840393045,8.526703834533691,5366.88818359375
Belize,2002,7579.173927176776,8.54780387878418,5043.24462890625
Belize,2003,8066.853757872723,8.606290817260742,4846.9501953125
Belize,2004,8206.476714641973,8.5600738525390625,4675.66748046875
Belize,2005,8147.399986048498,8.557344436645508,5047.55419921875
Belize,2006,8273.991137308241,8.505934715270996,5822.5556640625
Belize,2007,8312.871082709202,8.5135498046875,5106.0068359375
Belize,2008,7955.624145513492,8.459067344665527,5177.9150390625
Belize,2009,7710.99558900921,8.576058387756348,4699.2919921875
Belize,2010,7633.945232029395,8.532296180725098,5073.15283203125
Belize,2011,7459.724469552699,8.511667251586914,5597.99560546875
Belize,2012,7588.932098101281,8.628716468811035,5077.33837890625
Belize,2013,7730.787492228068,8.579559326171875,6162.71533203125
Belize,2014,7863.746795808674,8.572291374206543,5095.31298828125
Belize,2015,7912.765046548996,8.69834041595459,4658.646484375
Belize,2016,7729.674328550783,8.652112007141113,4747.15625
Belize,2017,7415.209414995167,8.636327743530273,5177.56396484375
Belize,2018,7338.058606706481,8.546990394592285,5741.60986328125
Belize,2019,7539.310389815098,8.691153526306152,4627.16455078125
Belize,2020,6436.64739811854,8.692667007446289,4772.6953125
Benin,1961,855.5197361069787,8.889923095703125,2411.662353515625
Benin,1962,811.793680053329,8.89671802520752,2798.77880859375
Benin,1963,834.7291306891929,9.004279136657715,2948.5673828125
Benin,1964,873.4228334329285,8.885117530822754,2572.903564453125
Benin,1965,901.676155627327,8.882336616516113,2507.26708984375
Benin,1966,915.209067589913,8.930593490600586,2518.607421875
Benin,1967,906.1842484482539,8.86192512512207,2515.3115234375
Benin,1968,921.3570850629552,8.920348167419434,2967.389404296875
Benin,1969,927.6469821882886,9.042797088623047,2535.802978515625
Benin,1970,926.4546614959196,8.994629859924316,2388.837158203125
Benin,1971,892.2932648148203,8.819730758666992,2366.17138671875
Benin,1972,928.0890172123108,8.89034652709961,2362.222900390625
Benin,1973,940.2215583485519,8.982304573059082,2306.607666015625
Benin,1974,948.7521918769492,8.768613815307617,2533.806640625
Benin,1975,880.6300555103816,8.745171546936035,2514.439697265625
Benin,1976,866.5887932746879,8.7521333694458,2478.859619140625
Benin,1977,886.9252930916992,8.862458229064941,2266.48779296875
Benin,1978,875.0873173076595,8.848424911499023,2677.942626953125
Benin,1979,907.8117044587893,8.908978462219238,2647.715087890625
Benin,1980,943.0211102189227,8.968964576721191,2397.966796875
Benin,1981,1007.8629076172533,9.02316665649414,2366.83447265625
Benin,1982,1001.0663466985839,8.98455810546875,2379.886474609375
Benin,1983,930.1553396229298,9.129889488220215,2109.885009765625
Benin,1984,974.9962058050195,9.071880340576172,2334.0908203125
Benin,1985,1017.893606215666,9.023387908935547,2361.0771484375
Benin,1986,1009.4286851980088,8.981697082519531,2322.345458984375
Benin,1987,964.7657745739375,9.128838539123535,2370.4267578125
Benin,1988,967.7230473063067,8.976484298706055,2627.9609375
Benin,1989,911.7772975646515,8.883783340454102,2571.194091796875
Benin,1990,963.5518858254351,9.059488296508789,2269.22802734375
Benin,1991,973.7645150755554,8.972001075744629,2806.271240234375
Benin,1992,972.0645394439863,8.9061126708984375,2393.48291015625
Benin,1993,984.1485112620741,9.001924514770508,2353.4697265625
Benin,1994,967.1746786803494,8.933972358703613,2677.748291015625
Benin,1995,1004.1853930631778,9.019214630126953,2582.760009765625
Benin,1996,1020.5522112639181,9.038381576538086,2542.433837890625
Benin,1997,1047.6878361136385,9.052533149719238,2500.47607421875
Benin,1998,1056.1199486742125,9.125908851623535,2639.587890625
Benin,1999,1078.6406544598462,9.003695487976074,2707.741943359375
Benin,2000,1107.22928613456,9.028024673461914,2427.62646484375
Benin,2001,1131.1955340924499,9.01398754119873,2114.276123046875
Benin,2002,1148.2725172603036,9.1006011962890625,2520.45947265625
Benin,2003,1152.1419259242414,9.119858741760254,2713.8564453125
Benin,2004,1166.8983286324292,9.089227676391602,2500.6279296875
Benin,2005,1149.2731065919775,9.154767036437988,2494.61474609375
Benin,2006,1157.8936857638025,9.138443946838379,2408.189208984375
Benin,2007,1191.4746371197934,9.124261856079102,2671.958984375
Benin,2008,1212.6408348996213,9.004583358764648,2703.05126953125
Benin,2009,1204.1069580219637,9.173087120056152,2573.302001953125
Benin,2010,1193.4115405189511,9.240272521972656,2681.73876953125
Benin,2011,1192.729827844723,9.179527282714844,2466.6591796875
Benin,2012,1213.5605862841828,9.049773216247559,2550.642578125
Benin,2013,1263.033422693066,9.369751930236816,2429.050537109375
Benin,2014,1304.218065045705,9.139994621276855,2425.33837890625
Benin,2015,1288.7719439517662,9.106879234313965,2098.680419921875
Benin,2016,1293.426551833889,9.181358337402344,2467.903564453125
Benin,2017,1327.96643694954,9.156373977661133,2443.9794921875
Benin,2018,1377.5927491014095,9.194860458374023,2554.48486328125
Benin,2019,1432.45005270957,10.107717514038086,2312.974609375
Benin,2020,1448.4963961322717,9.197003364562988,2713.4345703125
Bermuda,1961,52567.19438533681,7.367708206176758,1646.0999755859375
Bermuda,1962,53531.57956980229,7.414792060852051,2049.199951171875
Bermuda,1963,52790.540635749814,7.506875514984131,1863.7000732421875
Bermuda,1964,57303.24348023679,7.326041221618652,1377.900146484375
Bermuda,1965,58701.52424843013,7.181458473205566,1246.300048828125
Bermuda,1966,65649.00269206546,7.311041831970215,1531.4000244140625
Bermuda,1967,72892.09452892118,7.437708854675293,1342.400146484375
Bermuda,1968,73112.48883613522,7.26229190826416,1462.7000732421875
Bermuda,1969,74295.39922929365,7.229791641235352,1540.699951171875
Bermuda,1970,77745.6008097431,7.368542194366455,1496.300048828125
Bermuda,1971,79679.7640911452,7.444791316986084,1319.7000732421875
Bermuda,1972,80822.98483674088,7.61437463760376,1520.800048828125
Bermuda,1973,81800.6081878748,7.611458778381348,1206.300048828125
Bermuda,1974,82347.07404461324,7.677708148956299,1464.5
Bermuda,1975,85332.59776829669,7.683541297912598,1191.10009765625
Bermuda,1976,92818.58213753258,7.854791641235352,1390.800048828125
Bermuda,1977,98086.04039715389,7.54520845413208,1658.800048828125
Bermuda,1978,99308.0153134338,7.667291641235352,1500.5001220703125
Bermuda,1979,101278.11058914755,7.650208473205566,1126.5
Bermuda,1980,109005.82020483623,7.641458511352539,1670
Bermuda,1981,110931.55248303639,7.398125171661377,1388.5001220703125
Bermuda,1982,104314.93510439199,7.95145845413208,1327.5
Bermuda,1983,105652.9283289224,7.54520845413208,1979.800048828125
Bermuda,1984,105407.21756168404,7.852292060852051,1712.5
Bermuda,1985,102592.4703207658,7.644374847412109,1674.89990234375
Bermuda,1986,108762.32434991357,7.579375267028809,1853.4000244140625
Bermuda,1987,112086.83379241916,7.476875305175781,1452.7000732421875
Bermuda,1988,115740.56317846477,7.9197916984558105,1805.300048828125
Bermuda,1989,115379.24524367233,8.119791984558105,1348.9000244140625
Bermuda,1990,114539.29497463629,7.7947916984558105,1206.7000732421875
Bermuda,1991,109681.18262282599,7.756875038146973,1500
Bermuda,1992,108821.79344781286,7.8852081298828125,1500
Bermuda,1993,111316.26848271512,7.888124942779541,1500
Bermuda,1994,111268.63194568334,8.067708015441895,1500
Bermuda,1995,115515.61439151535,7.6977081298828125,1500
Bermuda,1996,117950.87853230558,7.428124904632568,1500
Bermuda,1997,122630.33664676856,6.341458320617676,1500
Bermuda,1998,126442.17880099687,6.380625247955322,1500
Bermuda,1999,129682.05448029435,6.261041641235352,1500
Bermuda,2000,140783.55193132043,6.410208225250244,1500
Bermuda,2001,150178.09333742308,6.353958606719971,1440.300048828125
Bermuda,2002,147304.00646410175,6.480625152587891,1500
Bermuda,2003,151732.33839584526,6.294374942779541,1544
Bermuda,2004,154835.0125036514,6.312708377838135,1455.60009765625
Bermuda,2005,157035.65338132723,6.408124923706055,1408.800048828125
Bermuda,2006,165417.05473850723,6.351874828338623,1500
Bermuda,2007,170472.98615354273,6.306875228881836,1500
Bermuda,2008,166525.61072870105,6.223958492279053,1394.5
Bermuda,2009,156500.54195787475,6.349791526794434,1446.5999755859375
Bermuda,2010,152200.41890648621,7.04354190826416,1165.300048828125
Bermuda,2011,146485.55666391327,7.29062557220459,1026.7000732421875
Bermuda,2012,138903.67295779206,7.478541851043701,1344.0999755859375
Bermuda,2013,138672.02124635392,7.026041507720947,1592.800048828125
Bermuda,2014,133634.2672234854,7.158958435058594,1785.0001220703125
Bermuda,2015,134808.57068804887,6.98562479019165,1434.60009765625
Bermuda,2016,133954.26095097934,6.8993754386901855,1939.60009765625
Bermuda,2017,138510.30239514695,7.066874980926514,1330.2000732421875
Bermuda,2018,137364.2058391609,7.119791507720947,1526.7000732421875
Bermuda,2019,137192.84958014282,7.1772918701171875,1587.9000244140625
Bermuda,2020,127279.91452593521,7.1206254959106445,1383.4000244140625
Bhutan,1970,526.3494322644842,4.3863396644592285,4431.06884765625
Bhutan,1971,522.3534772439243,4.373862266540527,4768.97509765625
Bhutan,1972,510.74474378462077,4.4759297370910645,4029.9833984375
Bhutan,1973,500.8861377287994,4.503534317016602,4946.3291015625
Bhutan,1974,509.09362329265457,4.485668659210205,4616.92431640625
Bhutan,1975,475.7670233667054,4.449252128601074,4174.40869140625
Bhutan,1976,500.978068422952,4.459826469421387,4202.384765625
Bhutan,1977,522.4125532743572,4.413188934326172,4557.01611328125
Bhutan,1978,540.8551631600166,4.394660949707031,4617.251953125
Bhutan,1979,547.8971951938491,4.556768894195557,4171.513671875
Bhutan,1980,556.484237628411,4.447428226470947,4138.04736328125
Bhutan,1981,619.9921901239551,4.46267557144165,4163.3916015625
Bhutan,1982,621.0050497591892,4.434351921081543,3927.23583984375
Bhutan,1983,664.2733926518725,4.4124064445495605,4470.7255859375
Bhutan,1984,672.9440379566375,4.54479455947876,5180.017578125
Bhutan,1985,678.5616551763862,4.5048956871032715,4446.2744140625
Bhutan,1986,732.8971910060957,4.426971435546875,4354.41845703125
Bhutan,1987,917.4319456160052,4.53334903717041,4328.91845703125
Bhutan,1988,932.8184543347998,4.603923797607422,5121.919921875
Bhutan,1989,972.4503505842595,4.496020793914795,4551.0205078125
Bhutan,1990,1044.8207198360858,4.5387139320373535,4437.3955078125
Bhutan,1991,1022.3480114405377,4.492717266082764,4827.34228515625
Bhutan,1992,1110.1228019791895,4.438422203063965,4208.28173828125
Bhutan,1993,1179.3266460253503,4.520124435424805,4440.67529296875
Bhutan,1994,1238.1139074109542,4.552748203277588,3861.6318359375
Bhutan,1995,1341.4437471243773,4.5903706550598145,4411.87841796875
Bhutan,1996,1414.0459707773018,4.602097988128662,4245.0498046875
Bhutan,1997,1463.5967313980734,4.395472526550293,4341.5986328125
Bhutan,1998,1520.9225883195877,4.674368381500244,4975.41796875
Bhutan,1999,1605.2982745264405,4.701679229736328,4777.37109375
Bhutan,2000,1619.4505293005752,4.494058132171631,4791.23291015625
Bhutan,2001,1698.4866295118902,4.721382141113281,5003.54345703125
Bhutan,2002,1834.9701402700484,4.66757869720459,4506.8662109375
Bhutan,2003,1936.7410201701496,4.666732311248779,4825.98193359375
Bhutan,2004,1996.2978726868982,4.643113613128662,5112.82568359375
Bhutan,2005,2098.2284331598466,4.685580253601074,4227.43505859375
Bhutan,2006,2187.0639385145482,4.870588302612305,4661.68115234375
Bhutan,2007,2509.943271487755,4.727110862731934,4673.74951171875
Bhutan,2008,2594.157794038484,4.700656414031982,5380.88427734375
Bhutan,2009,2762.3283290358722,4.840390205383301,4027.973876953125
Bhutan,2010,3058.2405647040005,4.813723564147949,4874.99951171875
Bhutan,2011,3281.6379859192825,4.705160617828369,4782.818359375
Bhutan,2012,3413.1088645484697,4.603838920593262,4201.2001953125
Bhutan,2013,3434.099371462347,4.676511287689209,4301.58935546875
Bhutan,2014,3597.049633772335,4.667189598083496,4598.42822265625
Bhutan,2015,3797.898311242535,4.657174110412598,4385.57177734375
Bhutan,2016,4079.8786100063094,4.703037738800049,4722.9033203125
Bhutan,2017,4129.301133086014,4.708970546722412,4839.32470703125
Bhutan,2018,4243.392114112429,4.606085300445557,4115.1201171875
Bhutan,2019,4457.886739366784,4.684797763824463,4277.98681640625
Bhutan,2020,3975.4269881300124,4.677109241485596,4702.849609375
Bolivia,1961,1642.156840807932,7.355908393859863,2513.134765625
Bolivia,1962,1698.3714085008664,7.272352695465088,2455.306884765625
Bolivia,1963,1776.3274458562098,7.397719860076904,2371.29443359375
Bolivia,1964,1808.0143221313278,7.227689743041992,2555.0556640625
Bolivia,1965,1856.7880715891788,7.301408767700195,2625.958251953125
Bolivia,1966,1947.4013488009866,7.327171325683594,2456.2578125
Bolivia,1967,2025.5559535392126,7.41008996963501,2516.1357421875
Bolivia,1968,2150.0540008987846,7.282989978790283,2725.198974609375
Bolivia,1969,2196.558312342257,7.402224540710449,2411.653076171875
Bolivia,1970,2260.2070309067158,7.365835189819336,2493.571533203125
Bolivia,1971,2321.8722189257255,7.199736595153809,2646.40234375
Bolivia,1972,2451.186249068356,7.307912349700928,2639.0703125
Bolivia,1973,2534.2106271308553,7.296297550201416,2765.015625
Bolivia,1974,2550.3891176502466,7.159982681274414,2757.6357421875
Bolivia,1975,2675.5521002866717,7.169175624847412,2827.144775390625
Bolivia,1976,2735.6741682054994,7.100391387939453,2693.7578125
Bolivia,1977,2806.182990581228,7.241984844207764,2961.117919921875
Bolivia,1978,2798.770452654685,7.2179083824157715,2782.275390625
Bolivia,1979,2739.430265870059,7.231619834899902,2924.904052734375
Bolivia,1980,2641.7749634621705,7.233283996582031,2936.30615234375
Bolivia,1981,2590.9250889121163,7.146087169647217,3112.107421875
Bolivia,1982,2435.1204715372733,7.239823818206787,3193.954345703125
Bolivia,1983,2286.9195815932976,7.369840621948242,2879.991455078125
Bolivia,1984,2234.0786686289507,7.285714149475098,3076.22998046875
Bolivia,1985,2150.6424169490247,7.30977725982666,2925.033935546875
Bolivia,1986,2051.7046150239075,7.32366943359375,2843.59228515625
Bolivia,1987,2058.3686037933585,7.481541633605957,2795.14306640625
Bolivia,1988,2073.8352787661984,7.45163631439209,2712.006103515625
Bolivia,1989,2107.345892429439,7.227602481842041,2627.476318359375
Bolivia,1990,2159.1518256340933,7.279314994812012,2635.588134765625
Bolivia,1991,2225.9891070564277,7.31842565536499,2438.6953125
Bolivia,1992,2216.948592556044,7.3362321853637695,2558.9384765625
Bolivia,1993,2266.1958325967817,7.309276580810547,2374.625
Bolivia,1994,2326.496395889113,7.451369285583496,2208.254150390625
Bolivia,1995,2389.765371687838,7.367401599884033,2140.719970703125
Bolivia,1996,2448.269643464668,7.2425103187561035,2496.21728515625
Bolivia,1997,2523.579899102392,7.408349990844727,2589.09716796875
Bolivia,1998,2604.112877988453,7.4350996017456055,2475.71142578125
Bolivia,1999,2569.9682558006043,7.2932915687561035,2619.502685546875
Bolivia,2000,2589.5680542175137,7.28220272064209,2596.5126953125
Bolivia,2001,2589.12522622507,7.297243595123291,2641.93359375
Bolivia,2002,2609.469704653879,7.362983226776123,2610.378662109375
Bolivia,2003,2635.6990084245685,7.289768218994141,2636.6591796875
Bolivia,2004,2699.878587237456,7.319831371307373,2395.250732421875
Bolivia,2005,2772.1275163262458,7.352832317352295,2322.442626953125
Bolivia,2006,2856.004783381039,7.390012741088867,2757.59033203125
Bolivia,2007,2935.7159745569656,7.299846649169922,2597.2392578125
Bolivia,2008,3064.054609198276,7.209353446960449,2504.79248046875
Bolivia,2009,3114.6138729657446,7.305698394775391,2963.659423828125
Bolivia,2010,3190.250935652155,7.3033905029296875,2652.546142578125
Bolivia,2011,3302.249471103282,7.273491382598877,2877.640380859375
Bolivia,2012,3416.3112684490393,7.33367919921875,2693.09375
Bolivia,2013,3591.515798612084,7.2622504234313965,2923.92578125
Bolivia,2014,3729.5802803438,7.393527030944824,2679.635498046875
Bolivia,2015,3851.86022230739,7.4377827644348145,2242.10693359375
Bolivia,2016,3956.715836952992,7.3727593421936035,2354.52783203125
Bolivia,2017,4062.903344956524,7.372881889343262,2740.435302734375
Bolivia,2018,4119.951381043198,7.322230815887451,2866.224853515625
Bolivia,2019,4123.615831629789,7.415250778198242,2510.46728515625
Bolivia,2020,3554.974899172203,7.467638969421387,2406.023193359375
Bosnia and Herzegovina,1990,1017.5295138574967,4.597111225128174,2202.469482421875
Bosnia and Herzegovina,1991,920.4055773318827,4.304304122924805,2548.547119140625
Bosnia and Herzegovina,1992,906.6574868022004,4.68461275100708,2401.2529296875
Bosnia and Herzegovina,1993,961.8681242658479,4.518243312835693,2426.142578125
Bosnia and Herzegovina,1994,1120.324011045648,4.829213619232178,2309.388427734375
Bosnia and Herzegovina,1995,1302.664269560194,4.512929916381836,2704.404296875
Bosnia and Herzegovina,1996,1925.9294472526894,4.33363676071167,2726.91455078125
Bosnia and Herzegovina,1997,2537.970809272334,4.463613033294678,2427.218994140625
Bosnia and Herzegovina,1998,2908.2096143434937,4.574742317199707,2600.46923828125
Bosnia and Herzegovina,1999,3153.5386939958203,4.5746750831604,2824.68408203125
Bosnia and Herzegovina,2000,3300.733486834719,4.859736442565918,2269.33837890625
Bosnia and Herzegovina,2001,3364.8120860086,4.573293209075928,2422.989501953125
Bosnia and Herzegovina,2002,3526.7495615007083,4.791538715362549,2788.80908203125
Bosnia and Herzegovina,2003,3671.4435834398223,4.6081929206848145,2132.465576171875
Bosnia and Herzegovina,2004,3939.0570865822083,4.4555535316467285,2777.9384765625
Bosnia and Herzegovina,2005,4137.020741230209,4.373659133911133,2813.84375
Bosnia and Herzegovina,2006,4396.654362583291,4.57835054397583,2314.969482421875
Bosnia and Herzegovina,2007,4712.066861203861,4.8554463386535645,2475.93701171875
Bosnia and Herzegovina,2008,5051.4087727852675,4.7780561447143555,2519.228759765625
Bosnia and Herzegovina,2009,4985.200290785019,4.755641937255859,2700.088134765625
Bosnia and Herzegovina,2010,5118.490609364805,4.537407875061035,3227.4970703125
Bosnia and Herzegovina,2011,5263.826273446631,4.726077556610107,2307.59912109375
Bosnia and Herzegovina,2012,5322.5347889493005,4.882835865020752,2546.614990234375
Bosnia and Herzegovina,2013,5537.001769652181,4.7859416007995605,2924.19287109375
Bosnia and Herzegovina,2014,5673.210504316436,4.912018775939941,3418.787841796875
Bosnia and Herzegovina,2015,5994.089282418979,4.905325889587402,2598.748779296875
Bosnia and Herzegovina,2016,6269.575842970946,4.741189479827881,2878.941650390625
Bosnia and Herzegovina,2017,6556.640164627671,4.788863658905029,2587.308837890625
Bosnia and Herzegovina,2018,6891.472834627184,4.967255115509033,2727.36474609375
Bosnia and Herzegovina,2019,7178.233597295183,4.993340969085693,2900.59814453125
Bosnia and Herzegovina,2020,7059.253867439987,4.871056079864502,2780.58203125
Botswana,1961,526.4814136697589,7.3989362716674805,1156.2716064453125
Botswana,1962,548.8512545172565,7.431441307067871,992.7825927734375
Botswana,1963,567.9130049399431,7.289858818054199,1128.001953125
Botswana,1964,592.4645078840339,7.3297343254089355,787.87530517578125
Botswana,1965,617.7486159082135,7.358792304992676,750.011474609375
Botswana,1966,653.2985581729051,7.43066930770874,1115.275390625
Botswana,1967,688.350232268344,7.272125244140625,1217.111572265625
Botswana,1968,757.1356517389592,7.333135604858398,1042.4864501953125
Botswana,1969,867.0376468679775,7.433746814727783,1058.8336181640625
Botswana,1970,1009.8552863079406,7.5045928955078125,854.95196533203125
Botswana,1971,1249.140163504851,7.338803768157959,1031.26806640625
Botswana,1972,1522.83294054979,7.323472023010254,1061.845947265625
Botswana,1973,1762.2992398739364,7.4049530029296875,1117.1116943359375
Botswana,1974,1824.922865028943,7.209125995635986,1430.6119384765625
Botswana,1975,1883.0936538361607,7.259875297546387,1134.220703125
Botswana,1976,1978.8575077083437,7.208492755889893,1281.2080078125
Botswana,1977,2102.716546346348,7.386516571044922,1290.1192626953125
Botswana,1978,2263.499021042571,7.344046592712402,1258.46435546875
Botswana,1979,2390.6816978259603,7.394400119781494,1012.0055541992188
Botswana,1980,2575.176232039649,7.34773063659668,1075.6590576171875
Botswana,1981,2714.4770595279942,7.316547393798828,1100.421875
Botswana,1982,2926.2309881490723,7.4709038734436035,936.484130859375
Botswana,1983,3194.250562551499,7.624444961547852,974.0716552734375
Botswana,1984,3347.155256982962,7.491945743560791,856.2054443359375
Botswana,1985,3463.293260025958,7.460392951965332,918.7725830078125
Botswana,1986,3621.4136142883967,7.463566303253174,1010.2658081054688
Botswana,1987,3921.5673610745985,7.615382671356201,965.3028564453125
Botswana,1988,4546.645333014428,7.428234100341797,1251.9051513671875
Botswana,1989,4999.593342689139,7.45327615737915,1076.4476318359375
Botswana,1990,5193.3876102632385,7.541584491729736,891.12799072265625
Botswana,1991,5430.763428329907,7.487051486968994,1119.9237060546875
Botswana,1992,5434.159401303764,7.746850967407227,831.5318603515625
Botswana,1993,5381.968563834395,7.619669437408447,1002.0565795898438
Botswana,1994,5424.775114383708,7.486079692840576,921.9805908203125
Botswana,1995,5655.806085003009,7.669970989227295,1013.100341796875
Botswana,1996,5841.033579018904,7.554082870483398,1109.677978515625
Botswana,1997,6183.319748932723,7.585299015045166,1215.2891845703125
Botswana,1998,6074.67203342021,7.711832046508789,1020.4638671875
Botswana,1999,6519.525275156459,7.695437431335449,992.6624755859375
Botswana,2000,6508.848071616791,7.576510429382324,1143.4305419921875
Botswana,2001,6392.265294970953,7.654453754425049,896.713134765625
Botswana,2002,6653.91403328136,7.665554523468018,773.49932861328125
Botswana,2003,6840.288421625928,7.702766418457031,757.0426025390625
Botswana,2004,6903.266415506249,7.706030368804932,887.33917236328125
Botswana,2005,7089.42033468234,7.867624282836914,842.2327880859375
Botswana,2006,7540.408534163532,7.600613117218018,968.364501953125
Botswana,2007,7824.070825223544,7.665706634521484,821.60211181640625
Botswana,2008,7917.899532748914,7.674354553222656,855.61468505859375
Botswana,2009,6658.976080348878,7.749992847442627,898.9033203125
Botswana,2010,7179.784387882993,7.762773036956787,1033.4935302734375
Botswana,2011,7521.224296474055,7.544482707977295,734.9073486328125
Botswana,2012,7383.453593221852,7.668536186218262,599.96893310546875
Botswana,2013,8080.3564204788645,7.712055206298828,675.180419921875
Botswana,2014,8417.387289200935,7.605834007263184,730.18524169921875
Botswana,2015,7895.5131389611215,7.8341064453125,653.4254150390625
Botswana,2016,8345.020062989655,7.841794967651367,732.5029296875
Botswana,2017,8565.822001134835,7.615467071533203,715.07061767578125
Botswana,2018,8798.873547870518,7.613245487213135,533.2884521484375
Botswana,2019,8937.578193360958,7.777513027191162,564.2833251953125
Botswana,2020,8040.849672981448,7.391202449798584,554.6649169921875
Brazil,1961,3527.070702732525,8.283740043640137,3785.1005859375
Brazil,1962,3649.3158257971536,8.187474250793457,3894.666748046875
Brazil,1963,3564.6005385763297,8.344182968139648,3729.595947265625
Brazil,1964,3580.664220034231,8.169157028198242,4135.25439453125
Brazil,1965,3564.7185814501127,8.227471351623535,4046.089111328125
Brazil,1966,3701.034784524968,8.232775688171387,3935.214599609375
Brazil,1967,3755.897364848492,8.265278816223145,3871.81884765625
Brazil,1968,4019.667698400456,8.14333438873291,3911.395751953125
Brazil,1969,4292.519867056183,8.304758071899414,3787.0166015625
Brazil,1970,4623.1771915797435,8.249994277954102,3867.829345703125
Brazil,1971,5023.096993189608,8.150371551513672,4007.645263671875
Brazil,1972,5487.698691978292,8.234186172485352,4081.529052734375
Brazil,1973,6104.660369409934,8.298133850097656,4164.689453125
Brazil,1974,6446.074049624397,8.152192115783691,4169.9345703125
Brazil,1975,6619.758456715935,8.15510082244873,4045.837890625
Brazil,1976,7126.985214785857,8.156316757202148,3927.982666015625
Brazil,1977,7302.284617848788,8.280022621154785,3990.642578125
Brazil,1978,7484.469861722659,8.193011283874512,4038.115478515625
Brazil,1979,7802.752744192958,8.227754592895508,4006.161376953125
Brazil,1980,8321.899699738602,8.296855926513672,3968.64404296875
Brazil,1981,7784.808851893668,8.264425277709961,3860.890869140625
Brazil,1982,7672.546369702828,8.267800331115723,3910.781494140625
Brazil,1983,7283.2282472347515,8.35912799835205,3954.754638671875
Brazil,1984,7510.515511335141,8.276775360107422,3935.155517578125
Brazil,1985,7929.337339864605,8.276408195495605,4232.03857421875
Brazil,1986,8349.449806643554,8.2757568359375,3863.798828125
Brazil,1987,8474.580647881368,8.430395126342773,3786.096435546875
Brazil,1988,8309.240180547287,8.347004890441895,3917.14208984375
Brazil,1989,8415.204828306807,8.275257110595703,4218.09130859375
Brazil,1990,7906.6511311183785,8.343481063842773,3790.721923828125
Brazil,1991,7852.371701823972,8.269264221191406,3655.164306640625
Brazil,1992,7680.522436801195,8.286076545715332,3753.994384765625
Brazil,1993,7929.269823556824,8.323938369750977,3649.90625
Brazil,1994,8263.166642488413,8.368353843688965,3857.40966796875
Brazil,1995,8480.657840980391,8.386616706848145,3860.182373046875
Brazil,1996,8537.730020270494,8.339082717895508,3929.803955078125
Brazil,1997,8697.321056192208,8.412324905395508,3858.490966796875
Brazil,1998,8597.858152588004,8.5078125,3754.1669921875
Brazil,1999,8513.186419898047,8.372037887573242,3909.47802734375
Brazil,2000,8765.36576873008,8.339363098144531,4053.07958984375
Brazil,2001,8772.115146028544,8.41909408569336,3826.392333984375
Brazil,2002,8928.43801708415,8.49262523651123,3887.83837890625
Brazil,2003,8924.345861207847,8.46226978302002,3751.053955078125
Brazil,2004,9332.339616314566,8.414287567138672,3812.751220703125
Brazil,2005,9526.201085407802,8.504063606262207,3838.226806640625
Brazil,2006,9799.366886558422,8.429764747619629,3967.24365234375
Brazil,2007,10289.47929715343,8.505616188049316,3810.103759765625
Brazil,2008,10710.547042917977,8.400022506713867,3918.64697265625
Brazil,2009,10601.693223244827,8.451607704162598,4076.141357421875
Brazil,2010,11304.355421827035,8.523012161254883,3767.48046875
Brazil,2011,11658.373755991275,8.420496940612793,3915.692138671875
Brazil,2012,11786.304931198065,8.482951164245605,3627.87353515625
Brazil,2013,12042.460327175837,8.473854064941406,3887.154541015625
Brazil,2014,12005.951974234786,8.508410453796387,3720.719970703125
Brazil,2015,11488.927951374391,8.534307479858398,3525.49755859375
Brazil,2016,11028.207327520397,8.499739646911621,3646.263427734375
Brazil,2017,11093.016675365981,8.431272506713867,3619.610107421875
Brazil,2018,11213.975883660558,8.354001998901367,3706.59765625
Brazil,2019,11277.107297519615,8.48199462890625,3616.941650390625
Brazil,2020,10844.573230688431,8.4359893798828125,3739.004150390625
Brunei Darussalam,1974,83480.71965934473,8.416729927062988,7362.294921875
Brunei Darussalam,1975,80101.20744480878,8.489740371704102,6758.01220703125
Brunei Darussalam,1976,93544.88195974015,7.651945114135742,7174.01416015625
Brunei Darussalam,1977,99393.07497043007,8.163115501403809,7255.7958984375
Brunei Darussalam,1978,102959.26552749643,7.647152900695801,6122.3759765625
Brunei Darussalam,1979,124088.42039217416,7.763187885284424,7026.3193359375
Brunei Darussalam,1980,108617.09187448406,7.944941997528076,7095.396484375
Brunei Darussalam,1981,81727.39556504364,8.387531280517578,7765.08740234375
Brunei Darussalam,1982,80997.57885028225,8.419188499450684,6708.6630859375
Brunei Darussalam,1983,78709.14381714554,8.453373908996582,6810.61474609375
Brunei Darussalam,1984,74326.40405811502,8.293717384338379,7862.40283203125
Brunei Darussalam,1985,69772.99065633131,8.254054069519043,7315.61865234375
Brunei Darussalam,1986,63792.57936781893,8.247825622558594,7571.46484375
Brunei Darussalam,1987,63070.834361434994,8.37098503112793,6285.11962890625
Brunei Darussalam,1988,60284.04202116992,8.327045440673828,8056.38525390625
Brunei Darussalam,1989,56950.12410282668,8.259528160095215,7138.60693359375
Brunei Darussalam,1990,56800.330100679654,8.354333877563477,6721.46142578125
Brunei Darussalam,1991,56827.729649556604,8.245207786560059,6791.166015625
Brunei Darussalam,1992,53576.587642991195,8.008322715759277,6716.35302734375
Brunei Darussalam,1993,51866.24508360677,7.994665622711182,6822.71728515625
Brunei Darussalam,1994,51068.34278167397,8.124846458435059,7359.2763671875
Brunei Darussalam,1995,50493.73344529244,8.261106491088867,7667.7392578125
Brunei Darussalam,1996,49281.55927690008,8.256227493286133,7760.9912109375
Brunei Darussalam,1997,51195.33562011125,8.361778259277344,6762.67236328125
Brunei Darussalam,1998,46709.62274621708,8.230648040771484,7267.22412109375
Brunei Darussalam,1999,47628.55348589537,8.26569652557373,8372.71875
Brunei Darussalam,2000,48224.6688804364,8.309024810791016,8173.1904296875
Brunei Darussalam,2001,47915.73911129662,8.313752174377441,7428.0703125
Brunei Darussalam,2002,48824.64157583552,8.265002250671387,6472.15625
Brunei Darussalam,2003,49620.34568190339,8.177990913391113,7291.072265625
Brunei Darussalam,2004,48789.15257738183,8.254148483276367,6869.49853515625
Brunei Darussalam,2005,47970.98138630961,8.276123046875,7613.24072265625
Brunei Darussalam,2006,49150.034695451635,8.312858581542969,8160.98486328125
Brunei Darussalam,2007,46508.20472600194,8.267512321472168,7982.970703125
Brunei Darussalam,2008,43875.39713952795,8.193613052368164,8705.59765625
Brunei Darussalam,2009,42241.20233951636,8.369976997375488,8179.23291015625
Brunei Darussalam,2010,42582.82289694597,8.37746524810791,8278.912109375
Brunei Darussalam,2011,43396.70647100029,8.107309341430664,8594.20703125
Brunei Darussalam,2012,43126.94225124407,8.08410358428955,7497.81494140625
Brunei Darussalam,2013,41631.11944406431,8.128762245178223,7652.3203125
Brunei Darussalam,2014,40046.74116674871,8.133605003356934,7562.9951171875
Brunei Darussalam,2015,39373.56725122449,8.131856918334961,6691.70458984375
Brunei Darussalam,2016,37917.279562199576,8.1400299072265625,6631.70703125
Brunei Darussalam,2017,37958.73513879588,8.090546607971191,8490.099609375
Brunei Darussalam,2018,37541.58416829434,8.135955810546875,8080.0517578125
Brunei Darussalam,2019,38565.029719934486,8.128264427185059,7228.87890625
Brunei Darussalam,2020,38590.38057016148,8.111516952514648,7816.2919921875
Bulgaria,1980,4406.2716933074635,4.4604620933532715,1678.656005859375
Bulgaria,1981,4606.807473211361,4.718428134918213,1612.17529296875
Bulgaria,1982,4700.431352642845,4.659163951873779,1491.0487060546875
Bulgaria,1983,4849.553518845209,4.797481536865234,1597.9608154296875
Bulgaria,1984,5002.54759046609,4.628988742828369,1460.4661865234375
Bulgaria,1985,5136.863661856747,4.600953578948975,1321.4088134765625
Bulgaria,1986,5354.422231559086,4.698534965515137,1447.9359130859375
Bulgaria,1987,5670.258850313857,4.563017845153809,1548.273193359375
Bulgaria,1988,6283.786009152065,4.629327297210693,1494.166259765625
Bulgaria,1989,6148.5783696610815,4.904979705810547,1479.9830322265625
Bulgaria,1990,5689.697198185677,4.927892684936523,1292.134521484375
Bulgaria,1991,5261.031493493221,4.628497123718262,1631.5142822265625
Bulgaria,1992,4931.0983252569,4.814878463745117,1416.7227783203125
Bulgaria,1993,4897.013904323683,4.7813873291015625,1437.50732421875
Bulgaria,1994,5003.00285824983,5.023104667663574,1534.1138916015625
Bulgaria,1995,5170.926828935202,4.776578426361084,1857.04443359375
Bulgaria,1996,5468.222560567489,4.750845432281494,1577.3096923828125
Bulgaria,1997,4725.040659326859,4.591372489929199,1679.81298828125
Bulgaria,1998,4936.912642118382,4.864840030670166,1783.1026611328125
Bulgaria,1999,4547.830958010308,4.999176502227783,1760.40185546875
Bulgaria,2000,4780.000261240689,5.03966760635376,1409.4130859375
Bulgaria,2001,5062.5537046349655,4.957985877990723,1592.0631103515625
Bulgaria,2002,5477.4409327961885,5.024862289428711,1802.37646484375
Bulgaria,2003,5810.144077448606,4.772445201873779,1627.2723388671875
Bulgaria,2004,6235.2958464255125,4.824151039123535,1607.8468017578125
Bulgaria,2005,6725.73313102964,4.748119831085205,1899.94384765625
Bulgaria,2006,7238.022113760844,4.838104248046875,1715.916015625
Bulgaria,2007,7776.638726270004,5.161627769470215,1772.334716796875
Bulgaria,2008,8311.448011330804,5.037296295166016,1432.799560546875
Bulgaria,2009,8085.175920087336,5.039603233337402,1837.10693359375
Bulgaria,2010,8265.15832054395,5.036954879760742,1823.4766845703125
Bulgaria,2011,8492.194792744693,4.769773483276367,1571.443603515625
Bulgaria,2012,8605.48632817622,5.090529441833496,1709.9345703125
Bulgaria,2013,8733.162560222147,5.069921016693115,1616.2457275390625
Bulgaria,2014,8923.804444001913,5.067203044891357,2179.479248046875
Bulgaria,2015,9345.033521563106,5.12366247177124,1825.9185791015625
Bulgaria,2016,9753.680776220594,5.064159393310547,1766.5299072265625
Bulgaria,2017,10155.068107688963,5.003548622131348,1789.71044921875
Bulgaria,2018,10535.196497136989,5.192348957061768,1740.9239501953125
Bulgaria,2019,11090.293759201657,5.295241832733154,1534.9476318359375
Bulgaria,2020,10851.094861106167,5.260147571563721,1711.4847412109375
Burkina Faso,1961,321.9221918836978,9.092632293701172,2005.9478759765625
Burkina Faso,1962,336.6903685347944,9.140602111816406,2087.539794921875
Burkina Faso,1963,327.49822667940253,9.272019386291504,2127.5888671875
Burkina Faso,1964,329.8609245977411,9.151633262634277,2119.942138671875
Burkina Faso,1965,336.84516233419293,9.115010261535645,2021.9036865234375
Burkina Faso,1966,333.1539856627262,9.196745872497559,1971.09765625
Burkina Faso,1967,356.5310560455707,9.1305513381958,1917.0792236328125
Burkina Faso,1968,361.2200275021755,9.207246780395508,2085.010009765625
Burkina Faso,1969,362.2194026301484,9.359352111816406,1980.8255615234375
Burkina Faso,1970,356.3650984653623,9.260510444641113,1858.553955078125
Burkina Faso,1971,355.2161931635719,9.191285133361816,1843.6246337890625
Burkina Faso,1972,357.2167085658533,9.241560935974121,1803.8599853515625
Burkina Faso,1973,352.4674860368669,9.316987991333008,1736.3121337890625
Burkina Faso,1974,374.51741262610284,9.104130744934082,1886.3436279296875
Burkina Faso,1975,378.0499108352499,9.048027992248535,1894.4058837890625
Burkina Faso,1976,401.62282546470766,9.05809497833252,1938.597900390625
Burkina Faso,1977,393.82378310436513,9.156131744384766,1790.842529296875
Burkina Faso,1978,401.82903201186656,9.209657669067383,1911.61767578125
Burkina Faso,1979,405.90533931101345,9.23452377319336,1912.7322998046875
Burkina Faso,1980,398.3049103320283,9.324862480163574,1851.373291015625
Burkina Faso,1981,404.0663464866687,9.23599624633789,1827.845703125
Burkina Faso,1982,430.6459735371447,9.196453094482422,1809.373779296875
Burkina Faso,1983,420.06472828005667,9.340542793273926,1623.76611328125
Burkina Faso,1984,400.8544432448793,9.34345817565918,1640.933349609375
Burkina Faso,1985,422.6166275541292,9.289769172668457,1714.28564453125
Burkina Faso,1986,443.5455964121282,9.236950874328613,1835.3607177734375
Burkina Faso,1987,430.5540897663943,9.491825103759766,1714.09814453125
Burkina Faso,1988,443.4305963734053,9.270995140075684,1951.5218505859375
Burkina Faso,1989,441.09757744138545,9.220059394836426,1843.375244140625
Burkina Faso,1990,427.0368778735725,9.396354675292969,1695.936279296875
Burkina Faso,1991,454.1044929391571,9.3266448974609375,2024.4129638671875
Burkina Faso,1992,444.0700237880572,9.214396476745605,1917.531982421875
Burkina Faso,1993,448.157650411328,9.342048645019531,1725.076904296875
Burkina Faso,1994,442.7449783215152,9.215535163879395,2220.8369140625
Burkina Faso,1995,456.20586616670056,9.33465576171875,1885.568115234375
Burkina Faso,1996,493.660281578173,9.403934478759766,1937.8828125
Burkina Faso,1997,511.4864650967139,9.386618614196777,1882.8056640625
Burkina Faso,1998,533.901415751945,9.454242706298828,2120.5048828125
Burkina Faso,1999,556.826331881131,9.30126667022705,2089.1953125
Burkina Faso,2000,550.6616708014724,9.355140686035156,1950.92431640625
Burkina Faso,2001,569.4378995683178,9.33999252319336,1760.3536376953125
Burkina Faso,2002,576.1422847020564,9.413948059082031,1764.386962890625
Burkina Faso,2003,602.028051513051,9.425009727478027,2082.777099609375
Burkina Faso,2004,609.5149305777545,9.42552661895752,1819.376953125
Burkina Faso,2005,641.7932584461494,9.476322174072266,2021.1953125
Burkina Faso,2006,660.9757665689209,9.3984527587890625,1857.46337890625
Burkina Faso,2007,667.5942013091428,9.429859161376953,2110.759765625
Burkina Faso,2008,685.8638296480063,9.28237247467041,2005.5501708984375
Burkina Faso,2009,685.8622674318206,9.467628479003906,2005.732421875
Burkina Faso,2010,722.3456761857544,9.541396141052246,2082.3837890625
Burkina Faso,2011,747.7457789483241,9.481344223022461,1918.1650390625
Burkina Faso,2012,772.3375184866379,9.353097915649414,2219.284912109375
Burkina Faso,2013,792.9209525298538,9.650972366333008,1917.9281005859375
Burkina Faso,2014,802.994827339333,9.44367504119873,1981.4862060546875
Burkina Faso,2015,810.1275078096438,9.430306434631348,1795.076416015625
Burkina Faso,2016,833.6496336488299,9.491036415100098,2151.690673828125
Burkina Faso,2017,860.4631839568108,9.493884086608887,1964.1014404296875
Burkina Faso,2018,892.8830857985388,9.497997283935547,2093.776123046875
Burkina Faso,2019,921.8474868473498,10.451920509338379,1771.50537109375
Burkina Faso,2020,917.7598306989853,9.499237060546875,2098.101318359375
Burundi,1961,273.0011605615381,7.137478351593018,3129.09326171875
Burundi,1962,290.2872524918971,7.005161762237549,3337.127197265625
Burundi,1963,295.99138869457795,6.972254276275635,3574.5078125
Burundi,1964,305.72556934331936,6.990016937255859,2909.635986328125
Burundi,1965,309.18124950433815,6.963045597076416,2855.912841796875
Burundi,1966,315.7452390813573,7.0413031578063965,2856.50634765625
Burundi,1967,350.3782107206147,7.032817363739014,3108.139404296875
Burundi,1968,341.0984783328108,6.954693794250488,3104.096923828125
Burundi,1969,328.90030299571225,7.084469795227051,2808.778564453125
Burundi,1970,390.4681682689613,7.063773155212402,3002.828857421875
Burundi,1971,391.560346866259,6.9397382736206055,3029.629638671875
Burundi,1972,366.50127200731964,7.034388542175293,3008.8701171875
Burundi,1973,392.3068798515701,7.117759704589844,2791.16455078125
Burundi,1974,379.8232357871994,7.007465362548828,2902.640869140625
Burundi,1975,373.10297927689084,7.025990962982178,2893.281982421875
Burundi,1976,393.81521818742397,7.087620258331299,2783.044189453125
Burundi,1977,427.8584976082984,7.099539279937744,3148.853271484375
Burundi,1978,411.7656017548759,7.058476448059082,3034.801025390625
Burundi,1979,408.3446245072783,7.028968811035156,3126.982177734375
Burundi,1980,395.4417200345407,7.081050395965576,2811.57177734375
Burundi,1981,425.831075431154,7.098386287689209,2853.967529296875
Burundi,1982,410.96020136741845,7.102327346801758,3167.734375
Burundi,1983,414.95918331987775,7.234022617340088,2953.721923828125
Burundi,1984,405.6552696579011,7.136814117431641,2659.29931640625
Burundi,1985,443.76408430732516,7.0471978187561035,2829.238037109375
Burundi,1986,449.66807096946644,7.041508674621582,2950.904541015625
Burundi,1987,463.7125068235464,7.230956077575684,2982.6455078125
Burundi,1988,476.37220532070506,7.170156478881836,3144.58935546875
Burundi,1989,473.4144129458725,7.079306602478027,3011.41162109375
Burundi,1990,479.8672597600574,7.130047798156738,2782.79736328125
Burundi,1991,493.5275698257669,6.4285783767700195,2853.41162109375
Burundi,1992,485.36099419072195,6.464703559875488,2711.52783203125
Burundi,1993,469.62923753758344,6.765641212463379,2794.70654296875
Burundi,1994,448.716962541921,6.674046993255615,2927.533203125
Burundi,1995,389.17228790223,6.846336364746094,2826.875244140625
Burundi,1996,357.79137863596287,6.42794132232666,2907.77734375
Burundi,1997,352.12941078909665,6.650391101837158,3173.521484375
Burundi,1998,361.8764578999104,6.8802995681762695,3053.282958984375
Burundi,1999,349.7397718081689,6.9814605712890625,2919.614990234375
Burundi,2000,339.61330880964886,6.874972343444824,2746.287109375
Burundi,2001,338.0184174588536,6.762457847595215,3232.860595703125
Burundi,2002,343.23082056358936,6.98695707321167,3014.712158203125
Burundi,2003,328.4877241301386,6.818130970001221,2900.70458984375
Burundi,2004,331.7651155985695,6.707309722900391,2329.593994140625
Burundi,2005,322.54553546126505,6.575523853302002,2741.51708984375
Burundi,2006,327.9795775857671,6.686758995056152,3113.570556640625
Burundi,2007,326.9589460711395,6.585052967071533,3253.681884765625
Burundi,2008,329.14551793075253,6.695892333984375,2822.052734375
Burundi,2009,324.73512909193823,6.8650312423706055,2866.8330078125
Burundi,2010,325.66923701115763,7.032870769500732,3181.659912109375
Burundi,2011,326.869444873883,6.73227071762085,2968.080078125
Burundi,2012,329.36142222304284,6.644125461578369,2730.375244140625
Burundi,2013,333.38647446633036,6.403813362121582,2772.79296875
Burundi,2014,335.9392909722212,6.423704147338867,2261.146484375
Burundi,2015,327.07576095692997,6.4453606605529785,2804.7744140625
Burundi,2016,331.780494294652,6.438660621643066,2272.496337890625
Burundi,2017,336.4909911239759,6.675441265106201,2601.456298828125
Burundi,2018,343.92578588372635,6.72697639465332,1594.983154296875
Burundi,2019,347.65718039047084,6.532021522521973,2408.419189453125
Burundi,2020,338.72551950396144,6.679901123046875,2535.862060546875
Cabo Verde,1980,747.9404373061842,7.563263893127441,736.8505859375
Cabo Verde,1981,799.9078994226385,7.5455641746521,459.1543273925781
Cabo Verde,1982,810.4469490883226,7.489201545715332,469.3501281738281
Cabo Verde,1983,874.6478429921226,7.763411998748779,468.06512451171875
Cabo Verde,1984,894.8815736750494,7.577093124389648,692.8729248046875
Cabo Verde,1985,958.6156665580487,7.508723258972168,481.7264709472656
Cabo Verde,1986,972.2949458386136,7.5349578857421875,838.4971923828125
Cabo Verde,1987,1000.0277789876271,7.761534690856934,664.6043701171875
Cabo Verde,1988,1045.2914430001847,7.569206714630127,461.269775390625
Cabo Verde,1989,1088.4081496827207,7.580986976623535,297.58673095703125
Cabo Verde,1990,1073.6830593919915,7.732625484466553,299.90643310546875
Cabo Verde,1991,1062.8329405814488,7.648471355438232,385.1768493652344
Cabo Verde,1992,1152.620958937303,7.620163440704346,411.9207458496094
Cabo Verde,1993,1226.34294686787,7.571781635284424,321.0760498046875
Cabo Verde,1994,1432.1479471877235,7.583887577056885,388.26898193359375
Cabo Verde,1995,1604.86762282463,7.62072229385376,492.46893310546875
Cabo Verde,1996,1755.5692856913406,7.718421936035156,353.7014465332031
Cabo Verde,1997,1918.231598880689,7.82942533493042,246.6151580810547
Cabo Verde,1998,2124.0567125251087,7.828129768371582,178.02468872070313
Cabo Verde,1999,2326.7987519642984,7.6660237312316895,419.4984436035156
Cabo Verde,2000,2619.3015133548342,7.748693943023682,396.8311767578125
Cabo Verde,2001,2637.172383309232,7.379088878631592,198.4868927001953
Cabo Verde,2002,2735.5144564985444,7.477959632873535,198.4868927001953
Cabo Verde,2003,2811.608014922601,7.47404146194458,194.7758026123047
Cabo Verde,2004,3059.613979192623,7.632342338562012,196.69247436523438
Cabo Verde,2005,3232.370233933365,7.818181991577148,213.35984802246094
Cabo Verde,2006,3450.51063798591,7.852020263671875,198.4868927001953
Cabo Verde,2007,3930.231780004796,7.563828945159912,198.4868927001953
Cabo Verde,2008,4163.541606151191,7.78631067276001,198.4868927001953
Cabo Verde,2009,4062.16122820328,7.742465019226074,198.4868927001953
Cabo Verde,2010,4107.197573389353,7.8731770515441895,198.4868927001953
Cabo Verde,2011,4254.514572096446,7.681352615356445,153.78973388671875
Cabo Verde,2012,4296.35115971208,7.713084697723389,170.1349334716797
Cabo Verde,2013,4321.230998870006,7.795398235321045,194.8843231201172
Cabo Verde,2014,4350.477759582657,7.686308860778809,194.82766723632813
Cabo Verde,2015,4390.616626910675,7.592186450958252,197.39651489257813
Cabo Verde,2016,4577.137148336969,7.770823001861572,420.6029052734375
Cabo Verde,2017,4782.2940899483465,7.793436050415039,202.450439453125
Cabo Verde,2018,4954.529535266641,7.789618968963623,198.4868927001953
Cabo Verde,2019,5291.660265489282,8.242892265319824,224.43682861328125
Cabo Verde,2020,4186.033874921312,7.906937599182129,198.4868927001953
Cambodia,1975,997.1762521311139,8.708820343017578,4234.83251953125
Cambodia,1976,1069.7304800715103,8.697188377380371,4314.03125
Cambodia,1977,987.8371978636908,8.818333625793457,4093.04541015625
Cambodia,1978,1074.4394409580648,8.851337432861328,4407.51123046875
Cambodia,1979,959.2141359056056,8.986827850341797,4312.2119140625
Cambodia,1980,885.515474283655,8.844091415405273,4495.1162109375
Cambodia,1981,871.6933660418166,8.670965194702148,4101.19091796875
Cambodia,1982,847.3313442311339,8.691439628601074,4052.5576171875
Cambodia,1983,853.5324736851057,8.815382957458496,5089.796875
Cambodia,1984,863.6181195758595,8.676095962524414,4460.6357421875
Cambodia,1985,874.2367915193091,8.6933746337890625,4214.564453125
Cambodia,1986,872.540415677943,8.6921968460083,4177.56103515625
Cambodia,1987,1016.3849359259165,8.963051795959473,3998.0576171875
Cambodia,1988,1095.6720623477258,8.87264633178711,4745.4091796875
Cambodia,1989,1091.885883209521,8.8866605758667,3951.3623046875
Cambodia,1990,1059.4519790617235,8.961121559143066,4375.216796875
Cambodia,1991,1093.5973198539568,8.97571849822998,4055.46044921875
Cambodia,1992,1108.8553129663935,8.930301666259766,3833.94140625
Cambodia,1993,1086.875599579961,8.860150337219238,3848.60009765625
Cambodia,1994,660.7880807445277,8.922313690185547,4795.24609375
Cambodia,1995,669.7359485130312,8.879467964172363,4521.49365234375
Cambodia,1996,657.8351741377875,8.825920104980469,4635.4697265625
Cambodia,1997,638.6790682420734,8.948378562927246,4105.7998046875
Cambodia,1998,641.5667909702207,9.044020652770996,4391.30712890625
Cambodia,1999,710.8444913993418,8.81041145324707,4581.28173828125
Cambodia,2000,769.5483665639995,8.853636741638184,4703.708984375
Cambodia,2001,813.6101391594067,8.949944496154785,4510.46435546875
Cambodia,2002,851.350450818009,8.932212829589844,4098.44970703125
Cambodia,2003,924.8198079464635,8.901350021362305,4273.27587890625
Cambodia,2004,997.4772589618077,8.907611846923828,4232.03515625
Cambodia,2005,1113.8208732709804,8.921669006347656,4156.83154296875
Cambodia,2006,1217.6058558830432,8.907317161560059,4794.232421875
Cambodia,2007,1324.5291733940953,8.889599800109863,5478.37548828125
Cambodia,2008,1402.1106293216053,8.815157890319824,4345.5869140625
Cambodia,2009,1436.4167017069517,8.89228343963623,4440.99951171875
Cambodia,2010,1486.0355788676561,9.0018463134765625,4243.26904296875
Cambodia,2011,1570.2927685080572,8.832244873046875,4509.8955078125
Cambodia,2012,1665.2573201651528,9.00333309173584,3819.64794921875
Cambodia,2013,1769.4510549381441,8.900918960571289,4203.37646484375
Cambodia,2014,1882.8921991491104,8.935574531555176,3694.619873046875
Cambodia,2015,1989.3308087014852,9.047057151794434,3338.925048828125
Cambodia,2016,2115.5141867512184,9.042356491088867,2831.458740234375
Cambodia,2017,2254.9681405790298,8.925861358642578,4207.11376953125
Cambodia,2018,2422.552193179776,8.978273391723633,3788.619140625
Cambodia,2019,2582.0221092981383,9.066883087158203,3798.36279296875
Cambodia,2020,2453.8587427779876,9.029090881347656,3998.1552734375
Cameroon,1961,1198.5970935181388,8.239237785339355,3710.77197265625
Cameroon,1962,1212.0698846371672,8.250166893005371,4136.5224609375
Cameroon,1963,1230.2394255400943,8.320391654968262,3966.30126953125
Cameroon,1964,1246.101048950272,8.2660675048828125,4013.335693359375
Cameroon,1965,1243.1717274989733,8.240635871887207,3912.20947265625
Cameroon,1966,1270.9983969856123,8.27819538116455,4024.282958984375
Cameroon,1967,1105.7811256488437,8.206991195678711,3844.673583984375
Cameroon,1968,1147.441983638333,8.217808723449707,3985.66162109375
Cameroon,1969,1173.4933602316744,8.300795555114746,4346.02392578125
Cameroon,1970,1178.5801045879539,8.274751663208008,3753.391845703125
Cameroon,1971,1187.4436324218545,8.11939811706543,3750.66552734375
Cameroon,1972,1186.5124806514616,8.187813758850098,3725.490966796875
Cameroon,1973,1216.1498273432912,8.258828163146973,3735.45849609375
Cameroon,1974,1309.829026100809,8.075969696044922,3891.978271484375
Cameroon,1975,1417.0263783936962,8.078839302062988,3886.202880859375
Cameroon,1976,1303.7599390629753,8.076937675476074,3919.141357421875
Cameroon,1977,1445.1327519416573,8.15941333770752,3550.334716796875
Cameroon,1978,1715.7000022498862,8.11960220336914,3997.95263671875
Cameroon,1979,1768.9658439682464,8.238327980041504,3818.0205078125
Cameroon,1980,1678.667993431344,8.226224899291992,3856.374267578125
Cameroon,1981,1897.6237565254219,8.159222602844238,3673.404296875
Cameroon,1982,1992.2783432544995,8.145480155944824,3799.038330078125
Cameroon,1983,2085.9459863691836,8.277748107910156,3416.014892578125
Cameroon,1984,2180.4194160250645,8.205164909362793,3712.750732421875
Cameroon,1985,2287.039750040987,8.150075912475586,3888.373046875
Cameroon,1986,2369.4293672812237,8.15133285522461,3599.451904296875
Cameroon,1987,2249.1689825518956,8.270925521850586,3505.133056640625
Cameroon,1988,2012.2344269368234,8.24510383605957,3841.08984375
Cameroon,1989,1918.5700964347968,8.222923278808594,3614.1171875
Cameroon,1990,1749.11455090029,8.272427558898926,4005.93115234375
Cameroon,1991,1634.1364180104163,8.205265045166016,3819.375244140625
Cameroon,1992,1538.7457328280752,8.143352508544922,3766.594482421875
Cameroon,1993,1376.9219320270738,8.182706832885742,3912.55224609375
Cameroon,1994,1363.9245461773457,8.178770065307617,3891.58740234375
Cameroon,1995,1365.3938110684128,8.251659393310547,4001.63818359375
Cameroon,1996,1385.1585239995297,8.196069717407227,3938.757568359375
Cameroon,1997,1409.982506001771,8.211613655090332,4080.70068359375
Cameroon,1998,1438.0235963588177,8.359217643737793,3861.896484375
Cameroon,1999,1463.5501419313975,8.24731159210205,4075.196533203125
Cameroon,2000,1480.1530633977757,8.221485137939453,3617.541748046875
Cameroon,2001,1504.1304192960977,8.267377853393555,2764.913330078125
Cameroon,2002,1529.8955689500335,8.284628868103027,3080.369140625
Cameroon,2003,1569.9148647071152,8.307887077331543,3002.583984375
Cameroon,2004,1635.032116496495,8.326773643493652,2644.109619140625
Cameroon,2005,1626.0327176724984,8.347905158996582,2614.43505859375
Cameroon,2006,1642.2146457081114,8.329423904418945,2631.018798828125
Cameroon,2007,1665.8718151356381,8.272132873535156,2745.23876953125
Cameroon,2008,1664.960843890816,8.24621295928955,2722.7265625
Cameroon,2009,1659.6607028654455,8.30815315246582,2611.623779296875
Cameroon,2010,1659.662966999206,8.379679679870605,2666.848388671875
Cameroon,2011,1667.8977891809684,8.283621788024902,2469.66064453125
Cameroon,2012,1696.649205005296,8.278401374816895,3000.603271484375
Cameroon,2013,1732.0607712314236,8.234131813049316,2923.44970703125
Cameroon,2014,1776.552806267762,8.279666900634766,3194.24951171875
Cameroon,2015,1819.2119907209192,8.241089820861816,3086.65869140625
Cameroon,2016,1845.720042027843,8.381847381591797,3418.860595703125
Cameroon,2017,1857.6619425464976,8.332855224609375,3378.79541015625
Cameroon,2018,1878.3776498274892,8.330594062805176,3607.319091796875
Cameroon,2019,1890.3319324052595,9.083229064941406,2575.5
Cameroon,2020,1844.3068807648,8.367778778076172,3205.06201171875
Canada,1961,20063.429652219347,0.35527586936950684,1025.215087890625
Canada,1962,21156.538594647776,0.3673194348812103,1034.8131103515625
Canada,1963,21866.143291637603,0.44862687587738037,1046.44580078125
Canada,1964,22885.89629945119,0.21094219386577606,1042.767333984375
Canada,1965,23895.1632911225,0.22506238520145416,1026.3697509765625
Canada,1966,25039.589790983646,0.28391265869140625,1037.7445068359375
Canada,1967,25346.948625556026,0.2586600184440613,1008.582763671875
Canada,1968,26190.407805250306,0.3695635497570038,1036.96826171875
Canada,1969,27145.838556773026,0.5324259996414185,1011.0577392578125
Canada,1970,27550.3362286027,0.2785198986530304,1007.8514404296875
Canada,1971,27824.994348492113,0.31267765164375305,1040.3765869140625
Canada,1972,29021.978550294858,-0.14486396312713623,1030.4635009765625
Canada,1973,30598.3664391389,0.5531898140907288,1039.1536865234375
Canada,1974,31187.355596568064,0.23181964457035065,1048.2103271484375
Canada,1975,31210.492304251416,0.33695656061172485,1041.14990234375
Canada,1976,32616.557535116008,0.38882914185523987,1028.1337890625
Canada,1977,33376.60981016484,0.619505763053894,1037.898681640625
Canada,1978,34280.59932366997,0.2691720426082611,1030.064208984375
Canada,1979,35207.44243028992,0.3627062439918518,1031.8935546875
Canada,1980,35513.038486575635,0.5127575397491455,1042.0299072265625
Canada,1981,36275.63853983911,0.8521860241889954,1028.4051513671875
Canada,1982,34711.69260698266,0.06931249797344208,1031.93505859375
Canada,1983,35250.915394584874,0.4289294183254242,1033.3387451171875
Canada,1984,36979.46312860738,0.45662325620651245,1037.3800048828125
Canada,1985,38379.12628717127,0.41737887263298035,1015.3488159179688
Canada,1986,38805.664615406,0.4082932770252228,1012.9705200195313
Canada,1987,39856.977577690915,0.7836410999298096,991.5068359375
Canada,1988,41078.89734315298,0.5678821802139282,1029.300048828125
Canada,1989,41291.51095797146,0.35225003957748413,952.20947265625
Canada,1990,40756.19075151558,0.2940869927406311,955.8575439453125
Canada,1991,39411.11421639569,0.4865071773529053,1011.9832763671875
Canada,1992,39294.17766662488,0.431300550699234,987.05572509765625
Canada,1993,39897.63633196819,0.5616509914398193,1004.8704833984375
Canada,1994,41236.52697013237,0.5295063853263855,952.948486328125
Canada,1995,41906.736515723234,0.5752055644989014,949.09686279296875
Canada,1996,42171.39049834688,0.3466833233833313,977.052001953125
Canada,1997,43541.52837206096,0.524461030960083,967.90118408203125
Canada,1998,44862.68183778557,0.9631376266479492,968.73614501953125
Canada,1999,46787.2176078935,0.7859976291656494,1010.4495239257813
Canada,2000,48735.41325122102,0.5834126472473145,969.98046875
Canada,2001,49112.878485160494,0.7736265659332275,960.2471923828125
Canada,2002,50040.112366056,0.5537700653076172,961.191650390625
Canada,2003,50487.98066968599,0.5906922221183777,972.89630126953125
Canada,2004,51566.3108379262,0.3921858072280884,958.50042724609375
Canada,2005,52720.14655106005,0.572567880153656,1013.3505249023438
Canada,2006,53565.1985587605,0.7719634175300598,964.71673583984375
Canada,2007,54135.20987548421,0.36045655608177185,964.93853759765625
Canada,2008,54084.678558865555,0.2734993100166321,935.486083984375
Canada,2009,51910.426833589474,0.2998162508010864,923.48291015625
Canada,2010,52923.43153271217,0.8547496795654297,914.410400390625
Canada,2011,54053.91687196765,0.09464482963085175,874.5401611328125
Canada,2012,54410.046755605275,-0.11540621519088745,825.9957275390625
Canada,2013,55092.12571701453,0.375296413898468,882.792236328125
Canada,2014,56110.453815397625,-0.33234503865242004,809.921142578125
Canada,2015,56047.402966976355,-0.2581806480884552,776.88397216796875
Canada,2016,55992.31040863303,-0.11026035249233246,789.588134765625
Canada,2017,57005.47137257153,-0.1590489000082016,783.76531982421875
Canada,2018,57735.669616973006,-0.3786526620388031,735.52569580078125
Canada,2019,57983.73531014725,-0.3543338179588318,736.02374267578125
Canada,2020,54468.52561637075,-0.508949875831604,712.12103271484375
Cayman Islands,2006,123509.22483982577,9.040207862854004,3701.829833984375
Cayman Islands,2007,123684.21497563572,9.152291297912598,4083.25
Cayman Islands,2008,119714.83444578655,9.108541488647461,3886.2099609375
Cayman Islands,2009,107997.44425159774,9.079374313354492,3798.030029296875
Cayman Islands,2010,102188.40431299485,9.023958206176758,3866.60986328125
Cayman Islands,2011,100581.22624669662,9.202709197998047,3889.849853515625
Cayman Islands,2012,99091.62003406406,9.133541107177734,3191.909912109375
Cayman Islands,2013,97760.30427272794,9.202291488647461,3359.670166015625
Cayman Islands,2014,97844.82756779376,9.098958015441895,3357.349853515625
Cayman Islands,2015,98197.85506424776,9.342291831970215,3596.230224609375
Cayman Islands,2016,99036.9480097969,9.171042442321777,3502.91015625
Cayman Islands,2017,99918.02749133192,9.23479175567627,3697.41015625
Cayman Islands,2018,101960.42146505752,9.198958396911621,3751.650146484375
Cayman Islands,2019,103771.66601188834,9.308541297912598,3278.550048828125
Cayman Islands,2020,96681.33272876215,9.349791526794434,3776.989990234375
Central African Republic,1961,762.6413309061223,8.396871566772461,3219.842041015625
Central African Republic,1962,720.3908872021278,8.37230396270752,3674.504150390625
Central African Republic,1963,701.4333374155437,8.397015571594238,3381.2724609375
Central African Republic,1964,701.8106580203471,8.362476348876953,3473.112060546875
Central African Republic,1965,694.0223073914817,8.41856575012207,3178.142578125
Central African Republic,1966,683.847643302202,8.376163482666016,3513.20849609375
Central African Republic,1967,700.3606633795426,8.3015594482421875,3207.42822265625
Central African Republic,1968,694.3776295732644,8.358985900878906,3321.511474609375
Central African Republic,1969,726.7955094149678,8.422492980957031,3633.873779296875
Central African Republic,1970,727.4432658393788,8.43881607055664,3235.406982421875
Central African Republic,1971,720.568164023999,8.189722061157227,3091.2744140625
Central African Republic,1972,706.5982316880669,8.29345417022705,3166.45947265625
Central African Republic,1973,706.284322010701,8.373136520385742,3105.25
Central African Republic,1974,736.7155056290576,8.150528907775879,3285.972412109375
Central African Republic,1975,725.4486745864505,8.1704740524292,3266.39404296875
Central African Republic,1976,753.5743265640798,8.218719482421875,3399.30322265625
Central African Republic,1977,774.2253299203664,8.244455337524414,3053.267578125
Central African Republic,1978,775.4080962051801,8.231276512145996,3214.473876953125
Central African Republic,1979,748.2325816072946,8.273625373840332,3267.219482421875
Central African Republic,1980,706.922678385917,8.317293167114258,3297.828369140625
Central African Republic,1981,688.1786684509688,8.314703941345215,3228.54931640625
Central African Republic,1982,732.711505908743,8.341557502746582,3273.501708984375
Central African Republic,1983,665.2022900443775,8.422383308410645,3048.61279296875
Central African Republic,1984,719.4257349893712,8.33480453491211,3040.8271484375
Central African Republic,1985,738.3876913784374,8.321237564086914,3191.770263671875
Central African Republic,1986,755.1314752125184,8.362154960632324,3062.011962890625
Central African Republic,1987,708.450514462575,8.477291107177734,3062.106201171875
Central African Republic,1988,708.6689941795404,8.409424781799316,3194.280517578125
Central African Republic,1989,704.508937001582,8.338829040527344,3094.41650390625
Central African Republic,1990,668.2701044429464,8.523819923400879,3073.1103515625
Central African Republic,1991,644.1053331445283,8.016764640808105,3250.970458984375
Central African Republic,1992,583.8821144144904,7.873565673828125,3156.821044921875
Central African Republic,1993,567.471845341141,8.0099029541015625,3303.84130859375
Central African Republic,1994,576.9851475992492,8.05538272857666,3224.1904296875
Central African Republic,1995,601.8833885961661,8.222895622253418,3372.36865234375
Central African Republic,1996,563.0236438069556,8.060288429260254,3274.10888671875
Central African Republic,1997,576.7925820044353,8.120168685913086,2906.260986328125
Central African Republic,1998,587.7389595072556,8.420191764831543,3151.80908203125
Central African Republic,1999,592.4689640987544,8.348851203918457,3230.675537109375
Central African Republic,2000,562.0515208229441,8.374347686767578,3076.06494140625
Central African Republic,2001,574.2520758431958,8.31663703918457,2478.56103515625
Central African Republic,2002,582.1589851908539,8.448969841003418,2588.35986328125
Central African Republic,2003,537.7159993865204,8.477481842041016,2723.940185546875
Central African Republic,2004,557.7526516437355,8.560656547546387,2056.7294921875
Central African Republic,2005,550.2222913948125,8.614035606384277,2080.752197265625
Central African Republic,2006,564.7840702404891,8.555807113647461,2191.500732421875
Central African Republic,2007,579.528627490005,8.545916557312012,2446.537353515625
Central African Republic,2008,578.9511485544216,8.54354476928711,2632.451416015625
Central African Republic,2009,632.8226814647824,8.626914024353027,2205.17529296875
Central African Republic,2010,667.4404929797639,8.633045196533203,2068.47119140625
Central African Republic,2011,684.464585734406,8.27782917022705,1526.820556640625
Central African Republic,2012,711.9091302875611,8.320841789245605,2292.2421875
Central African Republic,2013,449.751820827675,8.2746734619140625,2065.181396484375
Central African Republic,2014,451.9893655695971,8.307843208312988,2104.627197265625
Central African Republic,2015,470.9674082160583,8.354477882385254,2065.465576171875
Central African Republic,2016,484.51237289687,8.469840049743652,2299.269775390625
Central African Republic,2017,498.01143560282435,8.418432235717773,2170.105224609375
Central African Republic,2018,507.8622610429945,8.456616401672363,2113.571044921875
Central African Republic,2019,516.6122280537977,8.75094985961914,1841.44677734375
Central African Republic,2020,512.7661088346025,8.370222091674805,2301.384521484375
Chad,1961,1024.7613699894237,8.633426666259766,1003.408447265625
Chad,1962,1058.0487008685086,8.773322105407715,937.520263671875
Chad,1963,1020.1461276135693,8.853178977966309,868.82855224609375
Chad,1964,974.512637499227,8.729988098144531,977.176513671875
Chad,1965,961.0279996664158,8.749748229980469,778.16107177734375
Chad,1966,925.3736453719545,8.805023193359375,885.26336669921875
Chad,1967,914.5043746301878,8.665986061096191,863.8206787109375
Chad,1968,892.5861629545642,8.744671821594238,825.55706787109375
Chad,1969,934.9642789860467,8.952950477600098,861.1396484375
Chad,1970,932.7529562068104,8.749560356140137,841.46124267578125
Chad,1971,892.7521155145101,8.667604446411133,777.47900390625
Chad,1972,883.0830223141777,8.860937118530273,771.480224609375
Chad,1973,790.2650459300122,8.928637504577637,760.27508544921875
Chad,1974,810.6744904158737,8.722843170166016,824.36328125
Chad,1975,864.8706449267454,8.746845245361328,853.91754150390625
Chad,1976,873.0391373274884,8.882590293884277,769.19610595703125
Chad,1977,875.9878943067172,8.678189277648926,806.262939453125
Chad,1978,856.122036109447,8.783529281616211,862.83099365234375
Chad,1979,658.5252269542459,8.914481163024902,855.71099853515625
Chad,1980,617.3201519639513,8.86366081237793,836.1357421875
Chad,1981,622.9986308326496,8.817286491394043,816.864501953125
Chad,1982,626.1795706698831,8.838295936584473,765.92474365234375
Chad,1983,689.3475272465762,8.850590705871582,721.4915771484375
Chad,1984,694.2667365630922,8.961204528808594,678.29571533203125
Chad,1985,837.0842826597983,8.8699951171875,756.573974609375
Chad,1986,779.2475153458754,8.859615325927734,735.75439453125
Chad,1987,734.4443346246345,8.952276229858398,717.51641845703125
Chad,1988,819.9160896577747,8.871626853942871,899.16680908203125
Chad,1989,831.3015831735611,8.854118347167969,788.60516357421875
Chad,1990,774.8308570757291,9.03271198272705,692.867431640625
Chad,1991,810.7651086984769,8.827043533325195,836.01934814453125
Chad,1992,839.2609341356681,8.578242301940918,790.983642578125
Chad,1993,690.928356038489,8.659459114074707,733.0653076171875
Chad,1994,743.6571742552931,8.788887977600098,931.50701904296875
Chad,1995,720.3969024055325,8.877790451049805,824.76568603515625
Chad,1996,704.447431807804,8.883596420288086,781.8978271484375
Chad,1997,719.0191984767742,8.981684684753418,802.94439697265625
Chad,1998,742.9964335388773,9.062914848327637,874.6229248046875
Chad,1999,712.4482372574886,9.131731033325195,868.77899169921875
Chad,2000,682.1727340530078,8.96040153503418,800.40106201171875
Chad,2001,736.4358713188667,8.923155784606934,769.58087158203125
Chad,2002,771.6176869202708,8.976408004760742,718.133056640625
Chad,2003,850.5386521410064,9.133720397949219,810.47113037109375
Chad,2004,1087.0506127518213,9.13929557800293,494.8075866699219
Chad,2005,1225.0712971789965,9.1845064163208,580.6826171875
Chad,2006,1175.3659992569062,9.141007423400879,532.59710693359375
Chad,2007,1183.2627300834743,9.09949779510498,573.490234375
Chad,2008,1177.7786856461405,9.099153518676758,604.09039306640625
Chad,2009,1120.4356319466142,9.197098731994629,513.14910888671875
Chad,2010,1230.318223839712,9.329255104064941,540.00213623046875
Chad,2011,1241.0328608326734,8.810637474060059,496.6889343261719
Chad,2012,1306.7746226441798,9.081457138061523,618.73199462890625
Chad,2013,1296.7407932488613,8.901936531066895,605.77520751953125
Chad,2014,1277.0753616456632,9.087248802185059,634.3419189453125
Chad,2015,1277.9362061468996,8.8985748291015625,598.36773681640625
Chad,2016,1187.3936348746624,9.111108779907227,619.33270263671875
Chad,2017,1130.1945583310674,8.85960578918457,564.6949462890625
Chad,2018,1155.5978252440307,8.983753204345703,607.49957275390625
Chad,2019,1179.2140443644348,8.913551330566406,538.2808837890625
Chad,2020,1137.7859384834492,8.827625274658203,631.8277587890625
Chile,1961,4281.9324262142445,4.270468235015869,2644.45751953125
Chile,1962,4360.028168736755,4.3901286125183105,2388.819091796875
Chile,1963,4515.978237553977,4.309429168701172,2855.483642578125
Chile,1964,4536.91887841249,4.223380088806152,2364.105712890625
Chile,1965,4480.996588735505,4.3002190589904785,2923.15869140625
Chile,1966,4902.8570292930035,4.261016368865967,2780.696533203125
Chile,1967,4987.936943967228,4.330653667449951,2608.278564453125
Chile,1968,5076.179995364961,4.370119094848633,2446.00439453125
Chile,1969,5194.082326300264,4.37620210647583,2626.059814453125
Chile,1970,5193.537731224885,4.3213725090026855,2539.820068359375
Chile,1971,5597.176470218802,4.215085506439209,2726.33642578125
Chile,1972,5467.195358272051,4.26713752746582,2986.97998046875
Chile,1973,5108.583446085295,4.212030410766602,2537.910888671875
Chile,1974,5090.959399886465,4.224634647369385,2401.295166015625
Chile,1975,4396.743197447936,4.244589328765869,2534.2841796875
Chile,1976,4485.173025196864,4.145442962646484,2744.5126953125
Chile,1977,4909.4653337498185,4.350791931152344,2957.46826171875
Chile,1978,5224.183149881481,4.357166290283203,2566.498779296875
Chile,1979,5581.417652935555,4.326135635375977,2636.26416015625
Chile,1980,5949.007281852955,4.302467346191406,2862.261962890625
Chile,1981,6256.194649771549,4.334901809692383,2656.280517578125
Chile,1982,5456.477208149873,4.339539527893066,2721.485107421875
Chile,1983,5111.306906375181,4.384196758270264,2395.402099609375
Chile,1984,5235.864863200696,4.1872453689575195,2554.99951171875
Chile,1985,5339.83063600142,4.363603115081787,2578.2841796875
Chile,1986,5541.902557086532,4.3202996253967285,2590.734130859375
Chile,1987,5822.292279559259,4.437159538269043,2532.69775390625
Chile,1988,6149.656530255852,4.339751720428467,2306.7265625
Chile,1989,6675.946742534237,4.411866664886475,2370.10693359375
Chile,1990,6801.842822121889,4.363222599029541,2581.9775390625
Chile,1991,7208.534544420235,4.321010589599609,2550.791259765625
Chile,1992,7909.091681400806,4.3122053146362305,2788.658447265625
Chile,1993,8307.604130140091,4.384636878967285,2614.66943359375
Chile,1994,8598.890167482503,4.437624454498291,2646.82421875
Chile,1995,9258.22117985975,4.340882778167725,2606.74072265625
Chile,1996,9777.832478155467,4.345191955566406,2392.4912109375
Chile,1997,10361.076633756826,4.406173229217529,2783.88720703125
Chile,1998,10654.861123200106,4.540926933288574,2337.204833984375
Chile,1999,10492.869084731456,4.360508441925049,2279.7353515625
Chile,2000,10883.583523472129,4.224545478820801,2663.783447265625
Chile,2001,11097.854272066856,4.331406116485596,2454.384033203125
Chile,2002,11327.57085053075,4.2712836265563965,2997.93798828125
Chile,2003,11739.1032328717,4.401737689971924,2538.465576171875
Chile,2004,12396.835778688985,4.461758136749268,2513.388427734375
Chile,2005,12990.870875167087,4.33666467666626,2644.1884765625
Chile,2006,13642.950413371913,4.448212146759033,2778.8037109375
Chile,2007,14208.295468867975,4.246847152709961,2193.669189453125
Chile,2008,14600.097314134513,4.442841053009033,2550.045166015625
Chile,2009,14291.946137881327,4.4265265464782715,2360.66552734375
Chile,2010,14977.050224589071,4.313634872436523,2181.97021484375
Chile,2011,15753.017237470327,4.335750579833984,2304.36669921875
Chile,2012,16562.971900499037,4.40272855758667,2352.528564453125
Chile,2013,16948.540091248353,4.435988426208496,2184.00537109375
Chile,2014,17081.24751377294,4.3508710861206055,2351.160400390625
Chile,2015,17271.48212906772,4.422520637512207,2312.5576171875
Chile,2016,17362.992230321874,4.458833694458008,2214.306396484375
Chile,2017,17322.17007021912,4.433514595031738,2451.165771484375
Chile,2018,17694.576278710694,4.372829914093018,2171.869873046875
Chile,2019,17524.337465279583,4.33901309967041,2050.2666015625
Chile,2020,16300.940576566149,4.4326605796813965,2124.473388671875
China,1961,228.01723043196392,3.76590633392334,1442.394775390625
China,1962,213.53470494956144,3.676910638809204,1375.58349609375
China,1963,229.81086352322527,3.772962808609009,1354.0299072265625
China,1964,265.3602954738243,3.6705410480499268,1433.6964111328125
China,1965,303.0358557058346,3.6473357677459717,1346.0089111328125
China,1966,326.0920476554993,3.7115859985351563,1346.4600830078125
China,1967,299.478053060278,3.602611780166626,1383.52880859375
China,1968,279.79799770795375,3.6666975021362305,1367.2113037109375
China,1969,318.352316086483,3.5768892765045166,1389.8907470703125
China,1970,369.4491339765791,3.5738236904144287,1406.219482421875
China,1971,384.8151744328774,3.7037854194641113,1362.3128662109375
China,1972,389.77969797556716,3.673381805419922,1357.92236328125
China,1973,410.54440459563153,3.7491238117218018,1456.4078369140625
China,1974,411.43941466464304,3.628866672515869,1401.12060546875
China,1975,439.48493758454777,3.73457407951355,1417.9051513671875
China,1976,425.94299158243956,3.5862276554107666,1355.08740234375
China,1977,451.98515322685336,3.7046236991882324,1392.3045654296875
China,1978,496.4883203432242,3.74000883102417,1317.9189453125
China,1979,527.1001205316526,3.7687113285064697,1357.1378173828125
China,1980,561.3095121595499,3.709251642227173,1373.1729736328125
China,1981,582.4984055039994,3.71651029586792,1394.6424560546875
China,1982,625.9817018251509,3.7799878120422363,1384.0830078125
China,1983,683.1896667387659,3.740831136703491,1474.8221435546875
China,1984,776.9950656390452,3.6120097637176514,1379.0047607421875
China,1985,869.4675302846555,3.642971992492676,1386.048095703125
China,1986,933.1712997493355,3.686278820037842,1311.9229736328125
China,1987,1025.111285098472,3.8067612648010254,1394.480224609375
China,1988,1121.9450536875638,3.7986903190612793,1368.8153076171875
China,1989,1151.3496535647091,3.8240463733673096,1382.8060302734375
China,1990,1179.3001216499167,3.8931846618652344,1441.44091796875
China,1991,1272.2250507224908,3.791311264038086,1401.806884765625
China,1992,1436.4359260278454,3.751372814178467,1361.662841796875
China,1993,1617.8122054283206,3.7520415782928467,1441.03857421875
China,1994,1808.74459270194,3.904273271560669,1459.645263671875
China,1995,1986.5977348445417,3.8588995933532715,1391.19384765625
China,1996,2162.004653187773,3.774552583694458,1405.285888671875
China,1997,2338.7452100187647,3.918313503265381,1385.7484130859375
China,1998,2499.889202358795,4.0743889808654785,1510.681640625
China,1999,2670.0863490457764,4.009883403778076,1407.687255859375
China,2000,2876.5956378365213,3.8854117393493652,1424.88037109375
China,2001,3093.166680983468,3.981919050216675,1369.4959716796875
China,2002,3356.516092936062,4.050594806671143,1457.4071044921875
China,2003,3673.1846327238995,3.928051471710205,1408.8565673828125
China,2004,4021.3745988332503,4.01081657409668,1358.3638916015625
China,2005,4455.869991055851,3.9303536415100098,1410.5093994140625
China,2006,4992.681209644757,4.067102909088135,1371.0877685546875
China,2007,5669.4574383417075,4.132440567016602,1387.103515625
China,2008,6185.9306709804505,4.002520561218262,1425.591064453125
China,2009,6733.998069534191,4.005580902099609,1350.343505859375
China,2010,7411.668869022781,3.976951837539673,1459.523193359375
China,2011,8068.699044983688,3.941582441329956,1317.999267578125
China,2012,8643.756252538253,3.8399298191070557,1467.272216796875
China,2013,9254.284175463456,4.0345988273620605,1440.5299072265625
China,2014,9882.341892159186,4.037370681762695,1426.2564697265625
China,2015,10510.715568630587,4.115446090698242,1457.54248046875
China,2016,11158.746083356109,4.1236653327941895,1532.5177001953125
China,2017,11855.751066886405,4.128254413604736,1453.3499755859375
China,2018,12597.75656435303,4.068943500518799,1453.8343505859375
China,2019,13314.934323578813,4.14005184173584,1429.738525390625
China,2020,13594.130743962918,4.155377388000488,1497.0458984375
Colombia,1961,2569.2969112811184,8.22504711151123,5694.30126953125
Colombia,1962,2626.1387517043995,8.211995124816895,6016.82421875
Colombia,1963,2630.8600713772717,8.28538703918457,6129.68212890625
Colombia,1964,2710.1869883080126,8.200384140014648,5942.1171875
Colombia,1965,2725.5971990196476,8.228703498840332,5726.88720703125
Colombia,1966,2786.4883676744707,8.210887908935547,5936.86181640625
Colombia,1967,2821.313028736205,8.125574111938477,5949.1669921875
Colombia,1968,2908.3916785878755,8.11780834197998,6055.48583984375
Colombia,1969,3006.0157314667745,8.291571617126465,5880.06298828125
Colombia,1970,3112.87723764353,8.16207504272461,6208.46240234375
Colombia,1971,3219.9372617815716,8.041367530822754,6394.4130859375
Colombia,1972,3387.360518975302,8.244779586791992,6039.89306640625
Colombia,1973,3533.186547760221,8.246428489685059,6257.8828125
Colombia,1974,3653.056299122008,8.08423900604248,6005.91845703125
Colombia,1975,3656.077181675475,8.067407608032227,6585.1611328125
Colombia,1976,3746.434732414585,8.145302772521973,5943.78857421875
Colombia,1977,3816.6969556728795,8.263813972473145,5622.0146484375
Colombia,1978,4047.571381802871,8.1891508102417,5717.95703125
Colombia,1979,4170.799070944587,8.233783721923828,6070.46484375
Colombia,1980,4243.342792694937,8.314047813415527,5522.7294921875
Colombia,1981,4241.054940120733,8.244150161743164,6637.36083984375
Colombia,1982,4183.39078421134,8.2809295654296875,6072.6513671875
Colombia,1983,4150.574853003104,8.440760612487793,5779.470703125
Colombia,1984,4191.624321967942,8.175464630126953,6170.28173828125
Colombia,1985,4229.4581501469465,8.206549644470215,5780.654296875
Colombia,1986,4384.313007020891,8.236248970031738,5934.34130859375
Colombia,1987,4525.739652214828,8.437034606933594,5797.412109375
Colombia,1988,4614.202224445949,8.317240715026855,6150.4326171875
Colombia,1989,4674.764695481948,8.30167007446289,5708.826171875
Colombia,1990,4775.1868629111705,8.396489143371582,5755.10986328125
Colombia,1991,4773.891278747437,8.334686279296875,5501.90234375
Colombia,1992,4869.56641611686,8.382534980773926,5316.0361328125
Colombia,1993,5030.357478427419,8.333664894104004,5881.69140625
Colombia,1994,5218.915738168261,8.300777435302734,5753.18408203125
Colombia,1995,5386.574108308242,8.352855682373047,5976.70947265625
Colombia,1996,5398.098209143723,8.284183502197266,6130.10009765625
Colombia,1997,5484.240470079345,8.40596866607666,5668.041015625
Colombia,1998,5417.55894481341,8.49791431427002,6190.833984375
Colombia,1999,5100.367328212884,8.260503768920898,6374.8251953125
Colombia,2000,5164.2597435799,8.265340805053711,6252.11962890625
Colombia,2001,5169.014610648415,8.356250762939453,5576.7333984375
Colombia,2002,5217.583116812346,8.381802558898926,6144.5166015625
Colombia,2003,5340.865704473289,8.442675590515137,6028.53515625
Colombia,2004,5543.666850016918,8.364556312561035,5825.9765625
Colombia,2005,5730.550000675932,8.397607803344727,6326.69873046875
Colombia,2006,6034.942143306769,8.346394538879395,6185.65771484375
Colombia,2007,6360.495157736488,8.346949577331543,6461.95849609375
Colombia,2008,6490.757495471695,8.271181106567383,6797.10400390625
Colombia,2009,6488.699594169806,8.43217945098877,5745.869140625
Colombia,2010,6703.75776812347,8.482007026672363,6494.61474609375
Colombia,2011,7093.12777538182,8.333761215209961,6821.8818359375
Colombia,2012,7297.104586628485,8.394113540649414,5854.55859375
Colombia,2013,7599.29913217799,8.461799621582031,5991.7265625
Colombia,2014,7870.617414767292,8.474111557006836,5693.6591796875
Colombia,2015,8033.4787702514,8.582347869873047,5424.2392578125
Colombia,2016,8120.332666297032,8.522886276245117,5383.6435546875
Colombia,2017,8112.113139371429,8.071531295776367,5491.142578125
Colombia,2018,8168.513818509833,7.912550926208496,5438.15087890625
Colombia,2019,8279.617097893977,8.232377052307129,5313.12646484375
Colombia,2020,7575.063513458445,7.9489593505859375,5303.892578125
Comoros,1980,1506.1173808925078,7.860852241516113,6069.8330078125
Comoros,1981,1544.206994886606,7.873917102813721,5690.85986328125
Comoros,1982,1562.969950694336,7.898769855499268,5596.40869140625
Comoros,1983,1567.024010561113,8.015740394592285,5886.92578125
Comoros,1984,1587.3440603492593,7.870499610900879,5870.7216796875
Comoros,1985,1586.4450139725593,7.8037519454956055,5579.69140625
Comoros,1986,1574.831893620295,7.832151412963867,5266.82080078125
Comoros,1987,1563.99561621257,7.9961981773376465,5148.1591796875
Comoros,1988,1597.9441758014377,7.95039701461792,5331.2734375
Comoros,1989,1541.5567210891631,7.819640636444092,6873.89501953125
Comoros,1990,1611.914233194645,7.944910526275635,5621.2353515625
Comoros,1991,1476.11920324491,7.7844672203063965,6130.9326171875
Comoros,1992,1552.1696846506534,7.74446964263916,5952.98291015625
Comoros,1993,1562.9144907733967,7.801433563232422,5317.79150390625
Comoros,1994,1474.2779043928638,8.02798843383789,5351.1044921875
Comoros,1995,1530.5812139248576,8.013875007629395,4956.72314453125
Comoros,1996,1496.7721334241191,7.936558246612549,5704.80029296875
Comoros,1997,1536.1024810940417,8.012571334838867,4874.72900390625
Comoros,1998,1510.2542739367084,8.029801368713379,5507.17724609375
Comoros,1999,1523.6001404197323,7.929725646972656,4989.0986328125
Comoros,2000,1479.5764542768075,7.932976722717285,4902.59716796875
Comoros,2001,1528.0107774190885,7.433229446411133,4798.06201171875
Comoros,2002,1564.7986420594418,7.683136940002441,3859.393310546875
Comoros,2003,1564.625529625352,7.677883625030518,4240.56494140625
Comoros,2004,1582.8396342103358,7.720798015594482,5908.78759765625
Comoros,2005,1638.7233777978881,7.577384948730469,5640.759765625
Comoros,2006,1577.8241325784352,7.336263179779053,6301.46630859375
Comoros,2007,1559.1176551349934,7.444429397583008,4520.29296875
Comoros,2008,1589.0429588187767,7.542951583862305,5106.90869140625
Comoros,2009,1608.2351703253905,7.979034423828125,4747.611328125
Comoros,2010,1636.1419487512946,7.688352108001709,5571.54541015625
Comoros,2011,1670.2177586547589,7.604203224182129,5550.138671875
Comoros,2012,1688.821622370237,7.975042343139648,5135.63525390625
Comoros,2013,1727.3450313613998,8.011683464050293,5212.3232421875
Comoros,2014,1725.780261164022,8.009214401245117,4271.7529296875
Comoros,2015,1709.1212407449557,7.885124206542969,4732.33154296875
Comoros,2016,1730.0197745831883,8.004624366760254,5364.19677734375
Comoros,2017,1760.599022844287,7.994832992553711,5440.04931640625
Comoros,2018,1789.4439087639198,8.047981262207031,5657.79736328125
Comoros,2019,1786.2530263578951,7.91540002822876,5096.2275390625
Comoros,2020,1748.1227833259154,8.05566692352295,4707.3408203125
"Congo, Dem. Rep.",1961,1455.3537123099031,8.064085006713867,3907.725830078125
"Congo, Dem. Rep.",1962,1718.5442781112326,8.0310640335083,3765.30810546875
"Congo, Dem. Rep.",1963,1760.8438629412506,8.057433128356934,3762.672607421875
"Congo, Dem. Rep.",1964,1672.5125489902107,8.032293319702148,3609.020751953125
"Congo, Dem. Rep.",1965,1643.398595099553,8.022809028625488,3580.07666015625
"Congo, Dem. Rep.",1966,1705.4149741775796,8.067450523376465,3709.873291015625
"Congo, Dem. Rep.",1967,1640.0522816291073,8.023844718933105,3608.2890625
"Congo, Dem. Rep.",1968,1661.6637730986702,8.02206802368164,3636.3251953125
"Congo, Dem. Rep.",1969,1764.8561136125163,8.09109115600586,3783.016845703125
"Congo, Dem. Rep.",1970,1710.9615825024396,8.101707458496094,3639.2626953125
"Congo, Dem. Rep.",1971,1764.7918292093375,7.982382297515869,3519.757568359375
"Congo, Dem. Rep.",1972,1721.2505508669115,8.035134315490723,3493.512939453125
"Congo, Dem. Rep.",1973,1812.1530673495333,8.097911834716797,3460.061279296875
"Congo, Dem. Rep.",1974,1819.5993359419272,7.96812629699707,3645.069580078125
"Congo, Dem. Rep.",1975,1683.7248608700909,7.9804158210754395,3558.1103515625
"Congo, Dem. Rep.",1976,1553.6454028330138,8.00181770324707,3674.00537109375
"Congo, Dem. Rep.",1977,1526.3738049294695,8.061084747314453,3674.253662109375
"Congo, Dem. Rep.",1978,1400.6406444954414,8.067122459411621,3546.731201171875
"Congo, Dem. Rep.",1979,1358.0804196669792,8.032586097717285,3626.55029296875
"Congo, Dem. Rep.",1980,1345.0581959106673,8.084465026855469,3602.999267578125
"Congo, Dem. Rep.",1981,1337.155995555064,8.090673446655273,3586.8935546875
"Congo, Dem. Rep.",1982,1291.6907929789213,8.091117858886719,3717.117919921875
"Congo, Dem. Rep.",1983,1269.049557762576,8.226560592651367,3523.7978515625
"Congo, Dem. Rep.",1984,1295.3451639312102,8.127127647399902,3504.72265625
"Congo, Dem. Rep.",1985,1258.9587351708324,8.075284004211426,3570.23095703125
"Congo, Dem. Rep.",1986,1277.4712243677282,8.066810607910156,3711.83447265625
"Congo, Dem. Rep.",1987,1270.933781581161,8.229615211486816,3734.16357421875
"Congo, Dem. Rep.",1988,1236.6599004913328,8.169294357299805,3615.19677734375
"Congo, Dem. Rep.",1989,1183.013705412861,8.1066436767578125,3721.02001953125
"Congo, Dem. Rep.",1990,1069.2375281935438,8.161327362060547,3580.9736328125
"Congo, Dem. Rep.",1991,947.1359722056378,7.772839546203613,3451.228515625
"Congo, Dem. Rep.",1992,819.5284395133665,7.704713821411133,3180.897216796875
"Congo, Dem. Rep.",1993,684.24794610908,7.84857177734375,3190.380126953125
"Congo, Dem. Rep.",1994,627.1647430107611,7.895193576812744,3127.16650390625
"Congo, Dem. Rep.",1995,605.8736839758222,8.004546165466309,3246.504638671875
"Congo, Dem. Rep.",1996,588.2569877227448,7.81572961807251,3336.385009765625
"Congo, Dem. Rep.",1997,546.3634622116456,7.793173313140869,2560.296630859375
"Congo, Dem. Rep.",1998,523.0835645282264,8.04017448425293,2891.93115234375
"Congo, Dem. Rep.",1999,484.2097786016143,7.951210021972656,3005.531982421875
"Congo, Dem. Rep.",2000,436.516765917218,7.91532039642334,2912.19970703125
"Congo, Dem. Rep.",2001,414.02680460969776,7.9449944496154785,2678.517822265625
"Congo, Dem. Rep.",2002,413.4018804769636,8.075419425964355,2870.32958984375
"Congo, Dem. Rep.",2003,423.89505382815304,8.084247589111328,2625.33447265625
"Congo, Dem. Rep.",2004,439.3299276847027,8.038433074951172,2424.853515625
"Congo, Dem. Rep.",2005,452.1782698299338,8.103341102600098,2481.353515625
"Congo, Dem. Rep.",2006,460.8512124458788,7.965077877044678,2525.8525390625
"Congo, Dem. Rep.",2007,485.2566285103693,7.949963569641113,2440.220703125
"Congo, Dem. Rep.",2008,505.6909924798369,7.975494861602783,2434.757080078125
"Congo, Dem. Rep.",2009,493.0718536302033,8.040855407714844,2470.4765625
"Congo, Dem. Rep.",2010,515.0613934690398,8.157061576843262,2482.780029296875
"Congo, Dem. Rep.",2011,536.2887881515163,7.854533672332764,1996.869384765625
"Congo, Dem. Rep.",2012,563.6420517517035,7.808319568634033,1958.427734375
"Congo, Dem. Rep.",2013,597.2243906586917,7.722623348236084,1913.41455078125
"Congo, Dem. Rep.",2014,619.4708787086778,7.823951244354248,1898.7940673828125
"Congo, Dem. Rep.",2015,637.4655082670869,7.963478088378906,1901.332763671875
"Congo, Dem. Rep.",2016,617.7109821450202,7.9937944412231445,2000.128173828125
"Congo, Dem. Rep.",2017,620.7879627010151,7.9627685546875,2001.4051513671875
"Congo, Dem. Rep.",2018,636.8040000151491,7.924663066864014,1979.970947265625
"Congo, Dem. Rep.",2019,620.3631966592925,8.513998031616211,1871.4847412109375
"Congo, Dem. Rep.",2020,605.3577906178951,7.984598636627197,2057.46044921875
"Congo, Rep.",1961,1619.2969720221906,8.178735733032227,4240.58642578125
"Congo, Rep.",1962,1659.48539283084,8.194096565246582,4015.859130859375
"Congo, Rep.",1963,1550.7057260785787,8.258393287658691,4184.2236328125
"Congo, Rep.",1964,1566.6547832598744,8.194783210754395,3922.328369140625
"Congo, Rep.",1965,1579.7907392596107,8.162014961242676,3760.470458984375
"Congo, Rep.",1966,1556.6010341653289,8.269186973571777,4241.150390625
"Congo, Rep.",1967,1544.596118973166,8.173840522766113,3805.148193359375
"Congo, Rep.",1968,1614.7009774963547,8.169941902160645,3880.83349609375
"Congo, Rep.",1969,1685.7987320150141,8.228975296020508,4073.196044921875
"Congo, Rep.",1970,1739.8070272968657,8.23776912689209,3936.54736328125
"Congo, Rep.",1971,1818.2331057846648,8.13147258758545,3749.361572265625
"Congo, Rep.",1972,1914.5633328800163,8.149725914001465,3543.469482421875
"Congo, Rep.",1973,2008.366537104179,8.167521476745605,3831.41943359375
"Congo, Rep.",1974,2100.1571379450406,8.019277572631836,3882.865966796875
"Congo, Rep.",1975,2200.3303836461155,8.031760215759277,3897.662109375
"Congo, Rep.",1976,2166.9607181099395,7.992819786071777,3948.709716796875
"Congo, Rep.",1977,1926.3306906926912,8.106657028198242,3921.480712890625
"Congo, Rep.",1978,2001.3479795329677,8.10543441772461,3623.714599609375
"Congo, Rep.",1979,2148.058080432113,8.218897819519043,3786.409423828125
"Congo, Rep.",1980,2471.0022022954395,8.174714088439941,4032.841796875
"Congo, Rep.",1981,2843.0061173039016,8.19886589050293,3929.763427734375
"Congo, Rep.",1982,3439.083228228175,8.167741775512695,3903.742919921875
"Congo, Rep.",1983,3565.946636474655,8.301499366760254,3626.0244140625
"Congo, Rep.",1984,3720.8343316264877,8.278295516967773,4279.921875
"Congo, Rep.",1985,3569.98059068125,8.192111015319824,4194.3486328125
"Congo, Rep.",1986,3228.923409737599,8.183670997619629,3842.047119140625
"Congo, Rep.",1987,3141.8884292179105,8.30618953704834,4027.922119140625
"Congo, Rep.",1988,3106.0836625014385,8.266108512878418,4090.742919921875
"Congo, Rep.",1989,3096.05637564796,8.223076820373535,3998.14208984375
"Congo, Rep.",1990,3039.0056590649174,8.227049827575684,4171.884765625
"Congo, Rep.",1991,3024.5554890721737,8.195950508117676,3831.875244140625
"Congo, Rep.",1992,3017.036419188029,8.09233283996582,3724.075927734375
"Congo, Rep.",1993,2900.3811876013933,8.166092872619629,3715.238525390625
"Congo, Rep.",1994,2661.058783839551,8.153069496154785,4043.625244140625
"Congo, Rep.",1995,2690.3037067364585,8.237177848815918,3990.899658203125
"Congo, Rep.",1996,2728.9826116284185,8.140271186828613,3751.00732421875
"Congo, Rep.",1997,2654.5754466113694,7.859717845916748,3875.02490234375
"Congo, Rep.",1998,2693.9044048398446,8.331326484680176,3884.59423828125
"Congo, Rep.",1999,2554.4150256064777,8.172926902770996,4170.2099609375
"Congo, Rep.",2000,2644.6316422523355,8.115070343017578,3783.153076171875
"Congo, Rep.",2001,2643.533479818724,8.229674339294434,3697.864501953125
"Congo, Rep.",2002,2700.107379175484,8.306235313415527,4186.57763671875
"Congo, Rep.",2003,2647.032766015415,8.270951271057129,3846.485107421875
"Congo, Rep.",2004,2647.0291568001,8.261960983276367,3624.499267578125
"Congo, Rep.",2005,2751.3642775735752,8.313812255859375,3669.993896484375
"Congo, Rep.",2006,2861.913852053236,8.28504753112793,3930.547119140625
"Congo, Rep.",2007,2576.5967432439156,8.234638214111328,4016.43212890625
"Congo, Rep.",2008,2650.467363520961,8.238378524780273,4153.82763671875
"Congo, Rep.",2009,2843.0048084605073,8.229571342468262,3800.69921875
"Congo, Rep.",2010,2998.530525200725,8.34203815460205,4032.31005859375
"Congo, Rep.",2011,2966.657372038877,8.16855525970459,3849.468994140625
"Congo, Rep.",2012,3171.8068536544256,8.198897361755371,3714.65771484375
"Congo, Rep.",2013,3073.577795823134,8.169755935668945,3713.760986328125
"Congo, Rep.",2014,3199.6030692757254,8.260031700134277,3737.39208984375
"Congo, Rep.",2015,3136.182269030869,8.197103500366211,3617.59033203125
"Congo, Rep.",2016,2795.277661339659,8.386106491088867,3943.537841796875
"Congo, Rep.",2017,2575.5298637224105,8.333422660827637,4047.935302734375
"Congo, Rep.",2018,2455.558083403452,8.363086700439453,4032.572509765625
"Congo, Rep.",2019,2424.129778491015,9.180671691894531,3469.567138671875
"Congo, Rep.",2020,2218.4233182198273,8.401618003845215,4195.52880859375
Costa Rica,1961,4554.681685165082,8.09497356414795,6487.6474609375
Costa Rica,1962,4629.454622004263,8.06086540222168,7272.53466796875
Costa Rica,1963,4774.616242240015,8.147040367126465,6700.89892578125
Costa Rica,1964,4780.395129592147,8.126741409301758,6207.72509765625
Costa Rica,1965,5001.576697700301,8.168859481811523,6410.5205078125
Costa Rica,1966,5180.6189251511305,8.220705032348633,7122.2705078125
Costa Rica,1967,5306.793770082838,8.089799880981445,6625.2685546875
Costa Rica,1968,5590.325385358493,8.068670272827148,7179.7294921875
Costa Rica,1969,5734.03784190291,8.186861038208008,7366.5673828125
Costa Rica,1970,5997.763446536787,8.132357597351074,8483.8486328125
Costa Rica,1971,6236.154956341825,8.11826229095459,7089.48193359375
Costa Rica,1972,6573.13633913767,8.193337440490723,6752.37890625
Costa Rica,1973,6901.481602669557,8.169255256652832,7317.26416015625
Costa Rica,1974,7100.954547495292,8.012829780578613,6842.13134765625
Costa Rica,1975,7066.201522261317,8.111605644226074,7294.63623046875
Costa Rica,1976,7264.958097394209,8.087958335876465,6524.2958984375
Costa Rica,1977,7706.441751044046,8.224625587463379,6122.5546875
Costa Rica,1978,7974.33363996403,8.125496864318848,6409.3720703125
Costa Rica,1979,8145.258829301005,8.128130912780762,6683.96240234375
Costa Rica,1980,7986.314237367901,8.213634490966797,6818.3056640625
Costa Rica,1981,7595.970939623138,8.142173767089844,7287.4970703125
Costa Rica,1982,6852.414219051659,8.22431468963623,6609.90283203125
Costa Rica,1983,6857.531473318455,8.3325834274292,6729.2998046875
Costa Rica,1984,7206.6191350588515,8.068390846252441,6888.18212890625
Costa Rica,1985,7061.930311646596,8.12402057647705,5859.89892578125
Costa Rica,1986,7253.633432173999,8.191133499145508,5893.6943359375
Costa Rica,1987,7400.938370807614,8.401994705200195,6395.3076171875
Costa Rica,1988,7460.477185268483,8.299003601074219,7131.1162109375
Costa Rica,1989,7687.0689468942455,8.291897773742676,6574.5732421875
Costa Rica,1990,7761.607792484061,8.406638145446777,6498.4150390625
Costa Rica,1991,7737.992391551031,8.193037033081055,6414.3466796875
Costa Rica,1992,8238.78667757638,8.205087661743164,6322.87255859375
Costa Rica,1993,8605.56745236011,8.163928031921387,6704.67626953125
Costa Rica,1994,8776.344394671381,8.312990188598633,6846.703125
Costa Rica,1995,8923.571072195957,8.273273468017578,7841.353515625
Costa Rica,1996,8834.56775772451,8.057355880737305,8088.796875
Costa Rica,1997,9110.186625500903,8.219972610473633,7900.521484375
Costa Rica,1998,9552.691035278456,8.2483062744140625,7290.796875
Costa Rica,1999,9751.00307540772,7.968944072723389,7379.0849609375
Costa Rica,2000,9933.693714100782,8.003412246704102,6712.765625
Costa Rica,2001,10097.890893138849,8.142019271850586,7214.32958984375
Costa Rica,2002,10271.873505843421,8.210763931274414,7681.193359375
Costa Rica,2003,10552.016970872375,8.178915977478027,7630.19287109375
Costa Rica,2004,10858.096708334915,8.116610527038574,7613.73583984375
Costa Rica,2005,11127.842121611564,8.06306266784668,6862.029296875
Costa Rica,2006,11777.043265770133,8.110871315002441,6641.61962890625
Costa Rica,2007,12573.14724534875,8.159701347351074,7270.59912109375
Costa Rica,2008,12991.498747320366,8.167689323425293,8438.181640625
Costa Rica,2009,12707.067178921787,8.237723350524902,7131.53955078125
Costa Rica,2010,13223.144795203305,8.205403327941895,8389.09375
Costa Rica,2011,13644.049763522104,8.11490535736084,6588.04931640625
Costa Rica,2012,14144.236344261426,8.25710391998291,6296.6474609375
Costa Rica,2013,14336.60289424421,8.24449348449707,6305.646484375
Costa Rica,2014,14685.6984561984,8.350464820861816,7634.11767578125
Costa Rica,2015,15061.159381848707,8.1903715133667,4733.90185546875
Costa Rica,2016,15536.50020181336,8.194629669189453,4948.10009765625
Costa Rica,2017,16030.361994952475,7.903918743133545,4927.6806640625
Costa Rica,2018,16301.585156474084,8.032373428344727,5124.73876953125
Costa Rica,2019,16556.306620833777,8.217103004455566,4790.19775390625
Costa Rica,2020,15739.345228256241,8.08159351348877,6118.8388671875
Cote d'Ivoire,1961,2037.5134431062381,8.657085418701172,2959.6806640625
Cote d'Ivoire,1962,1986.0018905415484,8.642584800720215,3378.275390625
Cote d'Ivoire,1963,2188.0052995628894,8.725960731506348,3774.15869140625
Cote d'Ivoire,1964,2475.9047321115445,8.59473991394043,3307.972412109375
Cote d'Ivoire,1965,2307.9620524851716,8.583747863769531,3052.645263671875
Cote d'Ivoire,1966,2477.487460026118,8.64999008178711,3362.893798828125
Cote d'Ivoire,1967,2493.0218935156418,8.558730125427246,3007.990234375
Cote d'Ivoire,1968,2698.8611075291965,8.641575813293457,3767.83935546875
Cote d'Ivoire,1969,2841.1841162501373,8.738025665283203,3153.502197265625
Cote d'Ivoire,1970,3008.848698273141,8.69936752319336,3045.60546875
Cote d'Ivoire,1971,3153.9175068591303,8.498088836669922,3240.470703125
Cote d'Ivoire,1972,3143.541680074934,8.549098014831543,3082.0859375
Cote d'Ivoire,1973,3182.0481053420517,8.659963607788086,2956.804931640625
Cote d'Ivoire,1974,3171.4969527181306,8.515107154846191,3033.600830078125
Cote d'Ivoire,1975,3280.1059314713366,8.478788375854492,3093.92822265625
Cote d'Ivoire,1976,3555.9712912406867,8.417974472045898,3053.4736328125
Cote d'Ivoire,1977,3678.483378849557,8.571722030639648,2874.06787109375
Cote d'Ivoire,1978,3928.906617588896,8.523568153381348,2966.94189453125
Cote d'Ivoire,1979,3870.6924070794526,8.601178169250488,3259.880126953125
Cote d'Ivoire,1980,3313.043998469168,8.640615463256836,3257.488525390625
Cote d'Ivoire,1981,3294.41387823162,8.652368545532227,2946.973876953125
Cote d'Ivoire,1982,3170.8331044466204,8.585197448730469,2985.176025390625
Cote d'Ivoire,1983,2927.2815998102074,8.735596656799316,2563.569091796875
Cote d'Ivoire,1984,2736.714212986957,8.699402809143066,3128.18115234375
Cote d'Ivoire,1985,2748.822844875696,8.673328399658203,3126.446044921875
Cote d'Ivoire,1986,2729.5565419637064,8.595433235168457,2783.875732421875
Cote d'Ivoire,1987,2617.1206453412497,8.822955131530762,3141.73388671875
Cote d'Ivoire,1988,2547.396444887473,8.6815032958984375,3141.5537109375
Cote d'Ivoire,1989,2523.0111961564594,8.646944046020508,3171.608642578125
Cote d'Ivoire,1990,2399.146485492249,8.721421241760254,2929.22607421875
Cote d'Ivoire,1991,2306.6328841200793,8.68169116973877,2972.22607421875
Cote d'Ivoire,1992,2210.9693230428206,8.605696678161621,2856.953125
Cote d'Ivoire,1993,2120.6615227299435,8.685602188110352,2974.06884765625
Cote d'Ivoire,1994,2055.3782097446797,8.624719619750977,3137.341552734375
Cote d'Ivoire,1995,2117.598315686581,8.732616424560547,3156.35205078125
Cote d'Ivoire,1996,2194.5949850421766,8.716253280639648,3224.88720703125
Cote d'Ivoire,1997,2315.6466682135015,8.7288179397583,2955.1953125
Cote d'Ivoire,1998,2325.020763617355,8.833913803100586,3087.684326171875
Cote d'Ivoire,1999,2276.734526948515,8.680732727050781,3334.3486328125
Cote d'Ivoire,2000,2208.708156038382,8.712035179138184,3097.21728515625
Cote d'Ivoire,2001,2104.080113964328,8.747334480285645,2721.610595703125
Cote d'Ivoire,2002,1994.4209436830176,8.797781944274902,2813.425537109375
Cote d'Ivoire,2003,1853.3950722487807,8.801063537597656,3032.557861328125
Cote d'Ivoire,2004,1866.6084051312498,8.763874053955078,3078.2822265625
Cote d'Ivoire,2005,1840.7251094723463,8.807208061218262,3080.8173828125
Cote d'Ivoire,2006,1848.492226118723,8.785848617553711,2951.815185546875
Cote d'Ivoire,2007,1825.8637476261576,8.793864250183105,2799.948974609375
Cote d'Ivoire,2008,1870.15920659661,8.73123836517334,2549.42578125
Cote d'Ivoire,2009,1894.9609808581413,8.814740180969238,2607.9921875
Cote d'Ivoire,2010,1980.6000937309918,8.8998384475708,3205.244384765625
Cote d'Ivoire,2011,1833.951517226755,8.832572937011719,2614.19775390625
Cote d'Ivoire,2012,1932.9085325443812,8.716497421264648,2754.10693359375
Cote d'Ivoire,2013,2098.621116616396,8.92529010772705,2436.277099609375
Cote d'Ivoire,2014,2240.3136818404546,8.7840118408203125,3374.32470703125
Cote d'Ivoire,2015,2333.1148558206132,8.808502197265625,3008.4892578125
Cote d'Ivoire,2016,2428.972829965217,8.886713981628418,3138.16015625
Cote d'Ivoire,2017,2536.372591006519,8.85191535949707,2875.103515625
Cote d'Ivoire,2018,2588.4531658469878,8.908246040344238,2591.9814453125
Cote d'Ivoire,2019,2691.0192603678347,9.749229431152344,2134.900146484375
Cote d'Ivoire,2020,2642.1446828583676,8.919960975646973,2232.38330078125
Croatia,1990,12541.182512036963,4.965950012207031,2245.850830078125
Croatia,1991,10082.872456486186,4.708394527435303,2473.29638671875
Croatia,1992,9122.064364486912,5.086209297180176,2459.86865234375
Croatia,1993,8345.01999052006,4.899681568145752,2482.056640625
Croatia,1994,8736.989968758795,5.216226100921631,2426.69970703125
Croatia,1995,9391.387849755554,4.912221431732178,2676.52734375
Croatia,1996,10102.722933698175,4.7226033210754395,2677.065673828125
Croatia,1997,10778.310310195528,4.878349304199219,2404.530517578125
Croatia,1998,11027.77555666463,5.011447429656982,2586.77197265625
Croatia,1999,10981.524710487382,4.974179267883301,2699.380126953125
Croatia,2000,11417.026293207738,5.265913486480713,2310.7265625
Croatia,2001,12234.020702632528,4.996815204620361,2340.9736328125
Croatia,2002,12936.383025358484,5.177008628845215,2721.513916015625
Croatia,2003,13652.841555838728,5.018639087677002,2092.227294921875
Croatia,2004,14218.26319381577,4.865514278411865,2730.986083984375
Croatia,2005,14814.415018209025,4.772441864013672,2627.2470703125
Croatia,2006,15561.70819707362,4.975362300872803,2310.705322265625
Croatia,2007,16351.034594766319,5.232937812805176,2418.64697265625
Croatia,2008,16675.600115198522,5.1588664054870605,2529.501953125
Croatia,2009,15555.935614347996,5.141790866851807,2691.69287109375
Croatia,2010,15382.953315332079,4.9314751625061035,3126.970458984375
Croatia,2011,15419.037208373173,5.176448345184326,2168.568359375
Croatia,2012,15145.70925079089,5.287328243255615,2466.908447265625
Croatia,2013,15219.944625131384,5.1669087409973145,2845.85595703125
Croatia,2014,15251.50210657266,5.3055524826049805,3293.2099609375
Croatia,2015,15792.795564280035,5.308665752410889,2716.8369140625
Croatia,2016,16518.72599526086,5.163173198699951,2873.53369140625
Croatia,2017,17337.540672442894,5.178857803344727,2763.291748046875
Croatia,2018,18077.678639981204,5.3709821701049805,2761.182861328125
Croatia,2019,18824.232389859433,5.391297817230225,2921.8017578125
Croatia,2020,17414.920643213238,5.280740261077881,2876.497802734375
Cuba,1970,3368.547455068345,8.226021766662598,3287.930908203125
Cuba,1971,3594.6793713286406,8.329875946044922,2959.95166015625
Cuba,1972,3708.378115449759,8.43696403503418,3505.908203125
Cuba,1973,3781.2697004890138,8.325613021850586,3225.014892578125
Cuba,1974,3770.0813890070535,8.424568176269531,2812.62353515625
Cuba,1975,4081.3983044153297,8.49880599975586,2685.536865234375
Cuba,1976,4261.792221545679,8.22457504272461,2876.6650390625
Cuba,1977,4595.904319667023,8.258137702941895,3375.38037109375
Cuba,1978,4866.998384634775,8.300793647766113,3528.75634765625
Cuba,1979,4894.071303643958,8.333346366882324,3591.32861328125
Cuba,1980,4637.0539235850465,8.328790664672852,3447.019775390625
Cuba,1981,5524.923687396821,8.280830383300781,2971.132080078125
Cuba,1982,5979.185068966898,8.510054588317871,3311.2041015625
Cuba,1983,6253.323695364523,8.346871376037598,3274.77294921875
Cuba,1984,6694.070939424069,8.318624496459961,3219.5
Cuba,1985,6744.757308321431,8.402612686157227,3087.2236328125
Cuba,1986,6693.8378452546685,8.452275276184082,3174.34326171875
Cuba,1987,6475.458538760212,8.421757698059082,3282.9833984375
Cuba,1988,6652.814346317582,8.400946617126465,3683.194091796875
Cuba,1989,6634.0508876413405,8.492349624633789,3043.432861328125
Cuba,1990,6378.7577055799275,8.61074161529541,3136.393798828125
Cuba,1991,5651.0698043755,8.562793731689453,3406.001220703125
Cuba,1992,4965.065501881483,8.418184280395508,3034.874755859375
Cuba,1993,4204.822780716253,8.442890167236328,3259.640380859375
Cuba,1994,4217.466054009071,8.587641716003418,3172.604736328125
Cuba,1995,4305.537892501447,8.462559700012207,3713.132568359375
Cuba,1996,4627.515705211057,8.345236778259277,3437.10009765625
Cuba,1997,4740.7829446678625,8.607062339782715,3132.65771484375
Cuba,1998,4732.501836409889,8.61225414276123,3258.821044921875
Cuba,1999,5008.356392506045,8.46865463256836,3318.525390625
Cuba,2000,5286.978975421809,8.465141296386719,3201.0302734375
Cuba,2001,5438.226078244831,8.529681205749512,3371.906005859375
Cuba,2002,5499.2854651671105,8.580595970153809,3253.330810546875
Cuba,2003,5691.582381345136,8.597969055175781,3415.917724609375
Cuba,2004,6004.283720400029,8.478545188903809,3248.740966796875
Cuba,2005,6662.75460949674,8.503607749938965,3873.832763671875
Cuba,2006,7456.083720535492,8.529267311096191,3105.240234375
Cuba,2007,7991.374791889411,8.598833084106445,3690.43310546875
Cuba,2008,8317.057481360389,8.529476165771484,3396.105224609375
Cuba,2009,8435.554350011205,8.538537979125977,2956.916015625
Cuba,2010,8635.13723484133,8.419159889221191,3773.126220703125
Cuba,2011,8873.850604123496,8.6527862548828125,3558.328369140625
Cuba,2012,9140.091124355497,8.583142280578613,3564.272216796875
Cuba,2013,9395.38723528291,8.64401626586914,3424.496337890625
Cuba,2014,9504.235505308967,8.546639442443848,3427.767333984375
Cuba,2015,9935.493789220205,8.825897216796875,3027.0556640625
Cuba,2016,9994.826933192751,8.645210266113281,3159.608642578125
Cuba,2017,10191.800456251145,8.731588363647461,3595.051513671875
Cuba,2018,10440.130642968476,8.669134140014648,3260.262451171875
Cuba,2019,10445.686741008682,8.807380676269531,3092.543212890625
Cuba,2020,9323.991934794223,8.830617904663086,3746.80224609375
Curacao,2000,27672.13563257511,9.091530799865723,1605.201416015625
Curacao,2001,28504.498533111077,9.152325630187988,1352.7313232421875
Curacao,2002,28582.684483085086,9.132270812988281,1109.1583251953125
Curacao,2003,28080.006042552606,9.204156875610352,1396.0438232421875
Curacao,2004,27657.306428198986,9.115501403808594,1792.0748291015625
Curacao,2005,27143.311989532758,9.143181800842285,1893.4681396484375
Curacao,2006,26887.9037947788,9.103882789611816,1790.8355712890625
Curacao,2007,27013.248164132085,9.089085578918457,1595.776123046875
Curacao,2008,27259.16118735962,9.00135612487793,1679.024169921875
Curacao,2009,26938.349068574942,9.198762893676758,1304.1424560546875
Curacao,2010,26621.48171972744,9.29880142211914,2049.299072265625
Curacao,2011,26379.341624584966,9.12096118927002,2126.968505859375
Curacao,2012,26070.02762436585,9.137364387512207,1519.9276123046875
Curacao,2013,25612.288106256015,9.185406684875488,1350.086669921875
Curacao,2014,25108.374665378968,9.23848819732666,1122.386962890625
Curacao,2015,24892.74903688966,9.27382755279541,1272.76220703125
Curacao,2016,24367.222945583122,9.31147575378418,1371.332763671875
Curacao,2017,23979.500480831946,9.160500526428223,830.07733154296875
Curacao,2018,23598.554793936597,9.119606018066406,626.04766845703125
Curacao,2019,23116.885623618986,9.234574317932129,293.2473449707031
Curacao,2020,19092.04316293681,9.215548515319824,557.89013671875
Cyprus,1975,7936.801421345594,6.483490467071533,1372.48193359375
Cyprus,1976,9622.964837694257,6.373658180236816,1261.322021484375
Cyprus,1977,11196.124331237494,6.514199733734131,1064.5120849609375
Cyprus,1978,12022.21370463877,6.496197700500488,1360.6531982421875
Cyprus,1979,13110.74764209695,6.590230464935303,1164.576171875
Cyprus,1980,13715.236078048554,6.390680313110352,1210.3551025390625
Cyprus,1981,13828.91170907798,6.558460712432861,1514.4989013671875
Cyprus,1982,14489.174527150417,6.309049129486084,1102.0594482421875
Cyprus,1983,15172.345734484647,6.339397430419922,1275.1419677734375
Cyprus,1984,16288.689647945717,6.473998546600342,1291.183837890625
Cyprus,1985,16877.564320395202,6.515354156494141,1158.782470703125
Cyprus,1986,17303.11721865019,6.552211761474609,1055.143798828125
Cyprus,1987,18325.25876193081,6.448306083679199,1303.951904296875
Cyprus,1988,19699.797272461434,6.438551902770996,1470.73828125
Cyprus,1989,20964.42799566397,6.490884304046631,1016.98046875
Cyprus,1990,22041.993628365435,6.554547309875488,1004.8389892578125
Cyprus,1991,21637.58007846082,6.5432891845703125,1390.4853515625
Cyprus,1992,23050.045620824185,6.311305046081543,1333.9244384765625
Cyprus,1993,22657.589732836117,6.523642063140869,1054.7413330078125
Cyprus,1994,23503.216399085293,6.71378231048584,1469.8321533203125
Cyprus,1995,25011.07204243267,6.595122814178467,1073.994140625
Cyprus,1996,24922.928857091494,6.657732009887695,1271.7874755859375
Cyprus,1997,25221.071888312737,6.457594394683838,1324.9969482421875
Cyprus,1998,26436.165699407193,6.763006210327148,1278.3978271484375
Cyprus,1999,27448.56433461637,6.722470283508301,919.405029296875
Cyprus,2000,28778.215158372484,6.570721626281738,1477.527587890625
Cyprus,2001,29594.977203930626,6.808617115020752,1420.5477294921875
Cyprus,2002,30347.011687283215,6.6674418449401855,1221.6551513671875
Cyprus,2003,30766.90089245698,6.629085540771484,1469.453125
Cyprus,2004,31883.967990847064,6.5598907470703125,1444.68994140625
Cyprus,2005,32953.27726227562,6.550960063934326,1199.763671875
Cyprus,2006,33935.698877753646,6.58160400390625,1135.638671875
Cyprus,2007,34914.49201329269,6.726402759552002,1289.4840087890625
Cyprus,2008,35290.430156617374,6.739441871643066,1009.141845703125
Cyprus,2009,33663.37204186294,6.696483135223389,1538.8846435546875
Cyprus,2010,33542.98686176988,7.028079032897949,1179.598388671875
Cyprus,2011,32834.243031806895,6.543211460113525,1445.6820068359375
Cyprus,2012,31222.941810905115,6.861307144165039,1660.434326171875
Cyprus,2013,29199.595932462344,6.8177690505981445,1199.257568359375
Cyprus,2014,28764.861347773534,6.855257511138916,1336.8238525390625
Cyprus,2015,29683.93397231694,6.761691570281982,1451.2650146484375
Cyprus,2016,31470.41920909608,6.834554195404053,1268.47314453125
Cyprus,2017,32997.80837870318,6.7647881507873535,1147.89013671875
Cyprus,2018,34664.54373326093,7.002359867095947,1406.171630859375
Cyprus,2019,36213.45016556499,6.8900299072265625,1563.4757080078125
Cyprus,2020,34578.76094317418,6.957543849945068,1373.8739013671875
Czechia,1990,15300.130358381206,4.224372863769531,1471.3731689453125
Czechia,1991,13555.532072366137,3.9769716262817383,1463.0885009765625
Czechia,1992,13473.085478734467,4.278783798217773,1533.7591552734375
Czechia,1993,13467.419627535195,4.071848392486572,1596.596435546875
Czechia,1994,13854.22325003467,4.376246929168701,1601.161865234375
Czechia,1995,14725.17656164857,4.101243019104004,1663.2042236328125
Czechia,1996,15356.870084223377,3.7522685527801514,1647.5062255859375
Czechia,1997,15281.827200109292,4.067936897277832,1589.449462890625
Czechia,1998,15236.175307051146,4.188126087188721,1629.53515625
Czechia,1999,15461.9750950402,4.220535755157471,1599.5
Czechia,2000,16127.263608449015,4.407979965209961,1568.6827392578125
Czechia,2001,16660.209536904404,4.13831901550293,1648.1341552734375
Czechia,2002,16945.01075245938,4.32987117767334,1790.3680419921875
Czechia,2003,17509.34847056975,4.190435409545898,1344.1033935546875
Czechia,2004,18333.07020156935,4.078492641448975,1574.38671875
Czechia,2005,19474.851298822112,4.079753398895264,1600.74365234375
Czechia,2006,20708.550543717978,4.22871732711792,1566.117919921875
Czechia,2007,21718.102054123254,4.423504829406738,1714.138916015625
Czechia,2008,22101.36329690092,4.338093280792236,1544.8736572265625
Czechia,2009,20921.333054336435,4.27108097076416,1700.966796875
Czechia,2010,21426.756787721402,4.000831604003906,1851.7772216796875
Czechia,2011,21761.482623466483,4.324378967285156,1526.830078125
Czechia,2012,21563.579699064725,4.312702655792236,1610.46533203125
Czechia,2013,21547.414993974835,4.208752632141113,1670.362060546875
Czechia,2014,22008.018473885964,4.523219108581543,1699.7786865234375
Czechia,2015,23053.976855964833,4.515017986297607,1526.3575439453125
Czechia,2016,23603.596172040212,4.358401775360107,1733.7479248046875
Czechia,2017,24758.886034534095,4.347017765045166,1690.8583984375
Czechia,2018,25374.636485037398,4.559290409088135,1589.4117431640625
Czechia,2019,26176.157314752658,4.534787654876709,1563.776123046875
Czechia,2020,24727.328027306135,4.527751445770264,1662.1590576171875
Denmark,1961,23795.929459971463,4.225335597991943,1711.585205078125
Denmark,1962,24949.424520625125,3.8120522499084473,1618.6177978515625
Denmark,1963,24911.349190038305,3.8121795654296875,1619.380615234375
Denmark,1964,27003.932232471565,4.000181674957275,1538.949951171875
Denmark,1965,28014.874357187233,3.847268581390381,1698.241943359375
Denmark,1966,28552.535270187702,3.9259870052337646,1757.058837890625
Denmark,1967,29995.77614023741,4.206218242645264,1832.7730712890625
Denmark,1968,31558.70244318431,4.088509559631348,1741.365234375
Denmark,1969,33518.54786278813,3.9616150856018066,1593.691650390625
Denmark,1970,33885.07351224455,3.8273329734802246,1664.5477294921875
Denmark,1971,34719.77426279633,4.107722759246826,1521.3499755859375
Denmark,1972,35832.744256661834,4.113062381744385,1548.990478515625
Denmark,1973,37297.72485171801,4.157419204711914,1543.7216796875
Denmark,1974,36766.49333788978,4.236756324768066,1673.325927734375
Denmark,1975,36143.781157488746,4.370809555053711,1424.006103515625
Denmark,1976,38213.85161070461,4.023081302642822,1453.8203125
Denmark,1977,38851.371506058174,4.034054279327393,1680.66455078125
Denmark,1978,39667.01092865733,3.972489833831787,1626.1451416015625
Denmark,1979,41173.57463640078,3.7853994369506836,1708.236083984375
Denmark,1980,40814.52191803001,3.932011842727661,1749.6885986328125
Denmark,1981,40523.60104580527,3.941354751586914,1771.62060546875
Denmark,1982,42131.77264632396,4.125488758087158,1641.1304931640625
Denmark,1983,43279.99714174831,4.212814807891846,1638.377197265625
Denmark,1984,45181.72406795533,4.115220546722412,1652.50439453125
Denmark,1985,47039.09160168126,3.7507355213165283,1701.99560546875
Denmark,1986,49199.805022393266,3.8561716079711914,1607.5980224609375
Denmark,1987,49365.01090570213,3.7461612224578857,1689.1011962890625
Denmark,1988,49475.70549234425,4.243490695953369,1805.6258544921875
Denmark,1989,49790.75958209874,4.449409008026123,1528.7021484375
Denmark,1990,50535.25506339166,4.491819381713867,1781.4918212890625
Denmark,1991,51139.262014248474,4.146727085113525,1583.718505859375
Denmark,1992,52001.47413670766,4.331658363342285,1620.0482177734375
Denmark,1993,51787.61807805181,4.052416801452637,1702.8287353515625
Denmark,1994,54345.77516222246,4.254859447479248,1792.742919921875
Denmark,1995,55705.8478513292,4.1993088722229,1625.55419921875
Denmark,1996,56995.48344278499,3.8449363708496094,1391.488525390625
Denmark,1997,58557.523871465186,4.222519397735596,1526.848876953125
Denmark,1998,59702.53773770956,4.172895908355713,1850.423583984375
Denmark,1999,61271.02117431725,4.32766580581665,1878.72412109375
Denmark,2000,63340.69941150477,4.460494041442871,1872.7904052734375
Denmark,2001,63713.75062284648,4.165022373199463,1719.8583984375
Denmark,2002,63800.462796830376,4.379422187805176,1864.10498046875
Denmark,2003,63907.80834672424,4.2856764793396,1572.7958984375
Denmark,2004,65512.589300447966,4.261474609375,1747.148193359375
Denmark,2005,66873.95063687878,4.2708916664123535,1575.17431640625
Denmark,2006,69198.39545263255,4.436617374420166,1781.5147705078125
Denmark,2007,69572.28928325018,4.457411289215088,1817.48974609375
Denmark,2008,68876.17719627386,4.461992263793945,1770.4910888671875
Denmark,2009,65100.67250691031,4.298157691955566,1632.6661376953125
Denmark,2010,65838.04789219792,3.8855113983154297,1812.0458984375
Denmark,2011,66426.98661466489,4.421284198760986,1882.4735107421875
Denmark,2012,66173.91499054033,4.231493949890137,1726.5078125
Denmark,2013,66816.3617375078,4.270823955535889,1639.942626953125
Denmark,2014,67328.0188217789,4.668742656707764,1967.5609130859375
Denmark,2015,68260.9605037872,4.4929280281066895,1900.27197265625
Denmark,2016,69811.71404064276,4.404128074645996,1643.1754150390625
Denmark,2017,71484.11693548683,4.389220714569092,1979.9613037109375
Denmark,2018,72453.58167142936,4.52971887588501,1593.14404296875
Denmark,2019,73430.10557741963,4.539270877838135,1895.97509765625
Denmark,2020,71912.93798593637,4.670686721801758,1753.85888671875
Djibouti,2013,2751.493913995112,9.026918411254883,422.273193359375
Djibouti,2014,2896.777752492559,9.081976890563965,471.49151611328125
Djibouti,2015,3054.894551430807,9.384912490844727,360.31842041015625
Djibouti,2016,3217.821709863506,9.204398155212402,448.6415710449219
Djibouti,2017,3338.1590809894933,9.196174621582031,506.674072265625
Djibouti,2018,3441.929608304698,9.318702697753906,263.9404296875
Djibouti,2019,3576.6393126930093,9.309375762939453,373.24151611328125
Djibouti,2020,3565.663765372462,9.54213809967041,453.0233154296875
Dominica,1977,4142.447572202819,8.626445770263672,4312.88720703125
Dominica,1978,4558.863238388108,8.640042304992676,4245.35693359375
Dominica,1979,3709.9003701334386,8.625438690185547,5143.77587890625
Dominica,1980,4199.266085753846,8.749886512756348,4610.9931640625
Dominica,1981,4660.203807404067,8.74908447265625,4544.67529296875
Dominica,1982,4872.456389068852,8.701738357543945,4773.0400390625
Dominica,1983,5019.315945130848,8.837564468383789,4149.2099609375
Dominica,1984,5252.386707075333,8.665867805480957,4544.8994140625
Dominica,1985,5350.1857316845735,8.6464080810546875,4376.7607421875
Dominica,1986,5755.739862217871,8.679339408874512,4920.54541015625
Dominica,1987,6151.782953352662,8.841439247131348,4973.30126953125
Dominica,1988,6671.628143521908,8.730154991149902,5287.078125
Dominica,1989,6702.06453170018,8.675172805786133,4414.931640625
Dominica,1990,7118.55548197094,8.720714569091797,3737.040771484375
Dominica,1991,7248.958020228916,8.727520942687988,4987.03125
Dominica,1992,7392.975424231958,8.69876766204834,5630.80224609375
Dominica,1993,7541.020774279226,8.719040870666504,4748.95751953125
Dominica,1994,7538.843333291928,8.74698257446289,4732.75830078125
Dominica,1995,7768.230043092464,8.749463081359863,4938.640625
Dominica,1996,8016.179246505644,8.756132125854492,5031.1474609375
Dominica,1997,8204.503644914721,8.817913055419922,4430.9873046875
Dominica,1998,8535.715667397193,8.96879768371582,5484.271484375
Dominica,1999,8597.530837038707,8.83390998840332,5147.7529296875
Dominica,2000,8844.837578046074,8.768071174621582,4491.431640625
Dominica,2001,8868.05582312384,8.90223503112793,4643.08642578125
Dominica,2002,8584.330735458743,8.9096221923828125,4586.23779296875
Dominica,2003,9060.911765236953,8.998961448669434,5161.84521484375
Dominica,2004,9416.000200025144,8.801280975341797,5556.3173828125
Dominica,2005,9490.43268714091,8.9093170166015625,5851.7646484375
Dominica,2006,9897.717234825368,8.857391357421875,4961.46142578125
Dominica,2007,10421.820607497275,8.806286811828613,4620.59228515625
Dominica,2008,11162.856007200475,8.756564140319824,5082.54541015625
Dominica,2009,11034.471117813935,8.926308631896973,4738.0009765625
Dominica,2010,11023.61790869747,9.012003898620605,5236.556640625
Dominica,2011,10997.34589255852,8.868090629577637,5065.412109375
Dominica,2012,10969.71111827747,8.84157657623291,5232.35400390625
Dominica,2013,10876.262534361043,8.843928337097168,4300.70556640625
Dominica,2014,11026.177134055428,8.888649940490723,4890.8876953125
Dominica,2015,10648.623265632155,8.942967414855957,4190.1982421875
Dominica,2016,10927.51445129719,8.821700096130371,4928.43310546875
Dominica,2017,10266.827088227532,8.675164222717285,5195.46728515625
Dominica,2018,10621.06661377071,8.499323844909668,4998.2275390625
Dominica,2019,11088.214551916346,8.71905517578125,4568.41845703125
Dominica,2020,9389.11899668291,8.629467010498047,4653.39453125
Dominican Republic,1961,1674.0517608271307,8.052607536315918,3721.509521484375
Dominican Republic,1962,1899.3506353110322,8.076586723327637,3430.7392578125
Dominican Republic,1963,1961.7816852127528,8.075434684753418,3922.211669921875
Dominican Republic,1964,2032.046548171391,8.062634468078613,3199.763427734375
Dominican Republic,1965,1726.8620990050833,7.939042568206787,3628.034423828125
Dominican Republic,1966,1902.9586305646976,7.99171257019043,3688.989990234375
Dominican Republic,1967,1909.2815776843338,7.940603733062744,2856.531494140625
Dominican Republic,1968,1859.3983657728177,7.962920665740967,3401.901611328125
Dominican Republic,1969,2004.1372314670148,8.086732864379883,3822.4189453125
Dominican Republic,1970,2303.5793327555207,8.013386726379395,4399.248046875
Dominican Republic,1971,2483.479023352937,7.935102939605713,3667.87060546875
Dominican Republic,1972,2666.3851832141095,8.056389808654785,3760.98193359375
Dominican Republic,1973,2928.1891649410272,8.102571487426758,3053.3251953125
Dominican Republic,1974,3020.5805081544636,7.971055507659912,3868.423583984375
Dominican Republic,1975,3093.975254113818,7.95053243637085,3263.102783203125
Dominican Republic,1976,3216.9632906907677,7.921384334564209,3087.9130859375
Dominican Republic,1977,3291.426930630683,8.039288520812988,3585.594482421875
Dominican Republic,1978,3277.751319485433,8.0570220947265625,3929.44921875
Dominican Republic,1979,3341.80795999365,8.1132965087890625,5018.53076171875
Dominican Republic,1980,3520.348120452743,8.20442008972168,3725.889404296875
Dominican Republic,1981,3583.8025909605235,8.1420745849609375,4636.07421875
Dominican Republic,1982,3560.5515200426335,8.05642032623291,3512.3046875
Dominican Republic,1983,3640.4084585451674,8.196907997131348,3930.81884765625
Dominican Republic,1984,3602.9144132727265,8.032367706298828,3882.376953125
Dominican Republic,1985,3448.9171069094778,8.015035629272461,3553.560546875
Dominican Republic,1986,3493.883553662949,8.035096168518066,4042.370849609375
Dominican Republic,1987,3766.3804891469904,8.22292709350586,4530.7587890625
Dominican Republic,1988,3767.204753060616,8.131173133850098,3984.025634765625
Dominican Republic,1989,3850.6630802129393,8.100618362426758,3728.02734375
Dominican Republic,1990,3564.8461334981866,8.11193561553955,3716.518310546875
Dominican Republic,1991,3525.207146616875,8.116636276245117,3617.859375
Dominican Republic,1992,3843.6235049048914,8.178186416625977,3611.365966796875
Dominican Republic,1993,4046.84078536864,8.170101165771484,3551.37646484375
Dominican Republic,1994,4072.906733048981,8.259415626525879,3358.1767578125
Dominican Republic,1995,4225.150404736472,8.217591285705566,3654.92919921875
Dominican Republic,1996,4396.329256467615,8.174327850341797,2558.43359375
Dominican Republic,1997,4704.890970544964,8.350325584411621,2414.012451171875
Dominican Republic,1998,4938.063292342155,8.449847221374512,2864.5478515625
Dominican Republic,1999,5148.046581517142,8.31360149383545,2256.57373046875
Dominican Republic,2000,5300.920757062875,8.239212989807129,2504.12548828125
Dominican Republic,2001,5347.048476105441,8.332435607910156,1932.1964111328125
Dominican Republic,2002,5503.664645679489,8.34046745300293,2097.214111328125
Dominican Republic,2003,5351.78300179542,8.373183250427246,2359.156005859375
Dominican Republic,2004,5415.222172336479,8.23262882232666,1737.4886474609375
Dominican Republic,2005,5848.797737622313,8.282646179199219,1639.2025146484375
Dominican Republic,2006,6305.808942272109,8.292886734008789,1537.095947265625
Dominican Republic,2007,6691.594800846879,8.285798072814941,1654.3619384765625
Dominican Republic,2008,6825.48576405697,8.194085121154785,1521.79150390625
Dominican Republic,2009,6807.130217273078,8.34365463256836,1536.953369140625
Dominican Republic,2010,7285.148127794684,8.445189476013184,1812.3089599609375
Dominican Republic,2011,7422.865294870294,8.246647834777832,1701.4676513671875
Dominican Republic,2012,7534.364209805826,8.222309112548828,2558.404541015625
Dominican Republic,2013,7810.440945514516,8.293246269226074,2477.314697265625
Dominican Republic,2014,8267.164833588318,8.305293083190918,2419.238525390625
Dominican Republic,2015,8743.727609743672,8.376564025878906,2231.895263671875
Dominican Republic,2016,9228.165949948321,8.35716438293457,2795.09423828125
Dominican Republic,2017,9487.41458942667,8.264435768127441,2540.68505859375
Dominican Republic,2018,10052.213857260944,8.269859313964844,1925.157958984375
Dominican Republic,2019,10435.77887769066,8.370711326599121,2137.45556640625
Dominican Republic,2020,9508.5941311171,8.309531211853027,2233.792236328125
Ecuador,1961,3142.4911860439224,7.382143020629883,4398.6787109375
Ecuador,1962,3204.1607951693477,7.366881370544434,4113.31396484375
Ecuador,1963,3178.4767897779634,7.370495319366455,4963.3173828125
Ecuador,1964,3315.6702880495714,7.2466959953308105,4733.1796875
Ecuador,1965,3324.8091134342626,7.5697126388549805,5331.19921875
Ecuador,1966,3216.618027089266,7.310812950134277,4557.796875
Ecuador,1967,3266.4324358434033,7.209627628326416,4557.361328125
Ecuador,1968,3230.8716261818877,7.235334396362305,4595.82763671875
Ecuador,1969,3282.3715033809844,7.531512260437012,5546.58642578125
Ecuador,1970,3405.2663217071836,7.287165641784668,5032.033203125
Ecuador,1971,3514.1207630564018,7.178683757781982,5000.4716796875
Ecuador,1972,3583.627239262444,7.802001476287842,6847.1552734375
Ecuador,1973,3966.322725733706,7.339148998260498,5474.77294921875
Ecuador,1974,4285.585672030599,7.274662971496582,5061.90283203125
Ecuador,1975,4622.398964055577,7.178931713104248,6037.966796875
Ecuador,1976,4826.901619211735,7.572229862213135,5171.87109375
Ecuador,1977,4770.199763066884,7.394787311553955,4451.81884765625
Ecuador,1978,4905.973874427317,7.302029609680176,4064.98828125
Ecuador,1979,4952.985482104521,7.376379013061523,4008.303466796875
Ecuador,1980,5000.168960094401,7.385688304901123,4382.2958984375
Ecuador,1981,5141.648121849958,7.415435791015625,4812.416015625
Ecuador,1982,5038.459589109467,7.635135173797607,5329.33056640625
Ecuador,1983,4891.3436378617025,7.7973127365112305,6976.16552734375
Ecuador,1984,4890.1147649924915,7.390133857727051,5039.5322265625
Ecuador,1985,4953.515989583085,7.3689141273498535,3970.5068359375
Ecuador,1986,4999.059305842809,7.399861812591553,4159.8447265625
Ecuador,1987,4867.159641889413,7.6832404136657715,5625.32421875
Ecuador,1988,5034.665819898663,7.402464389801025,4692.56494140625
Ecuador,1989,4970.58498229232,7.366067886352539,4823.857421875
Ecuador,1990,5039.432320592647,7.4911208152771,4686.52490234375
Ecuador,1991,5143.37889457446,7.49923849105835,4235.83349609375
Ecuador,1992,5142.688833495216,7.670408725738525,6602.47314453125
Ecuador,1993,5138.783394332769,7.566133975982666,5195.8759765625
Ecuador,1994,5254.938998828884,7.450263500213623,5634.3525390625
Ecuador,1995,5272.0982979299815,7.501416206359863,4809.017578125
Ecuador,1996,5263.296901235944,7.399561405181885,4524.77587890625
Ecuador,1997,5390.595046012872,7.822401523590088,7323.408203125
Ecuador,1998,5466.691141237609,7.782598495483398,8227.6494140625
Ecuador,1999,5115.897530734887,7.398200511932373,5726.03564453125
Ecuador,2000,5082.734984139536,7.4460883140563965,5533.27587890625
Ecuador,2001,5205.6460697903185,7.408089637756348,4518.23583984375
Ecuador,2002,5367.50803083192,7.5590057373046875,4827.25244140625
Ecuador,2003,5425.7678715394095,7.336291790008545,4538.4873046875
Ecuador,2004,5695.788018524771,7.57658052444458,4364.0166015625
Ecuador,2005,5900.325688417779,7.552163600921631,3963.337646484375
Ecuador,2006,6051.58650331148,7.413452625274658,4127.404296875
Ecuador,2007,6062.287107747482,7.306345462799072,4640.6337890625
Ecuador,2008,6351.044952609071,7.517106533050537,5686.5966796875
Ecuador,2009,6311.74826231151,7.50521183013916,4609.69287109375
Ecuador,2010,6456.856992012701,7.57344388961792,6106.1953125
Ecuador,2011,6890.451036651463,7.473447799682617,5378.5908203125
Ecuador,2012,7173.809672665906,7.57830810546875,5406.64404296875
Ecuador,2013,7576.820363868223,7.5687255859375,5278.92431640625
Ecuador,2014,7784.737639046025,7.647456645965576,5137.90625
Ecuador,2015,7683.321981097276,7.782361030578613,6834.87158203125
Ecuador,2016,7520.012294564895,7.494441986083984,4863.02099609375
Ecuador,2017,7848.03182233748,6.917848110198975,5315.2490234375
Ecuador,2018,7795.092220482389,6.610318183898926,3313.816650390625
Ecuador,2019,7677.188991446031,6.968887805938721,5398.44970703125
Ecuador,2020,6885.606785050405,6.6870551109313965,4092.377685546875
"Egypt, Arab Rep.",1961,994.2795777594685,7.532049655914307,121.31085968017578
"Egypt, Arab Rep.",1962,1005.9844720973348,7.838727951049805,84.11021423339844
"Egypt, Arab Rep.",1963,1082.9467551386797,7.813236713409424,96.97468566894531
"Egypt, Arab Rep.",1964,1176.546196274938,7.51923131942749,103.13569641113281
"Egypt, Arab Rep.",1965,1203.32085584977,7.641421794891357,101.85637664794922
"Egypt, Arab Rep.",1966,1232.7579453404269,7.797112464904785,114.6041488647461
"Egypt, Arab Rep.",1967,1212.2002099417562,7.458113670349121,103.18264770507813
"Egypt, Arab Rep.",1968,1163.7358998210864,7.672023296356201,104.72076416015625
"Egypt, Arab Rep.",1969,1195.705479174054,7.746140003204346,108.40777587890625
"Egypt, Arab Rep.",1970,1233.0220182526111,7.546339988708496,91.502410888671875
"Egypt, Arab Rep.",1971,1253.7422377155935,7.523895263671875,106.87957000732422
"Egypt, Arab Rep.",1972,1262.6554407659135,7.555067539215088,103.60746002197266
"Egypt, Arab Rep.",1973,1277.2144170383935,7.527386665344238,88.17759704589844
"Egypt, Arab Rep.",1974,1267.4855052375926,7.573835372924805,119.43363189697266
"Egypt, Arab Rep.",1975,1348.6203409129923,7.510097503662109,96.99918365478516
"Egypt, Arab Rep.",1976,1492.3861945072751,7.526797294616699,92.799407958984375
"Egypt, Arab Rep.",1977,1588.6889245801067,7.538922309875488,101.77633666992188
"Egypt, Arab Rep.",1978,1683.929552029984,7.568061351776123,101.32525634765625
"Egypt, Arab Rep.",1979,1717.0422548556119,7.704136848449707,100.83472442626953
"Egypt, Arab Rep.",1980,1840.298114938012,7.5822553634643555,95.923828125
"Egypt, Arab Rep.",1981,1923.163856771678,7.568400859832764,81.778717041015625
"Egypt, Arab Rep.",1982,2056.289026332143,7.454761505126953,115.85904693603516
"Egypt, Arab Rep.",1983,2098.6916811727206,7.402040481567383,103.56851959228516
"Egypt, Arab Rep.",1984,2234.8995570787974,7.577561378479004,90.79114532470703
"Egypt, Arab Rep.",1985,2295.007675633965,7.65033483505249,112.5145034790039
"Egypt, Arab Rep.",1986,2336.1460698106384,7.621177673339844,103.54096984863281
"Egypt, Arab Rep.",1987,2359.335774017093,7.625115871429443,98.32154846191406
"Egypt, Arab Rep.",1988,2419.9605935281056,7.681582927703857,121.3192367553711
"Egypt, Arab Rep.",1989,2470.8578040607263,7.602888107299805,102.9134750366211
"Egypt, Arab Rep.",1990,2535.5029372066533,7.662960529327393,98.54076385498047
"Egypt, Arab Rep.",1991,2494.313281383023,7.655178070068359,113.61772155761719
"Egypt, Arab Rep.",1992,2544.351131529278,7.4845709800720215,100.9311752319336
"Egypt, Arab Rep.",1993,2558.4408295846456,7.694507122039795,97.29398345947266
"Egypt, Arab Rep.",1994,2603.4062672174377,7.712911128997803,104.23046112060547
"Egypt, Arab Rep.",1995,2667.543029409165,7.663502216339111,79.09281158447266
"Egypt, Arab Rep.",1996,2743.1504135639243,7.742020130157471,87.21599578857422
"Egypt, Arab Rep.",1997,2834.455201295303,7.622349262237549,96.68724822998047
"Egypt, Arab Rep.",1998,2927.819068502886,7.841147422790527,97.13958740234375
"Egypt, Arab Rep.",1999,3036.559343483814,7.81374979019165,74.97400665283203
"Egypt, Arab Rep.",2000,3160.9395646051057,7.662966251373291,103.7878189086914
"Egypt, Arab Rep.",2001,3203.9141853541123,7.848883152008057,83.7176284790039
"Egypt, Arab Rep.",2002,3212.2025917932356,7.870302200317383,94.727508544921875
"Egypt, Arab Rep.",2003,3246.0457951301414,7.821672439575195,87.836883544921875
"Egypt, Arab Rep.",2004,3309.8386075026956,7.795017242431641,92.73358917236328
"Egypt, Arab Rep.",2005,3388.6235106922863,7.802423000335693,94.6313705444336
"Egypt, Arab Rep.",2006,3550.5154387369353,7.8019208908081055,88.65704345703125
"Egypt, Arab Rep.",2007,3731.0757395914334,7.836716175079346,86.59544372558594
"Egypt, Arab Rep.",2008,3924.1145353860957,7.922496795654297,90.18963623046875
"Egypt, Arab Rep.",2009,4030.6748827501815,7.9856719970703125,75.68550872802734
"Egypt, Arab Rep.",2010,4157.632214082844,8.29922103881836,77.15596771240234
"Egypt, Arab Rep.",2011,4142.887326610794,7.830688953399658,67.56725311279297
"Egypt, Arab Rep.",2012,4141.107251471786,8.008188247680664,72.30524444580078
"Egypt, Arab Rep.",2013,4135.175782835914,8.010340690612793,76.15221405029297
"Egypt, Arab Rep.",2014,4159.9685833786225,8.068342208862305,85.56854248046875
"Egypt, Arab Rep.",2015,4251.660887840968,8.053967475891113,52.647857666015625
"Egypt, Arab Rep.",2016,4347.109558988243,8.086398124694824,71.4732437133789
"Egypt, Arab Rep.",2017,4439.275009735339,7.963449001312256,57.15082931518555
"Egypt, Arab Rep.",2018,4588.0647489137145,8.181700706481934,107.34590148925781
"Egypt, Arab Rep.",2019,4758.549934717875,8.020662307739258,80.11563873291016
"Egypt, Arab Rep.",2020,4848.063957790155,8.015002250671387,93.50908660888672
El Salvador,1965,3390.286600086407,8.153558731079102,3747.451904296875
El Salvador,1966,3532.0634184275427,8.164546966552734,4442.4306640625
El Salvador,1967,3620.4401020237697,8.105005264282227,3446.8125
El Salvador,1968,3634.9800062935774,8.0615997314453125,4169.39111328125
El Salvador,1969,3661.006345654893,8.293721199035645,4873.76416015625
El Salvador,1970,3675.1477688424006,8.266304969787598,4308.876953125
El Salvador,1971,3726.814305813176,8.243898391723633,3386.375732421875
El Salvador,1972,3862.9897435778103,8.310576438903809,3522.44775390625
El Salvador,1973,3956.945993167638,8.298800468444824,4183.67431640625
El Salvador,1974,4073.3391467439574,8.103394508361816,4202.2333984375
El Salvador,1975,4100.060816262879,8.302733421325684,3846.301513671875
El Salvador,1976,4215.157108062888,8.229985237121582,3800.27197265625
El Salvador,1977,4405.779076487603,8.327703475952148,3576.398193359375
El Salvador,1978,4542.22813424514,8.286705017089844,3798.57666015625
El Salvador,1979,4268.542413204693,8.280142784118652,4324.6796875
El Salvador,1980,3545.0693949684664,8.340790748596191,4129.412109375
El Salvador,1981,3320.1600938229367,8.263998031616211,4465.47412109375
El Salvador,1982,3075.797300384231,8.33051586151123,3970.400390625
El Salvador,1983,3066.81375162996,8.443459510803223,3912.727783203125
El Salvador,1984,3049.0568573231444,8.155738830566406,4365.24365234375
El Salvador,1985,3007.1784965052416,8.239524841308594,3717.78515625
El Salvador,1986,2953.853673190666,8.28926944732666,3635.6171875
El Salvador,1987,2968.6768220608765,8.423192024230957,3512.437255859375
El Salvador,1988,2964.2505481605745,8.367069244384766,4566.23046875
El Salvador,1989,2934.5715115318762,8.294498443603516,4132.7587890625
El Salvador,1990,3018.9976500891153,8.296198844909668,3695.299072265625
El Salvador,1991,3010.9355476195888,8.240986824035645,3888.7080078125
El Salvador,1992,3170.13402925318,8.223912239074707,5182.6533203125
El Salvador,1993,3310.5173442027917,8.163145065307617,4396.82080078125
El Salvador,1994,3432.991366556806,8.404699325561523,3700.531005859375
El Salvador,1995,3565.559205655589,8.392433166503906,4507.65283203125
El Salvador,1996,3567.7718302661488,8.144808769226074,4151.31396484375
El Salvador,1997,3654.98932598219,8.329107284545898,3900.59765625
El Salvador,1998,3728.8323165247466,8.414850234985352,4218.21826171875
El Salvador,1999,3788.1172567927456,8.082365036010742,3745.241943359375
El Salvador,2000,3811.8511516072376,8.085249900817871,4037.86328125
El Salvador,2001,3829.469710219403,8.292333602905273,4468.087890625
El Salvador,2002,3877.637977688092,8.338536262512207,4100.42431640625
El Salvador,2003,3930.4807456147882,8.25683307647705,3767.572265625
El Salvador,2004,3961.428715503313,8.184961318969727,4321.35302734375
El Salvador,2005,4067.0135700086985,8.312322616577148,3509.7314453125
El Salvador,2006,4245.703874603253,8.27601432800293,3610.6845703125
El Salvador,2007,4318.747646610148,8.318982124328613,3563.096923828125
El Salvador,2008,4397.541982411965,8.336021423339844,3910.218994140625
El Salvador,2009,4291.297740518212,8.349862098693848,3503.225341796875
El Salvador,2010,4369.314225887973,8.34753131866455,3542.393798828125
El Salvador,2011,4517.905501709319,8.042715072631836,3409.744873046875
El Salvador,2012,4630.237765037758,8.3280792236328125,3662.478515625
El Salvador,2013,4712.150515907625,8.207210540771484,4010.7744140625
El Salvador,2014,4774.884638888794,8.43018627166748,3715.81982421875
El Salvador,2015,4873.097614678439,8.379488945007324,3356.564453125
El Salvador,2016,4983.029466785902,8.318451881408691,3427.138916015625
El Salvador,2017,5084.58806740607,8.245908737182617,3487.228759765625
El Salvador,2018,5201.998296994732,8.256458282470703,3173.875
El Salvador,2019,5326.645106265023,8.41041088104248,3268.389404296875
El Salvador,2020,4896.485175227108,8.2767181396484375,3404.552490234375
Equatorial Guinea,1980,588.3303629480569,8.191224098205566,5487.3779296875
Equatorial Guinea,1981,592.2979748923115,8.136281967163086,5341.134765625
Equatorial Guinea,1982,569.7113046616482,8.118682861328125,5588.791015625
Equatorial Guinea,1983,561.2838359030692,8.2600679397583,5124.01708984375
Equatorial Guinea,1984,533.5891896087638,8.226764678955078,5971.1181640625
Equatorial Guinea,1985,570.1855808351946,8.117026329040527,5992.42626953125
Equatorial Guinea,1986,530.5044381658539,8.110456466674805,5367.02197265625
Equatorial Guinea,1987,530.7087419163585,8.241143226623535,5551.1201171875
Equatorial Guinea,1988,523.57478072579,8.209776878356934,6150.08251953125
Equatorial Guinea,1989,497.71617120824624,8.191442489624023,5634.494140625
Equatorial Guinea,1990,470.9565454113215,8.192085266113281,6167.28369140625
Equatorial Guinea,1991,449.14975889226116,8.196571350097656,5509.50732421875
Equatorial Guinea,1992,583.2249426769561,8.132524490356445,5296.95166015625
Equatorial Guinea,1993,624.0503940184424,8.195527076721191,5566.4814453125
Equatorial Guinea,1994,701.4514166412874,8.160998344421387,5829.44873046875
Equatorial Guinea,1995,793.6325600262721,8.22581672668457,5549.7890625
Equatorial Guinea,1996,1272.519115346959,8.170949935913086,5819.8056640625
Equatorial Guinea,1997,3060.2885738481973,8.162017822265625,5731.17138671875
Equatorial Guinea,1998,3642.7073602408736,8.37655258178711,6498.55859375
Equatorial Guinea,1999,4400.9772561749,8.2671356201171875,6248.29638671875
Equatorial Guinea,2000,4935.767903036481,8.208852767944336,5373.2939453125
Equatorial Guinea,2001,7563.357908375206,8.246216773986816,5635.3076171875
Equatorial Guinea,2002,8490.519505862148,8.288071632385254,5900.3935546875
Equatorial Guinea,2003,9105.900933704486,8.296192169189453,5626.9736328125
Equatorial Guinea,2004,11839.155263397852,8.280601501464844,5700.12841796875
Equatorial Guinea,2005,13129.765664654018,8.300580024719238,3888.16845703125
Equatorial Guinea,2006,13527.736159730048,8.3118896484375,4788.56201171875
Equatorial Guinea,2007,14907.145559393051,8.263278007507324,6332.3857421875
Equatorial Guinea,2008,16775.40941743351,8.233426094055176,4242.03369140625
Equatorial Guinea,2009,16235.164017776313,8.256426811218262,4403.5185546875
Equatorial Guinea,2010,14122.129522838226,8.348824501037598,4633.5087890625
Equatorial Guinea,2011,14404.439030299432,8.227025032043457,4137.5634765625
Equatorial Guinea,2012,14978.888615965696,8.245116233825684,5799.1953125
Equatorial Guinea,2013,13797.269941079914,8.224576950073242,4448.72705078125
Equatorial Guinea,2014,13323.942736565876,8.254638671875,4820.751953125
Equatorial Guinea,2015,11659.55388090293,8.1853609085083,4515.7705078125
Equatorial Guinea,2016,10249.084834092208,8.348589897155762,4674.8271484375
Equatorial Guinea,2017,9332.76176090178,8.305337905883789,4167.7177734375
Equatorial Guinea,2018,8458.242874793588,8.350198745727539,5972.86962890625
Equatorial Guinea,2019,7737.2696260069215,9.1309814453125,3642.324462890625
Equatorial Guinea,2020,7167.903562507783,8.389216423034668,4216.984375
Eritrea,1992,825.4879335562442,8.413832664489746,832.15936279296875
Eritrea,1993,907.662532745048,8.59388256072998,706.9200439453125
Eritrea,1994,1066.990306284533,8.652618408203125,739.41400146484375
Eritrea,1995,1037.1474638445218,8.789036750793457,687.1954345703125
Eritrea,1996,1078.2341096679763,8.813783645629883,689.61669921875
Eritrea,1997,1150.7109971898092,8.794431686401367,675.3538818359375
Eritrea,1998,1155.9169011094875,8.834083557128906,863.54986572265625
Eritrea,1999,1139.1656304148482,8.940019607543945,773.345947265625
Eritrea,2000,1086.5547314506032,8.719480514526367,632.34942626953125
Eritrea,2001,1148.4417547186315,8.8125152587890625,615.862548828125
Eritrea,2002,1142.9653203675566,8.841971397399902,562.3663330078125
Eritrea,2003,1067.5876699636592,8.8357696533203125,746.42864990234375
Eritrea,2004,1039.5753401026052,8.791747093200684,502.08331298828125
Eritrea,2005,1041.1224715215951,8.908693313598633,684.98138427734375
Eritrea,2006,1014.9047853558488,8.786967277526855,652.617919921875
Eritrea,2007,1014.4808636395776,8.735518455505371,727.023193359375
Eritrea,2008,891.4766500016256,8.841205596923828,617.16693115234375
Eritrea,2009,903.0888301088987,8.921900749206543,545.44207763671875
Eritrea,2010,904.9484604923094,9.066720008850098,662.81121826171875
Eritrea,2011,966.0142285708204,8.510727882385254,418.9490661621094
Estonia,1990,12009.659703369203,3.7341811656951904,1669.0859375
Estonia,1991,11104.528345968061,3.5403120517730713,1492.6500244140625
Estonia,1992,8915.000393196904,3.7330732345581055,1404.2598876953125
Estonia,1993,8622.369988378317,3.4211888313293457,1490.92919921875
Estonia,1994,8664.075764830468,3.51088809967041,1506.899658203125
Estonia,1995,9219.413564112447,3.6111063957214355,1510.879638671875
Estonia,1996,9818.931949046317,3.3552894592285156,1442.106689453125
Estonia,1997,11227.675329230151,3.54124116897583,1603.9737548828125
Estonia,1998,11828.008154162642,3.49613356590271,1611.5267333984375
Estonia,1999,11743.10379118236,3.736607789993286,1459.70849609375
Estonia,2000,12865.32441449762,3.8295586109161377,1547.046875
Estonia,2001,13708.944863947532,3.6109941005706787,1698.656982421875
Estonia,2002,14752.538348049304,3.67158842086792,1439.5306396484375
Estonia,2003,15973.12264758891,3.5680646896362305,1572.09521484375
Estonia,2004,17161.697061165196,3.4919991493225098,1615.2764892578125
Estonia,2005,18903.884299464837,3.591562509536743,1564.3338623046875
Estonia,2006,20872.10084531159,3.7791388034820557,1491.7218017578125
Estonia,2007,22554.969498692408,3.7940866947174072,1556.774169921875
Estonia,2008,21456.411856340106,3.9037282466888428,1691.431884765625
Estonia,2009,18352.634996833083,3.5630850791931152,1633.1773681640625
Estonia,2010,18845.15762418125,3.359344720840454,1675.671630859375
Estonia,2011,20340.360179531657,3.8717262744903564,1589.6668701171875
Estonia,2012,21162.87794073226,3.490675210952759,1749.987060546875
Estonia,2013,21611.379003632916,3.7638840675354004,1492.6217041015625
Estonia,2014,22388.117014274405,3.827688694000244,1519.83544921875
Estonia,2015,22784.703929426934,4.004129409790039,1408.39306640625
Estonia,2016,23482.601895113672,3.762587308883667,1679.4619140625
Estonia,2017,24775.755274984705,3.750636100769043,1752.228271484375
Estonia,2018,25603.119166586926,3.9273838996887207,1442.4185791015625
Estonia,2019,26458.76609399495,3.9571752548217773,1646.8048095703125
Estonia,2020,25645.032013976932,4.184386253356934,1582.9017333984375
Eswatini,1970,1163.213438155496,7.068355083465576,1651.27587890625
Eswatini,1971,1288.1432205608824,6.897165775299072,2050.197998046875
Eswatini,1972,1321.2657248366652,6.986368179321289,2034.688720703125
Eswatini,1973,1400.5847509526257,7.001439094543457,2122.29833984375
Eswatini,1974,1439.1187720221642,6.985454559326172,1870.57763671875
Eswatini,1975,1591.8598883144314,6.898044586181641,2093.239013671875
Eswatini,1976,1511.5054934770492,6.945692539215088,2103.8388671875
Eswatini,1977,1478.6808002487185,7.084847927093506,2340.156005859375
Eswatini,1978,1449.748052565393,7.074804782867432,2186.096435546875
Eswatini,1979,1446.2256770098563,7.053287982940674,1749.4559326171875
Eswatini,1980,1573.2660083119722,7.042008876800537,2040.94140625
Eswatini,1981,1744.6530572950578,6.952462196350098,2339.071044921875
Eswatini,1982,1707.4111789732829,7.04472017288208,1653.7161865234375
Eswatini,1983,1672.0735973898772,7.208505153656006,1979.1766357421875
Eswatini,1984,1718.1926325244842,7.112994194030762,2318.154541015625
Eswatini,1985,1719.1783028823284,7.128462314605713,1859.087158203125
Eswatini,1986,1855.0669200570483,7.08640718460083,1834.27587890625
Eswatini,1987,2045.0890309954652,7.15388822555542,2008.7652587890625
Eswatini,1988,2081.3832381336374,7.0708699226379395,2079.28125
Eswatini,1989,2243.513383320774,7.058082103729248,2015.84619140625
Eswatini,1990,2607.2903563966834,7.117587089538574,1766.6357421875
Eswatini,1991,2548.716100063422,7.112000942230225,1942.325439453125
Eswatini,1992,2532.7039639188656,7.432032108306885,1590.261474609375
Eswatini,1993,2536.3585640289034,7.2618303298950195,1902.353271484375
Eswatini,1994,2597.532177446123,7.027482986450195,1757.936279296875
Eswatini,1995,2725.065768542897,7.1933088302612305,1875.5767822265625
Eswatini,1996,2774.2805393635995,7.0668840408325195,2181.373046875
Eswatini,1997,2812.640777613652,7.147852897644043,2132.555419921875
Eswatini,1998,2849.038732064103,7.293377876281738,2079.817626953125
Eswatini,1999,2901.4425257910066,7.232752799987793,2117.56591796875
Eswatini,2000,2922.370161606096,7.084280490875244,2938.197509765625
Eswatini,2001,2936.4305872549,7.228111743927002,2372.75048828125
Eswatini,2002,3032.323222414878,7.196384906768799,2067.8486328125
Eswatini,2003,3148.3780940562133,7.300961017608643,1984.887451171875
Eswatini,2004,3242.624197082884,7.309582233428955,2272.472900390625
Eswatini,2005,3418.2564185326346,7.476318836212158,1910.509521484375
Eswatini,2006,3630.0505772749443,7.239264488220215,2282.9169921875
Eswatini,2007,3765.0208961521844,7.290022850036621,2161.1005859375
Eswatini,2008,3793.5688756461973,7.297784805297852,2100.51123046875
Eswatini,2009,3823.346385372218,7.259792804718018,2010.251953125
Eswatini,2010,3946.3677762326943,7.357999324798584,1751.811279296875
Eswatini,2011,3996.7406539075064,7.230672836303711,1528.8006591796875
Eswatini,2012,4137.9052329131,7.415104866027832,2215.238525390625
Eswatini,2013,4283.980176775114,7.398425102233887,1988.098876953125
Eswatini,2014,4347.842974767316,7.336960315704346,1970.8719482421875
Eswatini,2015,4396.736504850302,7.549467086791992,1439.626953125
Eswatini,2016,4500.044754901801,7.532685279846191,1921.3848876953125
Eswatini,2017,4623.544382993757,7.34690523147583,1945.138427734375
Eswatini,2018,4584.083294866894,7.511798858642578,2064.543212890625
Eswatini,2019,4833.666587767646,7.632560729980469,2075.22900390625
Eswatini,2020,4640.42623157382,7.310688018798828,1771.2786865234375
Ethiopia,1961,297.01405820640474,7.641316890716553,2552.83935546875
Ethiopia,1962,302.1524979381627,7.587979316711426,2093.79150390625
Ethiopia,1963,307.7705073924143,7.721891403198242,2276.586181640625
Ethiopia,1964,312.0361356128828,7.5971598625183105,2378.705078125
Ethiopia,1965,321.30268321241414,7.698333740234375,2001.6392822265625
Ethiopia,1966,335.75068586310044,7.754514217376709,2143.1181640625
Ethiopia,1967,340.2835123205634,7.598144054412842,2399.9951171875
Ethiopia,1968,344.72260972034417,7.6125993728637695,2190.1591796875
Ethiopia,1969,340.0253362720983,7.833180904388428,2069.53955078125
Ethiopia,1970,342.3016983659996,7.7840681076049805,2057.47314453125
Ethiopia,1971,354.8122214030052,7.653645992279053,2012.46044921875
Ethiopia,1972,360.0601317636061,7.737121105194092,2099.568115234375
Ethiopia,1973,368.52044307602597,7.880217552185059,1915.7811279296875
Ethiopia,1974,370.86639027192854,7.686344623565674,1949.2137451171875
Ethiopia,1975,366.42146974756776,7.638889789581299,2189.040771484375
Ethiopia,1976,357.81732607385555,7.807037830352783,2198.289306640625
Ethiopia,1977,360.5567973045117,7.789554595947266,2310.314453125
Ethiopia,1978,364.2063939559091,7.785054683685303,2035.1646728515625
Ethiopia,1979,354.89453202102186,7.815802097320557,1996.0687255859375
Ethiopia,1980,375.6106900246394,7.902941703796387,1879.3677978515625
Ethiopia,1981,382.3454213447382,7.828121662139893,1938.83740234375
Ethiopia,1982,371.15790459115243,7.792460918426514,2281.366943359375
Ethiopia,1983,390.65779157016,7.886733055114746,2115.88720703125
Ethiopia,1984,369.7837159971364,7.9495391845703125,1775.42236328125
Ethiopia,1985,319.44923886588674,7.797964572906494,1984.9437255859375
Ethiopia,1986,340.10776833457675,7.851592063903809,1936.081298828125
Ethiopia,1987,374.271997482059,7.945104122161865,2006.92431640625
Ethiopia,1988,361.7519179991708,7.9027581214904785,2041.2088623046875
Ethiopia,1989,346.8633054856308,7.746192932128906,2074.178955078125
Ethiopia,1990,343.3722342148539,7.924806118011475,1959.582763671875
Ethiopia,1991,305.34790367949375,7.610116004943848,1934.739013671875
Ethiopia,1992,267.3764216378323,7.581325531005859,1982.115966796875
Ethiopia,1993,292.0680954003401,7.535791873931885,2214.05126953125
Ethiopia,1994,291.07378622793846,7.676308631896973,2026.611083984375
Ethiopia,1995,298.5698879228116,7.952088832855225,1860.033447265625
Ethiopia,1996,324.77493978538917,7.877713680267334,2156.42431640625
Ethiopia,1997,324.38754623780363,7.902108192443848,2248.090576171875
Ethiopia,1998,303.48762757853336,7.951399326324463,2276.273193359375
Ethiopia,1999,309.3363574255864,7.894789218902588,2115.31103515625
Ethiopia,2000,318.20832890333367,7.743208885192871,1981.571044921875
Ethiopia,2001,334.32654914842476,7.835465431213379,1805.5445556640625
Ethiopia,2002,329.21516781239933,7.9535298347473145,1612.7401123046875
Ethiopia,2003,312.5144559301291,7.900345802307129,1666.7568359375
Ethiopia,2004,344.4591058016538,7.8801398277282715,1719.5167236328125
Ethiopia,2005,373.91345475706993,7.974355697631836,1811.6207275390625
Ethiopia,2006,402.4301025440176,7.960869312286377,1827.6494140625
Ethiopia,2007,435.5811155948723,7.911866188049316,1874.0079345703125
Ethiopia,2008,468.8066656367998,7.933528423309326,1966.3988037109375
Ethiopia,2009,495.79298502143735,8.046034812927246,1679.389892578125
Ethiopia,2010,542.4190671575042,8.135730743408203,1377.476806640625
Ethiopia,2011,586.1457287664222,7.5916242599487305,1304.49462890625
Ethiopia,2012,619.2262918136742,7.943713665008545,1296.16064453125
Ethiopia,2013,666.3903716360846,7.869544982910156,1920.7742919921875
Ethiopia,2014,715.2942193545995,7.863531112670898,1999.6982421875
Ethiopia,2015,768.7129407196289,7.9666748046875,1737.8421630859375
Ethiopia,2016,818.7554963957201,8.011582374572754,1996.5472412109375
Ethiopia,2017,872.9458171647454,7.975337505340576,2065.86865234375
Ethiopia,2018,907.6373426587345,7.974623680114746,1430.2890625
Ethiopia,2019,957.436149590989,8.010830879211426,1795.46728515625
Ethiopia,2020,988.2954272696799,8.069108009338379,1540.3603515625
Faroe Islands,2008,57370.14032139998,3.6997435092926025,3786.04931640625
Faroe Islands,2009,54484.0666943246,3.8133487701416016,3743.44873046875
Faroe Islands,2010,54426.60407563013,3.7814090251922607,3437.615966796875
Faroe Islands,2011,56500.03012230715,3.7829880714416504,4424.35498046875
Faroe Islands,2012,60816.78698956564,3.698119640350342,3910.09765625
Faroe Islands,2013,64438.352470406564,3.7785415649414063,3471.022705078125
Faroe Islands,2014,67683.41092756882,3.9627974033355713,3534.9296875
Faroe Islands,2015,67673.64047768076,3.709749221801758,4011.041748046875
Faroe Islands,2016,67828.18437737075,3.892340660095215,3457.89453125
Faroe Islands,2017,69208.51421205366,3.8608710765838623,3387.562744140625
Faroe Islands,2018,69983.20746849648,3.7935101985931396,3364.113037109375
Faroe Islands,2019,72035.00331810537,3.815316915512085,3506.555419921875
Faroe Islands,2020,69813.5852605998,3.87211537361145,3833.401611328125
Fiji,1961,2756.2220271171454,7.948024749755859,2517.5703125
Fiji,1962,2768.5269171789987,7.878769397735596,2639.86865234375
Fiji,1963,2853.5052964019083,7.898972511291504,2559.748779296875
Fiji,1964,2900.9507446888706,7.870128631591797,2672.31640625
Fiji,1965,2737.4983135264783,7.86294412612915,2583.852294921875
Fiji,1966,2659.214461053994,7.900555610656738,2490.3671875
Fiji,1967,2939.4300726205634,7.906403064727783,2696.2451171875
Fiji,1968,3102.901466737474,7.867007732391357,2646.723388671875
Fiji,1969,3117.479143384726,7.958500385284424,2662.71923828125
Fiji,1970,3444.7534081883027,7.9550862312316895,2492.134521484375
Fiji,1971,3614.4728354037916,7.860856533050537,2732.193359375
Fiji,1972,3818.8429471152854,7.908141136169434,2676.4365234375
Fiji,1973,4195.834541128673,8.000551223754883,2877.337646484375
Fiji,1974,4242.2609829965695,7.793025016784668,3113.941650390625
Fiji,1975,4202.423555658607,7.842761993408203,2770.2978515625
Fiji,1976,4246.417098024369,7.8090715408325195,2795.53271484375
Fiji,1977,4404.814636363527,7.908428192138672,2896.591064453125
Fiji,1978,4382.171405050336,7.884377956390381,2743.4169921875
Fiji,1979,4802.001895406255,7.996639728546143,2796.961669921875
Fiji,1980,4613.770585109083,8.027085304260254,2679.514404296875
Fiji,1981,4790.196019587161,7.8924150466918945,2894.765869140625
Fiji,1982,4397.187507300156,7.896676063537598,2802.304931640625
Fiji,1983,4122.526881663853,8.07453727722168,2641.733154296875
Fiji,1984,4361.793813720197,7.965768814086914,2732.69189453125
Fiji,1985,4062.579818220884,7.9283905029296875,2756.145263671875
Fiji,1986,4285.384171432645,7.973386764526367,2595.96728515625
Fiji,1987,3942.0050759066003,8.146904945373535,2533.64404296875
Fiji,1988,3936.8941272625843,8.124502182006836,2573.1025390625
Fiji,1989,4187.664180363556,7.979612350463867,2777.29541015625
Fiji,1990,4390.4724587471865,8.121280670166016,2448.94677734375
Fiji,1991,4237.191098428609,8.017364501953125,2535.627197265625
Fiji,1992,4463.087817822258,8.086297035217285,2459.033935546875
Fiji,1993,4529.184790508607,8.007891654968262,2528.4970703125
Fiji,1994,4733.8080146530365,8.056083679199219,2327.94580078125
Fiji,1995,4828.006159488832,8.164936065673828,2470.248046875
Fiji,1996,5028.005426343319,8.093271255493164,2612.29931640625
Fiji,1997,4866.8312433821275,8.07783317565918,2705.924072265625
Fiji,1998,4869.428502958375,8.220917701721191,2583.6171875
Fiji,1999,5236.986524138273,8.055082321166992,2525.408447265625
Fiji,2000,5092.364894361952,8.02695083618164,2795.277099609375
Fiji,2001,5141.102108127055,8.03329849243164,2488.011474609375
Fiji,2002,5253.349472021309,8.134002685546875,2212.22607421875
Fiji,2003,5255.432437086208,8.127737998962402,2316.94482421875
Fiji,2004,5482.831023378833,8.096138000488281,2446.73876953125
Fiji,2005,5471.072019046667,8.163786888122559,2258.1787109375
Fiji,2006,5522.4417065339385,8.159233093261719,2318.7001953125
Fiji,2007,5429.927016191253,8.219849586486816,2293.937255859375
Fiji,2008,5452.200662796484,8.178160667419434,2274.3037109375
Fiji,2009,5353.873857132537,8.11289119720459,2415.185791015625
Fiji,2010,5492.81022092158,8.091471672058105,2343.134765625
Fiji,2011,5625.518452343362,8.009636878967285,2281.033935546875
Fiji,2012,5692.884048175536,8.067407608032227,2105.1025390625
Fiji,2013,5953.06711326827,8.131795883178711,2179.63671875
Fiji,2014,6278.2004363896385,8.111848831176758,2152.3916015625
Fiji,2015,6553.702478270779,8.12625503540039,1959.0589599609375
Fiji,2016,6709.688216147286,8.161214828491211,2115.142578125
Fiji,2017,7072.013723263844,8.136480331420898,2150.26904296875
Fiji,2018,7354.262927491533,8.328947067260742,2192.80419921875
Fiji,2019,7329.6937717440005,8.390373229980469,1928.3668212890625
Fiji,2020,6069.768659037992,8.368491172790527,1920.4105224609375
Finland,1961,15321.987944925895,2.7403876781463623,1397.2965087890625
Finland,1962,15671.949590962362,2.2329940795898438,1358.936279296875
Finland,1963,16072.755370711815,2.3116650581359863,1231.92041015625
Finland,1964,16820.918478255564,2.467923641204834,1251.9423828125
Finland,1965,17653.9558160794,2.221203088760376,1304.03125
Finland,1966,18005.242521955795,1.9859619140625,1338.328857421875
Finland,1967,18296.392490868766,2.5158531665802,1365.8975830078125
Finland,1968,18633.962068003555,2.2060019969940186,1276.13671875
Finland,1969,20433.425923824776,2.17423939704895,1165.12646484375
Finland,1970,22043.21503920109,2.2912466526031494,1287.1602783203125
Finland,1971,22534.299180782233,2.229163646697998,1264.0697021484375
Finland,1972,24133.367491576206,2.6935269832611084,1300.6767578125
Finland,1973,25672.588679077027,2.397972583770752,1278.932373046875
Finland,1974,26365.096020485118,2.8970673084259033,1473.92578125
Finland,1975,26722.086004025867,2.7543327808380127,1273.393798828125
Finland,1976,26733.403308036693,2.10929012298584,1155.908935546875
Finland,1977,26722.574716688432,2.2991819381713867,1351.009033203125
Finland,1978,27423.94233030447,2.0287296772003174,1212.610107421875
Finland,1979,29302.06946490118,2.325399875640869,1350.4466552734375
Finland,1980,30785.256505695357,2.207217216491699,1282.6824951171875
Finland,1981,31049.48303620526,2.2712461948394775,1508.333984375
Finland,1982,31829.05798607999,2.4414541721343994,1315.6767578125
Finland,1983,32621.979129877946,2.483250141143799,1430.5325927734375
Finland,1984,33495.080397512706,2.603745460510254,1359.467041015625
Finland,1985,34536.48273742215,1.8728569746017456,1338.7156982421875
Finland,1986,35372.92091426967,2.288282632827759,1335.7410888671875
Finland,1987,36528.80975648209,1.9948424100875854,1356.6124267578125
Finland,1988,38328.09533191379,2.421849489212036,1418.4439697265625
Finland,1989,40131.52450836149,2.913590908050537,1343.364013671875
Finland,1990,40230.32409496835,2.748218297958374,1330.528564453125
Finland,1991,37658.29939235743,2.6191911697387695,1368.89306640625
Finland,1992,36207.26751764273,2.7028682231903076,1493.435302734375
Finland,1993,35751.51345878676,2.45259165763855,1349.932373046875
Finland,1994,37008.96569301588,2.4844233989715576,1322.8876953125
Finland,1995,38429.11416010803,2.5844554901123047,1369.3160400390625
Finland,1996,39706.17568428017,2.4376184940338135,1314.86865234375
Finland,1997,42121.01318337285,2.556196451187134,1319.65966796875
Finland,1998,44300.644582647925,2.385638952255249,1522.680419921875
Finland,1999,46137.90626249137,2.633139133453369,1414.0848388671875
Finland,2000,48691.36891341537,2.851734161376953,1459.64404296875
Finland,2001,49863.28691172625,2.553187608718872,1414.9949951171875
Finland,2002,50581.89371139921,2.554399013519287,1280.0523681640625
Finland,2003,51476.60405388675,2.630089521408081,1341.903564453125
Finland,2004,53383.213820283934,2.595322370529175,1477.2550048828125
Finland,2005,54678.37415338586,2.804884672164917,1475.642578125
Finland,2006,56658.35188211341,2.783834218978882,1289.277587890625
Finland,2007,59415.18941877832,2.7699978351593018,1437.1510009765625
Finland,2008,59603.13185829657,2.8239824771881104,1538.98486328125
Finland,2009,54528.160813002476,2.6013941764831543,1378.91357421875
Finland,2010,55998.99069078866,2.3640546798706055,1408.142578125
Finland,2011,57072.40923830028,2.9237024784088135,1514.357421875
Finland,2012,55936.502310774296,2.459036111831665,1542.6142578125
Finland,2013,55133.86855735539,2.8613076210021973,1322.8671875
Finland,2014,54643.83783406559,2.9024298191070557,1373.1092529296875
Finland,2015,54718.223230281124,3.071683883666992,1487.9713134765625
Finland,2016,55964.45469335023,2.9036474227905273,1512.0562744140625
Finland,2017,57677.65631721965,2.7121901512145996,1468.9813232421875
Finland,2018,58288.37223428378,2.9868099689483643,1335.255615234375
Finland,2019,59010.052797014425,2.840805768966675,1546.92822265625
Finland,2020,57457.49916204327,3.221583843231201,1486.5870361328125
French Polynesia,1965,28993.506885521954,6.79881477355957,3754.148193359375
French Polynesia,1966,30713.54204709095,7.099130153656006,3628.557373046875
French Polynesia,1967,28280.185567404253,7.021510601043701,3106.23681640625
French Polynesia,1968,31402.75021774052,6.999479293823242,3447.7021484375
French Polynesia,1969,29516.326814617565,7.187678337097168,3090.50927734375
French Polynesia,1970,28970.63025945339,7.1669816970825195,3751.046630859375
French Polynesia,1971,31365.247351012044,7.015153884887695,3543.0439453125
French Polynesia,1972,28926.091366284785,7.11201286315918,2763.2705078125
French Polynesia,1973,30189.59422317699,7.193235397338867,3170.5986328125
French Polynesia,1974,34510.30696050535,6.979290008544922,3294.290771484375
French Polynesia,1975,31818.234742563043,7.048944473266602,2991.456298828125
French Polynesia,1976,33414.17732969038,7.033551216125488,2267.885009765625
French Polynesia,1977,33102.46068598883,7.1744585037231445,2845.526123046875
French Polynesia,1978,35260.215508465895,7.091710567474365,3035.842041015625
French Polynesia,1979,35496.59128354569,7.094187259674072,3269.550048828125
French Polynesia,1980,34551.267766443125,7.166384696960449,3352.52490234375
French Polynesia,1981,34359.85410590508,7.119680404663086,3694.467041015625
French Polynesia,1982,33865.69621439324,7.1924238204956055,3175.00732421875
French Polynesia,1983,33654.37010316729,7.195287704467773,3637.35205078125
French Polynesia,1984,33527.51037048507,7.192085266113281,3520.620849609375
French Polynesia,1985,32307.643420534496,7.145810127258301,3349.36181640625
French Polynesia,1986,35759.7411714127,7.197566509246826,3001.602294921875
French Polynesia,1987,35304.91341644951,7.275918483734131,2880.809326171875
French Polynesia,1988,33207.24181028216,7.203337669372559,3128.88037109375
French Polynesia,1989,33167.659937525474,7.1171088218688965,3072.034423828125
French Polynesia,1990,32537.156474403007,7.154872417449951,2915.89111328125
French Polynesia,1991,33082.3690949742,7.0948262214660645,2962.415283203125
French Polynesia,1992,32012.35725949563,7.105429649353027,3735.176513671875
French Polynesia,1993,31059.603034618794,7.070769786834717,3322.126708984375
French Polynesia,1994,30050.696519205172,7.172872543334961,3565.309326171875
French Polynesia,1995,29478.301640174115,7.131213665008545,3680.14111328125
French Polynesia,1996,28843.481913660096,7.014297962188721,3688.78076171875
French Polynesia,1997,28351.395838789133,7.067535877227783,3216.196044921875
French Polynesia,1998,28375.928810058624,7.354560852050781,3566.6630859375
French Polynesia,1999,28459.74879521532,7.067644119262695,2697.095947265625
French Polynesia,2000,28925.89107560625,6.933509349822998,2927.1845703125
French Polynesia,2001,28383.037436157345,6.999529838562012,2433.494140625
French Polynesia,2002,28198.32329919069,7.05942964553833,2259.052001953125
French Polynesia,2003,28356.10288461634,7.072789192199707,2295.47607421875
French Polynesia,2004,28181.637366585233,7.039553165435791,2631.30126953125
French Polynesia,2005,27849.272382372706,6.995709419250488,2658.0859375
French Polynesia,2006,27700.360887970117,6.961208820343018,2713.781982421875
French Polynesia,2007,27832.697332569744,6.973392009735107,2997.927001953125
French Polynesia,2008,27633.272619511823,6.846452236175537,1662.063720703125
French Polynesia,2009,26355.780227480558,7.010440349578857,2439.5380859375
French Polynesia,2010,25601.421805279453,7.004847049713135,2384.533447265625
French Polynesia,2011,24738.25209266103,6.877348899841309,1730.3453369140625
French Polynesia,2012,24387.00717748807,6.918637275695801,2086.46875
French Polynesia,2013,24337.746613752675,6.891340255737305,1908.813720703125
French Polynesia,2014,24335.251109312027,6.898489952087402,2337.091552734375
French Polynesia,2015,24642.233294594607,6.788418292999268,1678.6552734375
French Polynesia,2016,25091.073821987808,7.0507707595825195,1987.1837158203125
French Polynesia,2017,26083.215080310027,6.975647449493408,1733.668701171875
French Polynesia,2018,26580.31902928997,6.906742572784424,1292.048095703125
French Polynesia,2019,27371.58547618539,6.981177806854248,1171.1160888671875
French Polynesia,2020,24462.02328311938,6.987579345703125,1288.2509765625
Gabon,1961,4829.771723284267,8.310151100158691,4778.44921875
Gabon,1962,5126.4143637551815,8.316880226135254,4747.48974609375
Gabon,1963,5369.11775603145,8.403153419494629,4562.173828125
Gabon,1964,5538.564321574503,8.331707954406738,4259.755859375
Gabon,1965,5916.080394220766,8.284978866577148,4222.2607421875
Gabon,1966,6091.84174223692,8.400774955749512,4559.41357421875
Gabon,1967,6245.157946215991,8.295219421386719,4328.296875
Gabon,1968,6299.486701296993,8.291606903076172,4334.90576171875
Gabon,1969,6680.04212307351,8.37096118927002,4349.09130859375
Gabon,1970,7106.672151119447,8.353790283203125,4510.01953125
Gabon,1971,7674.696565694442,8.24503231048584,4285.6220703125
Gabon,1972,8371.226130706233,8.22555923461914,4138.3173828125
Gabon,1973,9033.982119821938,8.277826309204102,4363.416015625
Gabon,1974,12334.774870489879,8.137590408325195,4329.27978515625
Gabon,1975,14379.775944982817,8.147786140441895,4480.2353515625
Gabon,1976,19058.504480074116,8.080901145935059,4440.7119140625
Gabon,1977,16267.885877866038,8.211867332458496,4558.3017578125
Gabon,1978,12055.734262610233,8.205721855163574,4064.82958984375
Gabon,1979,11811.837503669802,8.286075592041016,4363.310546875
Gabon,1980,11805.626655319798,8.283954620361328,4387.9951171875
Gabon,1981,12084.285503783034,8.28274154663086,4219.86083984375
Gabon,1982,11399.88174398279,8.25192642211914,4370.73828125
Gabon,1983,11716.800136604425,8.39678955078125,3909.319580078125
Gabon,1984,12256.623793348237,8.381901741027832,4670.98486328125
Gabon,1985,11646.169517990702,8.27022933959961,4644.984375
Gabon,1986,11238.038446489743,8.268406867980957,4258.20654296875
Gabon,1987,9056.40533046949,8.383563041687012,4339.734375
Gabon,1988,9939.371058532532,8.350822448730469,4711.419921875
Gabon,1989,10494.322807385739,8.327533721923828,4547.548828125
Gabon,1990,10740.75939504755,8.336076736450195,4634.783203125
Gabon,1991,11091.908127265455,8.31547737121582,4275.1015625
Gabon,1992,10463.834373782378,8.218453407287598,4127.4990234375
Gabon,1993,10590.954430013338,8.30864143371582,4210.86962890625
Gabon,1994,10700.064356406629,8.277730941772461,4477.8955078125
Gabon,1995,10947.33573520511,8.350393295288086,4282.68359375
Gabon,1996,11060.561469685877,8.271712303161621,4286.21533203125
Gabon,1997,11403.984153445921,8.017560958862305,4417.07080078125
Gabon,1998,11505.54579208579,8.46145248413086,4346.42333984375
Gabon,1999,10214.129173479347,8.330682754516602,4292.46826171875
Gabon,2000,9766.017470282708,8.239508628845215,3952.5244140625
Gabon,2001,9715.452697146604,8.350703239440918,4189.462890625
Gabon,2002,9435.16068619963,8.430171012878418,4464.05615234375
Gabon,2003,9387.482342298208,8.400949478149414,4475.82275390625
Gabon,2004,9191.181783767068,8.375885009765625,4064.00341796875
Gabon,2005,9167.060092837322,8.418839454650879,3573.262451171875
Gabon,2006,8644.896701986212,8.402355194091797,3937.845703125
Gabon,2007,8882.22028483456,8.361820220947266,4811.57275390625
Gabon,2008,8316.157717298604,8.360947608947754,4139.46337890625
Gabon,2009,8054.462330610811,8.34908390045166,3987.034423828125
Gabon,2010,8333.013887964877,8.453889846801758,4209.06494140625
Gabon,2011,8612.951156861995,8.295910835266113,4029.95068359375
Gabon,2012,8746.6506741625,8.325167655944824,4347.9931640625
Gabon,2013,8920.254729868635,8.288860321044922,4232.11328125
Gabon,2014,8997.841757752623,8.374752044677734,4184.248046875
Gabon,2015,9060.223486527655,8.319098472595215,4010.315673828125
Gabon,2016,8988.481739495517,8.491267204284668,4210.37451171875
Gabon,2017,8794.005353888984,8.438535690307617,4221.98583984375
Gabon,2018,8645.558372018417,8.472819328308105,4456.9423828125
Gabon,2019,8765.08978637486,9.298730850219727,3740.15087890625
Gabon,2020,8400.875690492267,8.502725601196289,4130.802734375
"Gambia, The",1966,695.646289615842,9.058324813842773,2741.21484375
"Gambia, The",1967,676.7639912656798,8.8619537353515625,2884.333251953125
"Gambia, The",1968,721.0871658168442,8.933487892150879,1847.677978515625
"Gambia, The",1969,718.102532219351,9.224016189575195,2891.714111328125
"Gambia, The",1970,740.9637008008444,9.132002830505371,2048.53515625
"Gambia, The",1971,719.4949677815425,8.879868507385254,2297.16015625
"Gambia, The",1972,700.4789175035913,9.037262916564941,1917.057861328125
"Gambia, The",1973,743.0380331341562,9.05754566192627,1934.3387451171875
"Gambia, The",1974,763.890764653964,8.84837818145752,2179.65576171875
"Gambia, The",1975,833.469177111896,8.855330467224121,2631.238037109375
"Gambia, The",1976,867.7885263801778,8.842658996582031,2229.082275390625
"Gambia, The",1977,869.693089979142,9.071394920349121,1874.4012451171875
"Gambia, The",1978,895.0585446093097,8.973255157470703,2410.224365234375
"Gambia, The",1979,854.1344405865078,9.132245063781738,2458.7421875
"Gambia, The",1980,877.0072368730282,9.06851577758789,1960.0592041015625
"Gambia, The",1981,875.2314886242598,9.06997013092041,2183.188232421875
"Gambia, The",1982,838.3373582554743,8.880141258239746,2021.400390625
"Gambia, The",1983,895.9129605938393,9.246491432189941,1702.51220703125
"Gambia, The",1984,892.638598799683,9.090705871582031,2034.2301025390625
"Gambia, The",1985,851.1187774223471,9.008458137512207,2081.448974609375
"Gambia, The",1986,851.1112973668855,8.951421737670898,2113.564697265625
"Gambia, The",1987,837.2811304664451,9.18786907196045,2258.21435546875
"Gambia, The",1988,839.5373885151496,8.988245964050293,2451.9111328125
"Gambia, The",1989,852.8199222318098,9.027325630187988,2556.328125
"Gambia, The",1990,846.8799774962146,9.218900680541992,1903.6446533203125
"Gambia, The",1991,837.2612323050473,9.143365859985352,2076.4228515625
"Gambia, The",1992,831.0790188293247,9.099489212036133,2208.389404296875
"Gambia, The",1993,825.2905908024077,9.122314453125,2207.277587890625
"Gambia, The",1994,800.3906334003177,9.019861221313477,2460.18994140625
"Gambia, The",1995,783.7633874829115,9.108959197998047,2222.406494140625
"Gambia, The",1996,778.35259292594,9.2213134765625,2258.997802734375
"Gambia, The",1997,793.6361233040495,9.260751724243164,2248.069091796875
"Gambia, The",1998,798.68679613161,9.33382511138916,2273.641845703125
"Gambia, The",1999,826.5183551670491,9.053020477294922,2553.303466796875
"Gambia, The",2000,848.4228649763661,9.21343994140625,2389.661376953125
"Gambia, The",2001,873.6585069645706,9.262003898620605,1920.5333251953125
"Gambia, The",2002,822.8737950279384,9.24173641204834,1814.853271484375
"Gambia, The",2003,856.0378218812771,9.210274696350098,2534.5
"Gambia, The",2004,891.6880646426456,9.112923622131348,2083.54052734375
"Gambia, The",2005,846.8351337449172,9.228497505187988,2929.0859375
"Gambia, The",2006,818.4473822770375,9.070826530456543,2453.71484375
"Gambia, The",2007,819.2358519271276,9.087421417236328,2374.91943359375
"Gambia, The",2008,845.5486922151496,9.227420806884766,2412.337890625
"Gambia, The",2009,876.0931821676395,9.142971992492676,2634.44970703125
"Gambia, The",2010,901.2678030299301,9.312864303588867,2838.255859375
"Gambia, The",2011,804.1358204151219,9.180863380432129,2055.234619140625
"Gambia, The",2012,821.7179202028427,9.14484691619873,2765.944091796875
"Gambia, The",2013,820.924006686172,9.241861343383789,2485.3330078125
"Gambia, The",2014,786.6702457105825,9.178696632385254,2524.011474609375
"Gambia, The",2015,796.5144206852883,9.196528434753418,2198.587158203125
"Gambia, The",2016,790.9307917423771,9.303330421447754,2519.849853515625
"Gambia, The",2017,808.3951405163626,9.274701118469238,2453.0146484375
"Gambia, The",2018,846.1300095598001,9.214719772338867,2149.24951171875
"Gambia, The",2019,877.8470487839297,10.19243335723877,2109.9208984375
"Gambia, The",2020,862.3689627466586,9.394356727600098,2540.7431640625
Georgia,1961,1908.6674229250195,4.309774398803711,2431.126708984375
Georgia,1962,1976.0063744966762,4.4749274253845215,2393.3935546875
Georgia,1963,2028.9280203157537,4.262144088745117,2931.279541015625
Georgia,1964,2109.134446732055,4.006564140319824,2496.230712890625
Georgia,1965,2301.326694796284,4.112799167633057,2398.973876953125
Georgia,1966,2446.6099102960393,4.686872959136963,2375.670166015625
Georgia,1967,2574.2241560494867,4.08595609664917,2807.1572265625
Georgia,1968,2664.6412147031574,4.257797718048096,2550.185791015625
Georgia,1969,2765.916664915414,4.085223197937012,2277.935546875
Georgia,1970,3069.4772440036795,4.334803581237793,2500.505615234375
Georgia,1971,3112.7702176593066,4.307756423950195,2544.770263671875
Georgia,1972,3168.8640673504738,4.1821064949035645,2624.48828125
Georgia,1973,3344.6999765335845,4.078005790710449,2371.87646484375
Georgia,1974,3607.89394196135,4.1745991706848145,2312.29638671875
Georgia,1975,3845.68541180491,4.308285713195801,2503.687744140625
Georgia,1976,4050.937746552217,4.03145694732666,2466.876708984375
Georgia,1977,4300.806034881295,4.160820484161377,2560.937255859375
Georgia,1978,4593.440998392557,4.21426248550415,2610.06103515625
Georgia,1979,4895.825764917095,4.456252098083496,2386.443603515625
Georgia,1980,5076.906503824976,4.193868160247803,2453.38525390625
Georgia,1981,5300.626159985978,4.41975212097168,2558.185791015625
Georgia,1982,5361.184255393198,4.055602073669434,2667.86474609375
Georgia,1983,5542.873343640846,4.294597625732422,2738.591796875
Georgia,1984,5794.052402782197,4.228359699249268,2332.32275390625
Georgia,1985,6027.276300595374,4.147294044494629,2379.43798828125
Georgia,1986,5485.566537718124,4.284525394439697,2284.50634765625
Georgia,1987,5510.183944175837,4.168805122375488,2694.78857421875
Georgia,1988,5758.995027969348,4.137242794036865,2882.3515625
Georgia,1989,5330.6852184081945,4.4119062423706055,2511.8193359375
Georgia,1990,4543.571345090386,4.350024700164795,2379.6181640625
Georgia,1991,3559.7542749497816,4.267606258392334,2479.667236328125
Georgia,1992,1946.2997878305,4.043878078460693,2862.527099609375
Georgia,1993,1365.49564489458,4.038153648376465,2437.10302734375
Georgia,1994,1242.48904372319,4.329905986785889,2400.885009765625
Georgia,1995,1323.5641169520877,4.447977542877197,2704.397705078125
Georgia,1996,1526.2393095478062,4.331173419952393,2566.156494140625
Georgia,1997,1741.793822581634,4.251041412353516,2660.179443359375
Georgia,1998,1840.8024531827086,4.516474723815918,2488.995361328125
Georgia,1999,1932.9453761494342,4.52465295791626,2630.01611328125
Georgia,2000,2007.1739625975406,4.4595136642456055,2493.10205078125
Georgia,2001,2136.5520866817546,4.619475841522217,2643.852294921875
Georgia,2002,2273.818141071923,4.514695167541504,2901.349609375
Georgia,2003,2542.347211258072,4.3229265213012695,2725.035888671875
Georgia,2004,2706.3247913067753,4.488795280456543,2837.71337890625
Georgia,2005,2984.7942057547543,4.474638938903809,2787.416748046875
Georgia,2006,3284.6256387501576,4.469110012054443,2676.71923828125
Georgia,2007,3717.025285295988,4.553700923919678,2854.17919921875
Georgia,2008,3818.6203091214297,4.41933012008667,2464.41796875
Georgia,2009,3712.0357027507953,4.475753307342529,2929.888916015625
Georgia,2010,3972.779620405695,4.861840724945068,2744.744384765625
Georgia,2011,4322.528394142989,4.274823188781738,2821.14501953125
Georgia,2012,4640.9583477534225,4.566662311553955,2544.95703125
Georgia,2013,4893.880490837523,4.6204142570495605,2686.674072265625
Georgia,2014,5091.672911705052,4.6576666831970215,2552.409912109375
Georgia,2015,5254.015451789129,4.610445022583008,2827.653076171875
Georgia,2016,5432.0400568479545,4.54506778717041,2934.823974609375
Georgia,2017,5711.563428556035,4.5445075035095215,2519.9052734375
Georgia,2018,6060.1657010412655,4.789124965667725,2692.345703125
Georgia,2019,6397.212219308251,4.6678996086120605,2438.9794921875
Georgia,2020,5990.682999105338,4.762964248657227,2618.893798828125
Germany,1961,16775.329100610048,4.323300838470459,1783.364501953125
Germany,1962,17397.259824592955,3.916290521621704,1597.83642578125
Germany,1963,17708.407349385794,3.918112277984619,1581.162841796875
Germany,1964,18732.71814570098,4.15122652053833,1573.894775390625
Germany,1965,19547.600859963,4.003498554229736,1903.2264404296875
Germany,1966,19930.288457302286,4.241404056549072,1880.802490234375
Germany,1967,19773.85265540919,4.322332859039307,1739.5631103515625
Germany,1968,20802.071063174477,4.140836715698242,1744.4471435546875
Germany,1969,22168.697051137897,4.069047451019287,1602.618896484375
Germany,1970,23222.616388682556,4.034841060638428,1808.873291015625
Germany,1971,23906.20898435025,4.228586196899414,1478.967041015625
Germany,1972,24815.23683734292,4.092623233795166,1553.8251953125
Germany,1973,25919.02284410196,4.15617561340332,1585.283203125
Germany,1974,26139.531596161287,4.303279876708984,1772.8011474609375
Germany,1975,26009.766001471162,4.3384599685668945,1588.7664794921875
Germany,1976,27414.348550341496,4.205330848693848,1468.592529296875
Germany,1977,28396.176192363244,4.246140480041504,1756.2427978515625
Germany,1978,29275.941315512988,4.0462870597839355,1738.39794921875
Germany,1979,30477.522949744824,4.080288410186768,1726.47802734375
Germany,1980,30842.855163170432,4.002078056335449,1743.8475341796875
Germany,1981,30958.899098183192,4.168137073516846,1976.571533203125
Germany,1982,30866.004513715805,4.356137275695801,1584.57568359375
Germany,1983,31433.64087932202,4.388940811157227,1700.9027099609375
Germany,1984,32432.912305696766,4.117290496826172,1686.34619140625
Germany,1985,33262.1841036918,3.9661357402801514,1630.5823974609375
Germany,1986,34007.43499199769,4.109533786773682,1743.0264892578125
Germany,1987,34431.337549052085,3.9850237369537354,1800.833740234375
Germany,1988,35568.55771292694,4.36665153503418,1767.412353515625
Germany,1989,36669.82428783871,4.527210712432861,1586.0875244140625
Germany,1990,38265.562689324055,4.50208044052124,1693.682373046875
Germany,1991,39928.28558601229,4.242827892303467,1555.9288330078125
Germany,1992,40423.75464311234,4.49042272567749,1726.18408203125
Germany,1993,39768.12477528808,4.277337074279785,1790.6756591796875
Germany,1994,40659.57029646775,4.549765586853027,1802.5501708984375
Germany,1995,41150.373646523,4.355254173278809,1774.165283203125
Germany,1996,41457.2810330666,3.9930474758148193,1572.9853515625
Germany,1997,42164.29555678871,4.381221771240234,1636.7635498046875
Germany,1998,43041.37719618271,4.413196563720703,1808.341552734375
Germany,1999,43929.57065207176,4.480033874511719,1765.31982421875
Germany,2000,45132.050443623586,4.613350868225098,1741.8302001953125
Germany,2001,45793.37384204809,4.363626480102539,1817.108154296875
Germany,2002,45612.09649521431,4.551943778991699,1994.766845703125
Germany,2003,45345.33134788941,4.4553046226501465,1465.7911376953125
Germany,2004,45882.24330723466,4.36361837387085,1713.4827880859375
Germany,2005,46314.813105461595,4.373930931091309,1687.978759765625
Germany,2006,48159.95243457033,4.525826930999756,1669.7489013671875
Germany,2007,49617.653685056364,4.5994462966918945,1908.9881591796875
Germany,2008,50153.48264142414,4.510501861572266,1706.511474609375
Germany,2009,47492.8822066592,4.447545528411865,1708.808837890625
Germany,2010,49532.365578491226,4.137607097625732,1815.607421875
Germany,2011,52355.35532637992,4.580694675445557,1687.1929931640625
Germany,2012,52499.38020205805,4.451448917388916,1738.3992919921875
Germany,2013,52564.15681347106,4.345800876617432,1745.1016845703125
Germany,2014,53486.71380216091,4.729990005493164,1766.6070556640625
Germany,2015,53907.496584796645,4.682751178741455,1666.1959228515625
Germany,2016,54662.410105424075,4.553371429443359,1702.7943115234375
Germany,2017,55982.20267149881,4.55275297164917,1877.564208984375
Germany,2018,56448.09357505099,4.770355701446533,1553.218017578125
Germany,2019,56871.60466940457,4.721325874328613,1643.8448486328125
Germany,2020,54477.196302358134,4.782068729400635,1633.89306640625
Ghana,1961,1422.5781253495422,8.822759628295898,2823.90478515625
Ghana,1962,1445.7696648197784,8.818157196044922,3231.238525390625
Ghana,1963,1473.8480707647745,8.92304515838623,3543.313720703125
Ghana,1964,1470.9752801079158,8.780710220336914,3024.67431640625
Ghana,1965,1455.7642249123476,8.796058654785156,2936.71337890625
Ghana,1966,1360.6463843455622,8.842378616333008,2954.834228515625
Ghana,1967,1369.023678144726,8.78119945526123,2826.864501953125
Ghana,1968,1341.0310953448216,8.852783203125,3814.132568359375
Ghana,1969,1386.4625958843665,8.961821556091309,2944.928466796875
Ghana,1970,1481.1492896228815,8.92635440826416,2746.72998046875
Ghana,1971,1515.873707154669,8.722558975219727,3008.302734375
Ghana,1972,1437.1428575170287,8.795977592468262,2761.534423828125
Ghana,1973,1436.524847001766,8.887238502502441,2816.998291015625
Ghana,1974,1491.0797372026584,8.710533142089844,2975.82861328125
Ghana,1975,1268.4509971083087,8.676141738891602,2853.044677734375
Ghana,1976,1188.9536181554313,8.659294128417969,2875.271240234375
Ghana,1977,1180.6706892140817,8.809111595153809,2554.133056640625
Ghana,1978,1242.42083939804,8.770442008972168,2874.5078125
Ghana,1979,1174.7467710370067,8.82964038848877,3120.806884765625
Ghana,1980,1146.2681037217842,8.880680084228516,2928.927978515625
Ghana,1981,1075.4687631856527,8.906336784362793,2759.908203125
Ghana,1982,972.3391715336666,8.848725318908691,2813.9150390625
Ghana,1983,900.4726482549339,9.001755714416504,2337.88818359375
Ghana,1984,953.4082788207716,8.956104278564453,2955.78955078125
Ghana,1985,980.6359142800749,8.921541213989258,2835.568359375
Ghana,1986,1009.1649361817084,8.87356948852539,2719.84033203125
Ghana,1987,1033.5818276795992,9.031715393066406,2918.616943359375
Ghana,1988,1065.8362321650343,8.890390396118164,2924.097900390625
Ghana,1989,1092.4098283254364,8.829760551452637,3022.12060546875
Ghana,1990,1100.3371281433167,8.956958770751953,2617.95556640625
Ghana,1991,1129.6286209320908,8.894574165344238,2997.833740234375
Ghana,1992,1144.6419024315696,8.815235137939453,2580.988037109375
Ghana,1993,1170.8819096223663,8.9126434326171875,2757.0791015625
Ghana,1994,1180.7889966206512,8.845569610595703,2830.8427734375
Ghana,1995,1200.6738038626065,8.956204414367676,2854.6513671875
Ghana,1996,1226.939978555247,8.94331169128418,2876.236572265625
Ghana,1997,1248.3724175006062,8.952960014343262,2999.3642578125
Ghana,1998,1275.642054475705,9.047635078430176,2917.008544921875
Ghana,1999,1299.652605595671,8.908866882324219,3117.302978515625
Ghana,2000,1314.3004855335978,8.94886302947998,2886.83740234375
Ghana,2001,1330.9516782415863,8.918804168701172,2481.529052734375
Ghana,2002,1353.1155361305794,9.009055137634277,2911.481689453125
Ghana,2003,1385.5579234623938,9.0202054977417,3172.369384765625
Ghana,2004,1424.9054124663332,8.978516578674316,3083.317138671875
Ghana,2005,1469.9126314971825,9.048636436462402,2986.249267578125
Ghana,2006,1523.8511937047429,9.024735450744629,2887.6572265625
Ghana,2007,1549.630455217454,9.027281761169434,3163.11376953125
Ghana,2008,1649.0341339798333,8.946056365966797,3095.527587890625
Ghana,2009,1686.3136661832277,9.05290412902832,3037.558837890625
Ghana,2010,1775.7924217364957,9.116579055786133,3241.26904296875
Ghana,2011,1977.1147505584777,9.054213523864746,2847.012939453125
Ghana,2012,2109.1810218214932,8.956252098083496,2890.766845703125
Ghana,2013,2209.535082568352,9.272107124328613,2873.179931640625
Ghana,2014,2219.527574482853,9.033374786376953,3029.55712890625
Ghana,2015,2214.9037254539912,9.029520988464355,2818.116943359375
Ghana,2016,2238.0947435091407,9.112292289733887,2963.68798828125
Ghana,2017,2367.4777888860426,9.077160835266113,2981.4296875
Ghana,2018,2462.625617577684,9.137371063232422,3009.855224609375
Ghana,2019,2570.7504296015763,10.024467468261719,2758.87841796875
Ghana,2020,2533.0038949584837,9.132046699523926,2918.839111328125
Greece,1961,7199.061387191038,5.5442352294921875,1591.3902587890625
Greece,1962,7182.405596481589,5.684122562408447,2020.250732421875
Greece,1963,8003.412828499361,5.630970001220703,1869.3294677734375
Greece,1964,8724.813452535882,5.38608455657959,1676.13720703125
Greece,1965,9619.199480216525,5.425792217254639,1672.0709228515625
Greece,1966,10168.616606217409,5.734377861022949,1836.89990234375
Greece,1967,10657.970788555422,5.45849609375,1636.4654541015625
Greece,1968,11351.653953372366,5.519629001617432,1879.5631103515625
Greece,1969,12618.127966846077,5.540252685546875,1682.3450927734375
Greece,1970,13713.670155033922,5.534540176391602,1582.0809326171875
Greece,1971,14724.96099319819,5.4390645027160645,1786.7510986328125
Greece,1972,16115.93853102958,5.53582239151001,1800.554931640625
Greece,1973,17341.170281148836,5.4321136474609375,1681.7353515625
Greece,1974,16165.077203114244,5.508960723876953,1734.8634033203125
Greece,1975,17033.63588017539,5.4641337394714355,1774.945068359375
Greece,1976,17920.250749198065,5.307209014892578,1864.68603515625
Greece,1977,18208.82081157989,5.543630599975586,1419.54345703125
Greece,1978,19276.8178091813,5.382960319519043,1768.9049072265625
Greece,1979,19662.82779445036,5.542630195617676,1864.107177734375
Greece,1980,19602.482783039126,5.366494655609131,1749.1610107421875
Greece,1981,19125.660020708376,5.486481666564941,1809.0726318359375
Greece,1982,18792.825274986528,5.430830478668213,1770.851806640625
Greece,1983,18482.292155412822,5.448587894439697,1707.4207763671875
Greece,1984,18760.205238499388,5.467151165008545,1565.3148193359375
Greece,1985,19156.476088126983,5.520661354064941,1536.284423828125
Greece,1986,19192.05693585691,5.575153827667236,1748.2354736328125
Greece,1987,18695.91860524774,5.463045597076416,1724.577392578125
Greece,1988,19426.887391913126,5.50312614440918,1673.572021484375
Greece,1989,20060.151383794913,5.529682636260986,1423.501708984375
Greece,1990,19849.071871476335,5.614442825317383,1521.4302978515625
Greece,1991,20220.216601085915,5.3493523597717285,1665.8353271484375
Greece,1992,20206.81079432059,5.45770788192749,1427.602294921875
Greece,1993,19766.878110534642,5.465755939483643,1481.2943115234375
Greece,1994,20061.515051721613,5.7536492347717285,1743.651611328125
Greece,1995,20387.278940348133,5.546738624572754,1737.5906982421875
Greece,1996,20578.244713350206,5.513852596282959,1821.2674560546875
Greece,1997,21214.750936602777,5.417789936065674,1592.3504638671875
Greece,1998,21822.60904721923,5.664343357086182,1679.932373046875
Greece,1999,22317.081537329825,5.762351036071777,1732.5528564453125
Greece,2000,23145.6544557092,5.706974029541016,1393.731689453125
Greece,2001,24096.42358197452,5.8522210121154785,1682.314697265625
Greece,2002,25132.595448575485,5.705653667449951,1940.93017578125
Greece,2003,26526.10911438448,5.620029926300049,1824.218505859375
Greece,2004,27883.574656483754,5.564422130584717,1632.871826171875
Greece,2005,28130.963669583118,5.517995834350586,1985.44482421875
Greece,2006,29853.7584101022,5.527528285980225,1815.2056884765625
Greece,2007,30822.069174984335,5.842029094696045,1765.2264404296875
Greece,2008,30758.025799879884,5.763856410980225,1606.11474609375
Greece,2009,29413.55056583286,5.735800743103027,2096.050537109375
Greece,2010,27703.092231570015,5.9103264808654785,1836.501708984375
Greece,2011,25003.885319110697,5.542191505432129,1732.8729248046875
Greece,2012,23045.05858134798,5.861025333404541,1771.9786376953125
Greece,2013,22685.349115306195,5.847385406494141,1798.99462890625
Greece,2014,23017.88379144464,5.7953996658325195,2125.20263671875
Greece,2015,23117.142793349132,5.827399253845215,1837.859130859375
Greece,2016,23206.109548537857,5.815544605255127,1921.7003173828125
Greece,2017,23594.584498087977,5.77174711227417,1858.0797119140625
Greece,2018,24130.641972519683,5.977760314941406,1956.512939453125
Greece,2019,24706.15189077383,6.035218715667725,2061.138671875
Greece,2020,22482.310504292644,5.98015022277832,1818.7777099609375
Greenland,1970,19767.29471299995,-3.2959506511688232,646.608154296875
Greenland,1971,21970.273868280787,-3.4116461277008057,581.42144775390625
Greenland,1972,22796.171086866383,-3.1472795009613037,626.000732421875
Greenland,1973,23999.856530946527,-3.3176698684692383,596.70166015625
Greenland,1974,25113.09324894211,-3.0663280487060547,598.689697265625
Greenland,1975,25224.42570290392,-3.469813346862793,648.43634033203125
Greenland,1976,26673.823954118703,-3.0680758953094482,644.2376708984375
Greenland,1977,29203.350575170676,-3.140817165374756,577.73480224609375
Greenland,1978,31086.289010695193,-3.2330374717712402,584.0089111328125
Greenland,1979,32334.38718942435,-3.1474902629852295,607.73175048828125
Greenland,1980,34719.72398644767,-3.014232873916626,604.07037353515625
Greenland,1981,34402.46082983048,-3.3741369247436523,565.973388671875
Greenland,1982,32562.74613071513,-3.4801461696624756,567.1324462890625
Greenland,1983,33300.54332026653,-3.525714635848999,646.4493408203125
Greenland,1984,31216.207548565813,-3.0799098014831543,618.5267333984375
Greenland,1985,32053.48049398444,-3.031862258911133,537.91754150390625
Greenland,1986,34135.92364207441,-3.049879550933838,613.9505615234375
Greenland,1987,35619.34820565159,-3.153740167617798,608.68731689453125
Greenland,1988,37134.830179396806,-3.143160581588745,601.45013427734375
Greenland,1989,39249.72300552246,-3.4373722076416016,590.0086669921875
Greenland,1990,34462.87920912674,-3.0313496589660645,624.69390869140625
Greenland,1991,34485.80086476903,-3.210512161254883,586.5966796875
Greenland,1992,32841.337332377014,-3.3014883995056152,563.33636474609375
Greenland,1993,31246.600815646205,-3.3329005241394043,532.972412109375
Greenland,1994,32918.85816053216,-3.2812492847442627,538.6927490234375
Greenland,1995,33962.713976724364,-3.2048025131225586,506.3857421875
Greenland,1996,34420.534792409955,-3.1538500785827637,623.11669921875
Greenland,1997,34863.778988609985,-3.32807993888855,589.557861328125
Greenland,1998,37501.53756673345,-2.9776835441589355,556.16082763671875
Greenland,1999,38018.26541959129,-3.1336801052093506,581.24615478515625
Greenland,2000,40656.568509771176,-3.0933432579040527,551.4794921875
Greenland,2001,41030.84010476984,-3.1716787815093994,506.9064025878906
Greenland,2002,40477.2807806157,-3.1354596614837646,501.01470947265625
Greenland,2003,42154.24770895919,-3.267042875289917,521.15948486328125
Greenland,2004,44949.23541710188,-3.394258499145508,507.97491455078125
Greenland,2005,47160.40705962627,-3.349299907684326,544.44439697265625
Greenland,2006,49920.783884107885,-3.441195487976074,466.2852783203125
Greenland,2007,51293.90040546166,-3.497147560119629,524.59686279296875
Greenland,2008,54676.20929755004,-3.4037725925445557,473.1931457519531
Greenland,2009,55154.57504530399,-3.418638229370117,423.2979736328125
Greenland,2010,55902.53713877304,-2.9391839504241943,438.4260559082031
Greenland,2011,55276.88636595648,-3.4787752628326416,387.8315124511719
Greenland,2012,56126.47936511773,-3.8825061321258545,435.64105224609375
Greenland,2013,55718.51751496747,-3.480438470840454,475.1105651855469
Greenland,2014,58555.66393793059,-3.8833272457122803,454.22442626953125
Greenland,2015,57258.70348074875,-3.818044424057007,503.2206115722656
Greenland,2016,59862.71971082128,-3.8019556999206543,477.7117919921875
Greenland,2017,59909.21195677541,-3.948744773864746,438.5780029296875
Greenland,2018,60442.81416620223,-3.887075185775757,439.1628723144531
Greenland,2019,61931.358447176775,-3.627081871032715,428.2710876464844
Greenland,2020,61930.26692029858,-3.8289716243743896,472.20953369140625
Grenada,1977,3908.4662094458677,8.52416706085205,3391.830078125
Grenada,1978,4147.672545894762,8.545416831970215,3381.050048828125
Grenada,1979,4417.411840986043,8.592499732971191,3770.7900390625
Grenada,1980,4438.033785986273,8.669583320617676,3666.469970703125
Grenada,1981,4529.406270588856,8.629583358764648,3909.150146484375
Grenada,1982,4699.67114044926,8.512916564941406,3734.169921875
Grenada,1983,4841.408345816926,8.719583511352539,3653.77001953125
Grenada,1984,4985.294287478687,8.507499694824219,3702.790283203125
Grenada,1985,5249.702586307088,8.478750228881836,3726.7900390625
Grenada,1986,5587.903432566247,8.527083396911621,3720.18994140625
Grenada,1987,6050.252092899815,8.675833702087402,3597.56982421875
Grenada,1988,6180.19534754983,8.573333740234375,4236.22998046875
Grenada,1989,6360.44802702083,8.552083015441895,3896.389892578125
Grenada,1990,6560.337344725652,8.6225004196167,4081.259765625
Grenada,1991,6596.066980719697,8.59375,4019.670166015625
Grenada,1992,6487.8508700881775,8.643750190734863,3960.330078125
Grenada,1993,6312.3061720250735,8.66333293914795,3733.01025390625
Grenada,1994,6372.155911431334,8.630000114440918,3878.820068359375
Grenada,1995,6462.049025076043,8.68375015258789,4018.47998046875
Grenada,1996,6702.710674672031,8.616250038146973,3985.510009765625
Grenada,1997,6991.487795933317,8.693333625793457,3385.590087890625
Grenada,1998,7760.460829421465,8.820833206176758,4393.72998046875
Grenada,1999,8239.99597018165,8.698333740234375,4507.98974609375
Grenada,2000,8584.528481104911,8.662500381469727,3744.39990234375
Grenada,2001,8369.038760096484,8.792916297912598,3557.409912109375
Grenada,2002,8623.409747076137,8.764583587646484,3685.929931640625
Grenada,2003,9397.914110071524,8.77750015258789,3910.449951171875
Grenada,2004,9299.573139321814,8.714583396911621,4133.43017578125
Grenada,2005,10494.746964605596,8.806249618530273,4251.77001953125
Grenada,2006,10038.762811497241,8.7133331298828125,3616.050048828125
Grenada,2007,10616.177666752346,8.688750267028809,3671.08984375
Grenada,2008,10680.627853745667,8.669583320617676,3863.139892578125
Grenada,2009,9942.192003784718,8.765417098999023,3603.159912109375
Grenada,2010,9861.943228585716,8.8491668701171875,4378.52978515625
Grenada,2011,9893.653443791058,8.672083854675293,4364.41015625
Grenada,2012,9719.043416703353,8.709583282470703,4167.1298828125
Grenada,2013,9885.1382682479325,8.691666603088379,3408.0302734375
Grenada,2014,10550.951354334722,8.719583511352539,3785.81005859375
Grenada,2015,11177.706173568731,8.763333320617676,3166.329833984375
Grenada,2016,11549.98196724342,8.736249923706055,4117.9296875
Grenada,2017,12030.46386832719,8.328333854675293,3919.550048828125
Grenada,2018,12527.708992261543,8.076250076293945,3546.9599609375
Grenada,2019,12580.924097739475,8.120833396911621,3059.070068359375
Grenada,2020,10816.639512648939,7.989166736602783,3129.18017578125
Guam,2002,38025.02715930353,7.5178680419921875,4929.212890625
Guam,2003,38166.104780921356,7.4884724617004395,3715.96484375
Guam,2004,40477.5465487583,7.536871433258057,3025.9892578125
Guam,2005,41810.21085882387,7.542993068695068,2509.26904296875
Guam,2006,40167.25033822452,7.532128810882568,2413.123291015625
Guam,2007,40350.56597354618,7.722649097442627,2309.7646484375
Guam,2008,41065.68091263415,7.749431610107422,2039.4293212890625
Guam,2009,41126.68857884633,8.95641803741455,2419.08203125
Guam,2010,41969.34426213135,14.369736671447754,2162.08349609375
Guam,2011,41996.63930904873,9.467979431152344,2899.273681640625
Guam,2012,42947.45458888982,7.804556846618652,2576.447998046875
Guam,2013,43769.49057670778,8.219841003417969,2426.154052734375
Guam,2014,44683.53213282461,8.083340644836426,2762.507568359375
Guam,2015,45211.20945302304,7.779694557189941,2653.074462890625
Guam,2016,45478.815968297946,7.83794641494751,2498.030517578125
Guam,2017,46092.14651946852,7.836834907531738,2552.1044921875
Guam,2018,45938.275679975224,7.891092300415039,2722.960693359375
Guam,2019,47351.09755713837,7.86569356918335,2465.732177734375
Guam,2020,42278.85051693866,7.7875237464904785,2392.563232421875
Guatemala,1961,2453.0807425208636,7.783449172973633,5693.1279296875
Guatemala,1962,2465.711277904472,7.794466972351074,4947.43701171875
Guatemala,1963,2622.970997162852,7.784605026245117,5121.50341796875
Guatemala,1964,2665.933729813236,7.802677154541016,4972.75
Guatemala,1965,2703.061725451726,7.7830047607421875,4903.80615234375
Guatemala,1966,2771.9368290890643,7.725963592529297,5313.8681640625
Guatemala,1967,2805.9897249785404,7.732108116149902,4898.2880859375
Guatemala,1968,2968.928659288378,7.664582252502441,4992.44189453125
Guatemala,1969,3027.363335195721,7.88961124420166,5619.43798828125
Guatemala,1970,3117.2161034535366,7.825754642486572,5069.6123046875
Guatemala,1971,3207.2506713549933,7.832034111022949,4618.4013671875
Guatemala,1972,3354.9208448850145,7.940892219543457,4840.26025390625
Guatemala,1973,3491.070184406044,7.890890121459961,5269.9501953125
Guatemala,1974,3620.763880402463,7.765917778015137,4730.501953125
Guatemala,1975,3602.5079027944635,7.924351692199707,4780.05908203125
Guatemala,1976,3786.0574951541066,7.800716400146484,4891.30615234375
Guatemala,1977,3993.0194484538197,7.865083694458008,4595.27490234375
Guatemala,1978,4090.292980527846,7.798396110534668,4823.1455078125
Guatemala,1979,4177.239878306439,7.816187858581543,5399.5302734375
Guatemala,1980,4226.002326894118,7.907070636749268,5084.47802734375
Guatemala,1981,4147.879877130271,7.797880172729492,5442.3779296875
Guatemala,1982,3910.4905932858874,7.90067720413208,5295.1494140625
Guatemala,1983,3717.7886468215243,7.992686748504639,5316.77490234375
Guatemala,1984,3632.9220876068252,7.766337871551514,5604.060546875
Guatemala,1985,3510.042268846729,7.8721089363098145,4873.55810546875
Guatemala,1986,3418.7573466467406,7.898562431335449,4619.48974609375
Guatemala,1987,3443.6306665418224,7.976272106170654,4270.4306640625
Guatemala,1988,3478.872705170514,7.951668739318848,5552.7265625
Guatemala,1989,3515.716190625784,7.892105579376221,5153.91748046875
Guatemala,1990,3524.691663370819,7.91801118850708,5414.859375
Guatemala,1991,3555.9898228230327,7.942994594573975,5162.47607421875
Guatemala,1992,3630.2882290331386,7.881829261779785,5230.7314453125
Guatemala,1993,3673.5175364459883,7.843217372894287,5272.314453125
Guatemala,1994,3721.2604424840706,7.981851100921631,5030.7314453125
Guatemala,1995,3803.4364109862945,8.008257865905762,5782.50341796875
Guatemala,1996,3815.836845156666,7.844566822052002,5419.49267578125
Guatemala,1997,3881.7831530159856,8.03955364227295,5213.791015625
Guatemala,1998,3972.664959373861,8.15708065032959,5698.6015625
Guatemala,1999,4022.9919710225795,7.880598068237305,5518.4140625
Guatemala,2000,4070.3192527169194,7.96217155456543,5376.60400390625
Guatemala,2001,4070.6678449335227,7.979194164276123,5574.54931640625
Guatemala,2002,4131.177352417609,7.990773677825928,5294.4873046875
Guatemala,2003,4142.602143382334,8.047953605651855,4935.87548828125
Guatemala,2004,4178.664164774179,7.989638328552246,5097.59375
Guatemala,2005,4223.155344681841,8.037545204162598,5207.19384765625
Guatemala,2006,4356.016073588318,7.977182865142822,5258.00244140625
Guatemala,2007,4535.530807667432,7.9695281982421875,5247.73828125
Guatemala,2008,4589.721900955891,7.976321697235107,5467.619140625
Guatemala,2009,4520.635133200523,8.032418251037598,5066.78515625
Guatemala,2010,4559.762380706468,8.011130332946777,5407.45263671875
Guatemala,2011,4655.863412930258,7.991031169891357,5572.8779296875
Guatemala,2012,4699.831848375545,8.09989070892334,5229.15966796875
Guatemala,2013,4779.197657393038,8.013721466064453,6092.2421875
Guatemala,2014,4897.87873180493,8.054169654846191,5219.478515625
Guatemala,2015,5005.732227298522,8.158500671386719,5007.771484375
Guatemala,2016,5045.9395291986475,8.14670467376709,4987.103515625
Guatemala,2017,5107.601978939996,8.119335174560547,5125.71923828125
Guatemala,2018,5194.347604596341,8.055413246154785,5062.4365234375
Guatemala,2019,5321.51231554642,8.179126739501953,4967.9462890625
Guatemala,2020,5150.155514139584,8.146514892578125,5040.68505859375
Guinea,1970,583.7187384016436,8.402724266052246,4009.9892578125
Guinea,1971,604.0721981207978,8.314674377441406,4145.3623046875
Guinea,1972,607.4445690447843,8.36445140838623,3917.224609375
Guinea,1973,606.6922674284308,8.427985191345215,3913.654296875
Guinea,1974,628.20307092864,8.276209831237793,4055.427734375
Guinea,1975,636.087760641289,8.201933860778809,4196.14892578125
Guinea,1976,675.8646227327345,8.197385787963867,4550.02734375
Guinea,1977,643.1201505066863,8.353196144104004,3745.054931640625
Guinea,1978,676.0248599254899,8.336115837097168,4385.0625
Guinea,1979,656.8934961485022,8.423881530761719,4199.2421875
Guinea,1980,662.2130446795674,8.492252349853516,3841.12158203125
Guinea,1981,653.8321332886351,8.400884628295898,4100.0732421875
Guinea,1982,652.3613462659783,8.330466270446777,3948.29296875
Guinea,1983,647.0154924487332,8.530068397521973,3807.845947265625
Guinea,1984,641.6736824339797,8.447271347045898,3864.309814453125
Guinea,1985,658.1117883709002,8.421220779418945,3898.737548828125
Guinea,1986,662.0501884056355,8.332733154296875,3889.0185546875
Guinea,1987,666.5652783087636,8.5959625244140625,3772.40673828125
Guinea,1988,690.317161110032,8.421579360961914,3952.926025390625
Guinea,1989,699.5612606320743,8.382405281066895,4025.19677734375
Guinea,1990,705.0204968565597,8.506673812866211,3707.97998046875
Guinea,1991,695.0581746653128,8.533750534057617,3953.765869140625
Guinea,1992,695.2452263536845,8.440214157104492,3996.09912109375
Guinea,1993,708.408483685613,8.515656471252441,3937.4384765625
Guinea,1994,714.7802759860724,8.367435455322266,4487.88134765625
Guinea,1995,727.1105179097051,8.49461841583252,4143.619140625
Guinea,1996,738.35942613412,8.544835090637207,4086.01318359375
Guinea,1997,760.8207971517088,8.551078796386719,4045.803955078125
Guinea,1998,773.8502920045288,8.633490562438965,4217.234375
Guinea,1999,785.5494220710146,8.426629066467285,4471.72119140625
Guinea,2000,789.5729649048188,8.506193161010742,4202.06494140625
Guinea,2001,807.8079215434396,8.558051109313965,3309.10546875
Guinea,2002,836.3938585615716,8.636597633361816,3672.626953125
Guinea,2003,828.0579520063231,8.594019889831543,4238.734375
Guinea,2004,829.4871267532428,8.602290153503418,3285.869140625
Guinea,2005,837.4283574367686,8.627276420593262,3644.649658203125
Guinea,2006,829.858886918817,8.484490394592285,3923.136962890625
Guinea,2007,866.1492651139523,8.575445175170898,3575.099853515625
Guinea,2008,880.3902651073321,8.532249450683594,3722.621826171875
Guinea,2009,849.509845595063,8.560734748840332,3777.6884765625
Guinea,2010,868.769341493223,8.677579879760742,4425.8203125
Guinea,2011,895.077940190433,8.609960556030273,3551.580078125
Guinea,2012,925.0414850886887,8.505488395690918,3487.559326171875
Guinea,2013,938.3188086819555,8.577627182006836,3674.42822265625
Guinea,2014,949.1686798470118,8.569128036499023,3841.244873046875
Guinea,2015,960.8485243630702,8.626239776611328,3959.853759765625
Guinea,2016,1037.833269067255,8.662880897521973,4261.89501953125
Guinea,2017,1115.8357789200188,8.654657363891602,4160.69775390625
Guinea,2018,1156.9767416030963,8.65722370147705,3877.18896484375
Guinea,2019,1191.0659325891834,9.450187683105469,3418.83544921875
Guinea,2020,1215.684669592503,8.70539379119873,3999.902587890625
Guinea-Bissau,1970,681.450033267686,9.009393692016602,3563.042724609375
Guinea-Bissau,1971,652.7680695839047,8.766165733337402,3692.978271484375
Guinea-Bissau,1972,693.9088303367048,8.906614303588867,3356.365234375
Guinea-Bissau,1973,694.2867446156762,8.935943603515625,3358.404052734375
Guinea-Bissau,1974,701.6418405548438,8.738886833190918,3539.70263671875
Guinea-Bissau,1975,712.9505587958073,8.739013671875,3995.899658203125
Guinea-Bissau,1976,701.6073018565558,8.719918251037598,4016.093994140625
Guinea-Bissau,1977,609.509828765106,8.941749572753906,3114.728759765625
Guinea-Bissau,1978,646.0503207258537,8.860347747802734,4161.33837890625
Guinea-Bissau,1979,636.2906371357042,9.026156425476074,3732.16552734375
Guinea-Bissau,1980,528.7004980642541,8.970062255859375,3035.821533203125
Guinea-Bissau,1981,615.0157696434029,8.947260856628418,3607.003662109375
Guinea-Bissau,1982,630.7695336475982,8.782642364501953,3369.62646484375
Guinea-Bissau,1983,599.733706962141,9.120404243469238,3079.948486328125
Guinea-Bissau,1984,644.0499688464895,8.968393325805664,3406.74072265625
Guinea-Bissau,1985,660.2884881803892,8.93673038482666,3201.1640625
Guinea-Bissau,1986,644.6845617074592,8.847405433654785,3417.690185546875
Guinea-Bissau,1987,652.8334569136067,9.081879615783691,3439.03173828125
Guinea-Bissau,1988,671.8466251705571,8.893198013305664,3821.6337890625
Guinea-Bissau,1989,701.1237907374608,8.903045654296875,3807.93212890625
Guinea-Bissau,1990,731.7598714073483,9.092106819152832,3133.0244140625
Guinea-Bissau,1991,752.8650992904661,9.062644004821777,3425.25390625
Guinea-Bissau,1992,739.0654305106933,8.97520923614502,3739.240478515625
Guinea-Bissau,1993,730.0761716226808,8.993910789489746,3480.15673828125
Guinea-Bissau,1994,730.4731828628657,8.886563301086426,4246.29150390625
Guinea-Bissau,1995,743.6036214678048,9.021539688110352,3626.93017578125
Guinea-Bissau,1996,812.7453166172022,9.10427474975586,3394.69873046875
Guinea-Bissau,1997,849.2283799349224,9.115687370300293,3564.101806640625
Guinea-Bissau,1998,646.4508813367075,9.2164945602417,3631.29833984375
Guinea-Bissau,1999,740.9666582849069,8.936968803405762,4091.16357421875
Guinea-Bissau,2000,734.2339285820615,9.053502082824707,3827.0869140625
Guinea-Bissau,2001,753.1896861829975,9.098183631896973,3260.397216796875
Guinea-Bissau,2002,763.7353995469415,9.152484893798828,3052.72802734375
Guinea-Bissau,2003,744.5172861131131,9.095242500305176,4086.52490234375
Guinea-Bissau,2004,736.0755745426876,9.033217430114746,3447.6220703125
Guinea-Bissau,2005,766.1807551457804,9.13546371459961,4380.40771484375
Guinea-Bissau,2006,767.8708815490726,9.022295951843262,4273.6826171875
Guinea-Bissau,2007,768.1599873739493,9.014503479003906,4006.017333984375
Guinea-Bissau,2008,782.9150164207582,9.098528861999512,3953.011962890625
Guinea-Bissau,2009,781.9424276797514,9.052342414855957,4032.407958984375
Guinea-Bissau,2010,804.7010836370928,9.18946361541748,4231.14599609375
Guinea-Bissau,2011,847.1915001023302,9.059231758117676,3280.284423828125
Guinea-Bissau,2012,810.8267437798962,9.039045333862305,4182.458984375
Guinea-Bissau,2013,815.2324931559615,9.108119010925293,4092.60986328125
Guinea-Bissau,2014,801.7519442555097,9.065681457519531,4360.91357421875
Guinea-Bissau,2015,829.3379820000196,9.099847793579102,3668.06640625
Guinea-Bissau,2016,852.705881615721,9.195812225341797,4078.76611328125
Guinea-Bissau,2017,870.9925263679303,9.162952423095703,3981.24267578125
Guinea-Bissau,2018,882.5515138257539,9.128150939941406,3406.13037109375
Guinea-Bissau,2019,908.0612907655177,10.037139892578125,3505.1884765625
Guinea-Bissau,2020,913.1738111820933,9.28042984008789,3947.169921875
Guyana,1961,3594.603180641316,8.486926078796387,4587.34130859375
Guyana,1962,3555.630084589204,8.468579292297363,5217.76806640625
Guyana,1963,3052.025628638853,8.537959098815918,5608.654296875
Guyana,1964,3326.4416974985975,8.67711353302002,5150.95849609375
Guyana,1965,3599.7114738789674,8.532458305358887,4802.77490234375
Guyana,1966,3709.149081467663,8.554893493652344,5409.48388671875
Guyana,1967,3789.318324477828,8.434255599975586,5546.712890625
Guyana,1968,3749.744705071825,8.402265548706055,5980.17822265625
Guyana,1969,3930.273222051918,8.59689998626709,5256.64990234375
Guyana,1970,4024.7408489029003,8.5011444091796875,5866.8349609375
Guyana,1971,4092.0427040759114,8.441027641296387,5834.173828125
Guyana,1972,3907.186194300109,8.546792984008789,5869.23828125
Guyana,1973,3909.6537124269616,8.59019660949707,5597.65478515625
Guyana,1974,4165.628115792827,8.52804946899414,5637.84619140625
Guyana,1975,4474.524211784664,8.493377685546875,6047.20263671875
Guyana,1976,4501.862235206402,8.529223442077637,6167.00244140625
Guyana,1977,4346.0911646111135,8.61329460144043,5039.75830078125
Guyana,1978,4234.48266308539,8.578947067260742,5216.79736328125
Guyana,1979,4127.191289872616,8.65575122833252,5807.22900390625
Guyana,1980,4175.4097787028895,8.65091323852539,5261.1494140625
Guyana,1981,4226.495447865915,8.605348587036133,5811.9208984375
Guyana,1982,3667.7915556558414,8.58796501159668,5215.0498046875
Guyana,1983,3422.2783864155463,8.653042793273926,5046.42431640625
Guyana,1984,3257.654482024017,8.448759078979492,5902.31884765625
Guyana,1985,3347.216638717076,8.501363754272461,5551.9697265625
Guyana,1986,3331.66391964743,8.62950325012207,5064.17333984375
Guyana,1987,3379.129392591614,8.731011390686035,5680.0478515625
Guyana,1988,3273.413471110354,8.595627784729004,5732.18212890625
Guyana,1989,3132.253827424536,8.49220085144043,6211.2744140625
Guyana,1990,3056.2990169980026,8.611715316772461,6511.74462890625
Guyana,1991,3250.257130706931,8.594297409057617,5216.74169921875
Guyana,1992,3492.8339806408317,8.558978080749512,4453.9609375
Guyana,1993,3763.051877447396,8.572354316711426,5501.19873046875
Guyana,1994,4068.6934096569653,8.643186569213867,5400.8330078125
Guyana,1995,4258.948502422819,8.635671615600586,5587.53955078125
Guyana,1996,4584.844590593287,8.562920570373535,5525.6298828125
Guyana,1997,4857.239792430993,8.65859317779541,5512.1865234375
Guyana,1998,4767.294669635379,8.833196640014648,5766.93505859375
Guyana,1999,4902.654580737842,8.621575355529785,5951.20654296875
Guyana,2000,4833.585369090188,8.602214813232422,6090.02734375
Guyana,2001,4946.063730845977,8.723356246948242,5095.05078125
Guyana,2002,5007.488108942587,8.764740943908691,5297.7314453125
Guyana,2003,4979.422314551531,8.759799003601074,5239.802734375
Guyana,2004,5061.798691427452,8.67281723022461,5508.2158203125
Guyana,2005,4972.8549529581,8.758397102355957,5944.99609375
Guyana,2006,5241.361284759841,8.645618438720703,6051.57861328125
Guyana,2007,5633.905652188287,8.695649147033691,6197.09228515625
Guyana,2008,5749.924676849396,8.569389343261719,6533.95361328125
Guyana,2009,5977.482071079899,8.787100791931152,5497.12255859375
Guyana,2010,6248.434923106723,8.801880836486816,5925.15673828125
Guyana,2011,6600.454718342701,8.692681312561035,6076.50439453125
Guyana,2012,6947.45954149733,8.689942359924316,5550.240234375
Guyana,2013,7165.434787778937,8.776947975158691,5699.1650390625
Guyana,2014,7245.627783768357,8.759784698486328,4596.64013671875
Guyana,2015,7251.668550071268,8.837797164916992,5070.80078125
Guyana,2016,7480.775099400382,8.808032035827637,4935.6083984375
Guyana,2017,7710.350498672891,8.49039363861084,4687.58935546875
Guyana,2018,7817.990509679003,8.356242179870605,3760.16845703125
Guyana,2019,8072.197301247709,8.499505043029785,4684.84228515625
Guyana,2020,11584.599745107666,8.430835723876953,5735.9423828125
Haiti,1961,2126.355545166503,8.15460205078125,3929.905517578125
Haiti,1962,2252.4839387816996,8.178849220275879,3353.48779296875
Haiti,1963,2171.060457291709,8.181070327758789,4252.2958984375
Haiti,1964,2097.6100516141773,8.213146209716797,3462.330322265625
Haiti,1965,2103.597937712473,8.03856372833252,3706.712158203125
Haiti,1966,2053.1722793348595,8.064927101135254,4047.080322265625
Haiti,1967,1972.8458691749738,8.007594108581543,3006.72509765625
Haiti,1968,1998.0828579757479,8.041228294372559,3349.248291015625
Haiti,1969,2035.9464804998097,8.190954208374023,4097.73779296875
Haiti,1970,2011.2755792980863,8.099369049072266,4050.11865234375
Haiti,1971,2101.6585082607094,8.089396476745605,3599.26904296875
Haiti,1972,2082.242381151364,8.1351776123046875,4054.75927734375
Haiti,1973,2139.972754351356,8.194977760314941,3328.226318359375
Haiti,1974,2220.642709384679,8.080564498901367,3763.802001953125
Haiti,1975,2202.729749705435,8.09296703338623,3039.56005859375
Haiti,1976,2343.0000472063207,8.049393653869629,2989.676025390625
Haiti,1977,2383.517481321988,8.171391487121582,3714.731201171875
Haiti,1978,2483.1950076964913,8.190156936645508,3888.03466796875
Haiti,1979,2620.0098574253643,8.1755952835083,5107.25634765625
Haiti,1980,2759.662028129408,8.2960052490234375,4184.1201171875
Haiti,1981,2629.773679620836,8.25059700012207,4335.3876953125
Haiti,1982,2487.2925823578184,8.155961990356445,3474.3125
Haiti,1983,2461.3132692659633,8.275700569152832,4058.314697265625
Haiti,1984,2420.6675985452425,8.135218620300293,3736.33837890625
Haiti,1985,2387.433516430529,8.088956832885742,3740.0673828125
Haiti,1986,2328.4443961461834,8.105706214904785,4028.10986328125
Haiti,1987,2263.7301156770227,8.3235931396484375,4494.87353515625
Haiti,1988,2222.398768658712,8.219472885131836,4045.237548828125
Haiti,1989,2113.7618669888766,8.202512741088867,3434.71142578125
Haiti,1990,2092.1741863887455,8.306917190551758,3534.36767578125
Haiti,1991,2088.552917752172,8.272896766662598,3531.79248046875
Haiti,1992,1938.5453874215175,8.246501922607422,3264.975830078125
Haiti,1993,1797.68299944429,8.257817268371582,3714.77294921875
Haiti,1994,1552.6433869293232,8.284650802612305,3195.057861328125
Haiti,1995,1674.1054998653508,8.279806137084961,3856.265625
Haiti,1996,1710.625358035302,8.253085136413574,3593.9794921875
Haiti,1997,1724.0690407415061,8.416404724121094,3540.163330078125
Haiti,1998,1729.1371446458768,8.446403503417969,3317.54150390625
Haiti,1999,1743.503654867534,8.312191009521484,2722.45068359375
Haiti,2000,1726.509077667903,8.290510177612305,3062.5224609375
Haiti,2001,1689.5068128540993,8.366674423217773,2680.6064453125
Haiti,2002,1677.1839783525588,8.35541820526123,2540.6689453125
Haiti,2003,1705.3942709733717,8.395047187805176,3332.72607421875
Haiti,2004,1654.5221785905717,8.290337562561035,2537.02880859375
Haiti,2005,1676.931546666004,8.291959762573242,3001.776611328125
Haiti,2006,1677.8380680947532,8.278108596801758,1989.372314453125
Haiti,2007,1727.429881351605,8.295533180236816,3080.726318359375
Haiti,2008,1744.0443475701427,8.247580528259277,2119.646728515625
Haiti,2009,1816.5075209562162,8.34631061553955,1989.4454345703125
Haiti,2010,1693.9676700745676,8.42648983001709,2966.993896484375
Haiti,2011,1760.2889596313107,8.2863616943359375,2733.90087890625
Haiti,2012,1741.9248819784534,8.293278694152832,3152.013916015625
Haiti,2013,1790.1328214879145,8.385978698730469,2401.80615234375
Haiti,2014,1815.057053419563,8.386481285095215,3158.345458984375
Haiti,2015,1814.2323004732461,8.47182559967041,2526.509033203125
Haiti,2016,1821.460255915908,8.411624908447266,3227.458740234375
Haiti,2017,1841.932454258798,8.375838279724121,3253.2646484375
Haiti,2018,1847.9496526692722,8.41871452331543,2416.42919921875
Haiti,2019,1792.754406508663,8.560667037963867,2749.923095703125
Haiti,2020,1712.1133656244851,8.459077835083008,2978.73291015625
Honduras,1961,264.04664133136083,8.048188209533691,4740.86865234375
Honduras,1962,262.2959200596003,8.046138763427734,4569.99658203125
Honduras,1963,258.1901712744448,8.067168235778809,4448.0556640625
Honduras,1964,254.80942998829053,8.07821273803711,4476.173828125
Honduras,1965,253.99149017482142,8.047037124633789,4181.1669921875
Honduras,1966,244.00496639519235,8.046366691589355,5097.150390625
Honduras,1967,245.96268107784707,7.986905097961426,3926.427978515625
Honduras,1968,236.08999822315124,7.96544885635376,4503.3466796875
Honduras,1969,231.28227331161202,8.17838191986084,5142.03759765625
Honduras,1970,235.6155162582694,8.16317081451416,4717.515625
Honduras,1971,239.28472180938016,8.1238431930542,3881.778564453125
Honduras,1972,241.18900297597213,8.186827659606934,3893.72412109375
Honduras,1973,244.42323710530428,8.181341171264648,4458.29833984375
Honduras,1974,259.8019554849053,7.991310119628906,4207.30908203125
Honduras,1975,265.620339149738,8.179596900939941,4139.103515625
Honduras,1976,298.91016005091336,8.105698585510254,4288.69677734375
Honduras,1977,314.890872403972,8.197940826416016,3988.1123046875
Honduras,1978,344.79666786023876,8.156524658203125,4670.3251953125
Honduras,1979,372.90237449242704,8.166879653930664,5114.17919921875
Honduras,1980,408.86269375636397,8.232522010803223,4864.8525390625
Honduras,1981,425.44126274392124,8.14990234375,5367.3310546875
Honduras,1982,431.0032469940873,8.202197074890137,4930.03515625
Honduras,1983,447.6488323639454,8.29813003540039,4624.98779296875
Honduras,1984,444.93152978872746,8.06471061706543,4682.130859375
Honduras,1985,452.3996227150351,8.160401344299316,4089.974609375
Honduras,1986,463.9684392334275,8.188361167907715,4077.03076171875
Honduras,1987,458.83944803911163,8.293578147888184,4022.384765625
Honduras,1988,479.88312818234687,8.25637149810791,4936.4013671875
Honduras,1989,499.8457154092295,8.203219413757324,4408.2041015625
Honduras,1990,588.8088639452884,8.18194580078125,4540.1328125
Honduras,1991,721.4179045311894,8.257326126098633,4233.76171875
Honduras,1992,764.5691078190457,8.27696418762207,5391.40625
Honduras,1993,844.5126395398033,8.262919425964355,4761.853515625
Honduras,1994,1059.1177328803776,8.2573823928833,4053.29931640625
Honduras,1995,1283.5491940943527,8.279781341552734,4500.072265625
Honduras,1996,1534.294113774292,8.124485969543457,4149.60595703125
Honduras,1997,1826.5801194120206,8.333191871643066,3935.3642578125
Honduras,1998,1984.751078709883,8.347125053405762,4085.260009765625
Honduras,1999,2157.057497335772,8.116150856018066,3855.118408203125
Honduras,2000,2300.664017148718,8.165255546569824,4070.15185546875
Honduras,2001,2300.2914003821847,8.286678314208984,4491.98681640625
Honduras,2002,2324.442428056599,8.277739524841309,4180.2333984375
Honduras,2003,2368.572065594061,8.303796768188477,3820.437744140625
Honduras,2004,2454.2125895414238,8.255086898803711,4091.380615234375
Honduras,2005,2540.2837824065,8.269574165344238,3142.052978515625
Honduras,2006,2644.008988972548,8.260846138000488,3969.6669921875
Honduras,2007,2743.8541395131924,8.25870418548584,3897.6376953125
Honduras,2008,2796.5041720747954,8.241456031799316,4357.95361328125
Honduras,2009,2669.4312653296356,8.281061172485352,4246.44775390625
Honduras,2010,2710.7840024944094,8.310600280761719,3406.90283203125
Honduras,2011,2757.182918605482,8.233798027038574,3211.974365234375
Honduras,2012,2813.534944638867,8.32970905303955,4086.619384765625
Honduras,2013,2835.4008158689417,8.24294376373291,4506.2412109375
Honduras,2014,2866.059299240383,8.320782661437988,4290.58251953125
Honduras,2015,2919.999172101215,8.386919975280762,3547.60986328125
Honduras,2016,2977.2460678143652,8.372538566589355,3098.1611328125
Honduras,2017,3064.2135923922224,8.290982246398926,3598.0830078125
Honduras,2018,3124.332504750928,8.269570350646973,3208.68359375
Honduras,2019,3146.8077504274074,8.388936996459961,3415.02001953125
Honduras,2020,2814.869331404094,8.356426239013672,3320.790771484375
"Hong Kong SAR, China",1961,5086.12319629975,7.765883922576904,5543.38232421875
"Hong Kong SAR, China",1962,5571.8815879497315,7.650473117828369,4517.5771484375
"Hong Kong SAR, China",1963,6232.063803039558,7.779986381530762,2857.207275390625
"Hong Kong SAR, China",1964,6608.064376722852,7.71354866027832,4697.0947265625
"Hong Kong SAR, China",1965,7379.1695042065285,7.735069274902344,4772.3701171875
"Hong Kong SAR, China",1966,7445.38601789541,7.879220008850098,5083.10595703125
"Hong Kong SAR, China",1967,7375.997082458387,7.637079238891602,3738.52099609375
"Hong Kong SAR, China",1968,7466.343318546286,7.673657417297363,4378.32080078125
"Hong Kong SAR, China",1969,8181.595841956705,7.649407863616943,3923.010009765625
"Hong Kong SAR, China",1970,8720.208842075519,7.609752178192139,4457.19921875
"Hong Kong SAR, China",1971,9156.582536394517,7.6910552978515625,3783.44873046875
"Hong Kong SAR, China",1972,9935.9468113037,7.748256206512451,4891.822265625
"Hong Kong SAR, China",1973,10845.699467125194,7.829773426055908,5265.26904296875
"Hong Kong SAR, China",1974,10762.078691912438,7.729545593261719,4617.52978515625
"Hong Kong SAR, China",1975,10611.89689851546,7.755529880523682,5273.123046875
"Hong Kong SAR, China",1976,12173.351060995796,7.58469295501709,4389.25732421875
"Hong Kong SAR, China",1977,13405.804887387814,7.856164932250977,3704.600830078125
"Hong Kong SAR, China",1978,14252.655849950821,7.708621025085449,4930.66259765625
"Hong Kong SAR, China",1979,15054.10571672181,7.804250240325928,4566.34228515625
"Hong Kong SAR, China",1980,16139.078447077934,7.808462619781494,3885.04052734375
"Hong Kong SAR, China",1981,17224.423785560688,7.725604057312012,4064.600341796875
"Hong Kong SAR, China",1982,17459.346493307818,7.724297523498535,5336.58740234375
"Hong Kong SAR, China",1983,18223.88148712046,7.731667995452881,5405.08349609375
"Hong Kong SAR, China",1984,19845.44813304438,7.581329345703125,3775.892578125
"Hong Kong SAR, China",1985,19782.033238983164,7.665578365325928,4400.16552734375
"Hong Kong SAR, China",1986,21697.158558936753,7.684398174285889,4473.29541015625
"Hong Kong SAR, China",1987,24357.77664710145,7.891234874725342,4546.94775390625
"Hong Kong SAR, China",1988,26209.78668080982,7.727573871612549,3742.72607421875
"Hong Kong SAR, China",1989,26530.343640583556,7.751965045928955,3951.324462890625
"Hong Kong SAR, China",1990,27458.22216935082,7.873765468597412,3889.79052734375
"Hong Kong SAR, China",1991,28784.202470307868,7.86945104598999,3601.277099609375
"Hong Kong SAR, China",1992,30323.205256440717,7.674166202545166,4905.58837890625
"Hong Kong SAR, China",1993,31655.12556407567,7.772988319396973,5333.8525390625
"Hong Kong SAR, China",1994,32818.380276681,7.912872791290283,5449.07568359375
"Hong Kong SAR, China",1995,32938.694955840685,7.698497295379639,5373.2919921875
"Hong Kong SAR, China",1996,32850.42328274654,7.764892578125,4798.70263671875
"Hong Kong SAR, China",1997,34239.48771843323,7.812460899353027,5950.931640625
"Hong Kong SAR, China",1998,31957.400342229404,7.994307994842529,4778.1494140625
"Hong Kong SAR, China",1999,32447.1002816523,7.918337821960449,4523.6494140625
"Hong Kong SAR, China",2000,34627.042892498204,7.879674434661865,5080.02685546875
"Hong Kong SAR, China",2001,34565.57633649711,7.931515216827393,5527.689453125
"Hong Kong SAR, China",2002,34982.9547910426,8.00958251953125,5221.32470703125
"Hong Kong SAR, China",2003,36123.38789724821,7.957971572875977,4025.548583984375
"Hong Kong SAR, China",2004,38961.1061668944,7.916364669799805,3893.644287109375
"Hong Kong SAR, China",2005,41657.2399663102,7.881415367126465,5180.1728515625
"Hong Kong SAR, China",2006,44301.40862682011,8.008782386779785,5143.54931640625
"Hong Kong SAR, China",2007,46761.697977772186,7.986509323120117,4191.1962890625
"Hong Kong SAR, China",2008,47471.90086746867,7.847068786621094,5035.744140625
"Hong Kong SAR, China",2009,46204.88325222302,7.940564155578613,4311.47802734375
"Hong Kong SAR, China",2010,48970.89675004384,7.83774471282959,4689.0166015625
"Hong Kong SAR, China",2011,50984.65229035175,7.758969306945801,4163.6650390625
"Hong Kong SAR, China",2012,51282.27619647506,7.840583801269531,4596.21142578125
"Hong Kong SAR, China",2013,52660.69541568626,7.874351501464844,5421.291015625
"Hong Kong SAR, China",2014,53736.649160304434,7.996724605560303,4795.150390625
"Hong Kong SAR, China",2015,54553.422302435014,8.114853858947754,5135.521484375
"Hong Kong SAR, China",2016,55396.02413448236,8.101637840270996,5995.16162109375
"Hong Kong SAR, China",2017,57058.72525166011,8.122079849243164,5201.974609375
"Hong Kong SAR, China",2018,58215.43281047939,8.114018440246582,5142.81689453125
"Hong Kong SAR, China",2019,56820.192287958824,8.266213417053223,5235.50439453125
"Hong Kong SAR, China",2020,53292.362815100954,8.250208854675293,4621.14697265625
Hungary,1961,2792.458635782741,4.838228225708008,1279.6966552734375
Hungary,1962,2953.1196546272226,4.520686149597168,1408.87939453125
Hungary,1963,3113.055291832224,4.531939506530762,1459.36083984375
Hungary,1964,3249.098490370703,4.546104907989502,1504.556396484375
Hungary,1965,4614.242138056058,4.472590923309326,1672.84619140625
Hungary,1966,4940.740337528619,4.8075056076049805,1570.66357421875
Hungary,1967,5291.566313837475,4.743671417236328,1344.8360595703125
Hungary,1968,5529.630517814529,4.7218337059021,1365.724365234375
Hungary,1969,5886.547048025775,4.5970377922058105,1464.510986328125
Hungary,1970,6139.85240685664,4.583599090576172,1509.1256103515625
Hungary,1971,6501.889752048135,4.666794776916504,1257.4337158203125
Hungary,1972,6877.971031301814,4.678922176361084,1501.455322265625
Hungary,1973,7328.893591242686,4.612161636352539,1304.4906005859375
Hungary,1974,7726.734837264238,4.791168212890625,1584.85546875
Hungary,1975,8157.677241704923,4.761826515197754,1412.0328369140625
Hungary,1976,8404.98338998487,4.580229759216309,1449.9854736328125
Hungary,1977,9001.843970544061,4.74161958694458,1400.9659423828125
Hungary,1978,9365.565271593572,4.436994552612305,1357.1824951171875
Hungary,1979,9601.066165585135,4.692536354064941,1434.7412109375
Hungary,1980,9614.008144214795,4.380351543426514,1477.8431396484375
Hungary,1981,9888.946965136374,4.703533172607422,1413.050048828125
Hungary,1982,10175.897843488849,4.723366737365723,1377.865234375
Hungary,1983,10264.8765605776,4.834225177764893,1257.1358642578125
Hungary,1984,10558.828739127073,4.5816545486450195,1447.5753173828125
Hungary,1985,10551.277540622115,4.475257396697998,1427.5731201171875
Hungary,1986,10731.524389790757,4.6605143547058105,1278.581298828125
Hungary,1987,11185.035698959544,4.5795063972473145,1466.2861328125
Hungary,1988,11194.881573578607,4.777209758758545,1377.062255859375
Hungary,1989,11400.802811165113,4.841187477111816,1367.7249755859375
Hungary,1990,11116.409873003196,4.879973411560059,1299.7470703125
Hungary,1991,9794.997051196942,4.591890811920166,1514.9439697265625
Hungary,1992,9498.577368003922,4.9605560302734375,1356.7613525390625
Hungary,1993,9454.630753915433,4.779125213623047,1388.5084228515625
Hungary,1994,9746.60566433931,5.102272987365723,1425.5645751953125
Hungary,1995,9905.564771246156,4.771177768707275,1529.552734375
Hungary,1996,9932.639402735538,4.605160713195801,1506.0142822265625
Hungary,1997,10249.04823142414,4.704480171203613,1374.1981201171875
Hungary,1998,10668.236617009687,4.840193271636963,1566.940185546875
Hungary,1999,11028.660245942769,4.842015743255615,1610.802978515625
Hungary,2000,11544.905932420164,5.150677680969238,1271.2222900390625
Hungary,2001,12041.451963401814,4.864038467407227,1445.107177734375
Hungary,2002,12646.981735626807,5.060217380523682,1452.355712890625
Hungary,2003,13182.824188034308,4.884020805358887,1263.10498046875
Hungary,2004,13867.779026870823,4.743119239807129,1562.6785888671875
Hungary,2005,14492.927520248853,4.679564476013184,1540.2562255859375
Hungary,2006,15086.543333446718,4.873908996582031,1418.39892578125
Hungary,2007,15160.15130519733,5.1455206871032715,1529.02587890625
Hungary,2008,15337.59008884824,5.076098918914795,1418.901611328125
Hungary,2009,14325.986078637103,5.057943344116211,1521.7816162109375
Hungary,2010,14511.742058525255,4.837465286254883,1814.359375
Hungary,2011,14831.858077797137,4.985089302062988,1251.6849365234375
Hungary,2012,14708.954402595748,5.150357246398926,1396.5794677734375
Hungary,2013,15080.26622566004,5.068241596221924,1504.990234375
Hungary,2014,15797.416082271018,5.236118793487549,1716.4652099609375
Hungary,2015,16434.543050868095,5.206157207489014,1495.9886474609375
Hungary,2016,16900.87163187497,5.048050403594971,1698.02490234375
Hungary,2017,17657.597288905767,5.081946849822998,1514.209716796875
Hungary,2018,18685.52789089882,5.273468971252441,1536.139404296875
Hungary,2019,19658.812965986042,5.301192283630371,1542.949462890625
Hungary,2020,18853.33097144379,5.177717208862305,1547.07470703125
Iceland,1961,17917.438412388652,2.4554145336151123,2592.41650390625
Iceland,1962,19050.85859698848,2.305849313735962,2324.633544921875
Iceland,1963,20638.863706805932,2.338690757751465,2272.621337890625
Iceland,1964,22278.771142331323,2.5560176372528076,2395.080322265625
Iceland,1965,23493.69769463787,2.2925026416778564,2105.74169921875
Iceland,1966,25120.524484440688,2.1286661624908447,2257.029296875
Iceland,1967,24406.944692095534,2.1407358646392822,2407.765625
Iceland,1968,22751.668867767043,2.1716971397399902,2334.95703125
Iceland,1969,23079.88186839258,2.096444845199585,2422.481201171875
Iceland,1970,24671.5277040473,2.1589584350585938,2438.2568359375
Iceland,1971,27669.167177405056,2.2217302322387695,2432.308837890625
Iceland,1972,28951.48264967316,2.5541539192199707,2719.50244140625
Iceland,1973,30458.787036288566,2.1764001846313477,2522.762451171875
Iceland,1974,31764.18985496135,2.5192208290100098,2658.8466796875
Iceland,1975,31563.179494955693,2.2689356803894043,2454.7998046875
Iceland,1976,33113.73568084269,2.463474988937378,2505.863037109375
Iceland,1977,35767.86227522783,2.312859535217285,2262.54931640625
Iceland,1978,37625.085153101005,2.322507858276367,2337.93701171875
Iceland,1979,39069.71776774399,1.9181218147277832,2331.259521484375
Iceland,1980,40880.23485164234,2.318235158920288,2208.580322265625
Iceland,1981,42140.382068818224,2.02040433883667,2329.21728515625
Iceland,1982,42476.76440465167,2.2389798164367676,2405.75
Iceland,1983,41016.33481649361,2.110079765319824,2654.946044921875
Iceland,1984,42258.08123784418,2.4587388038635254,2527.97900390625
Iceland,1985,43307.109802451916,2.2600018978118896,2290.68310546875
Iceland,1986,45686.77506529556,2.2883782386779785,2378.960205078125
Iceland,1987,49050.77000204678,2.5957067012786865,2258.59912109375
Iceland,1988,48245.1857607867,2.195544719696045,2430.29150390625
Iceland,1989,47774.553749908206,2.23547625541687,2627.026611328125
Iceland,1990,47958.80379177312,2.34036922454834,2565.2744140625
Iceland,1991,47300.13440124992,2.5440895557403564,2658.40185546875
Iceland,1992,45133.53687595037,2.3495771884918213,2791.012451171875
Iceland,1993,45263.748025893496,2.356638193130493,2523.010009765625
Iceland,1994,46492.48700431966,2.2901864051818848,2513.6533203125
Iceland,1995,46294.87238169844,2.1796762943267822,2431.961181640625
Iceland,1996,48116.565123883614,2.4666965007781982,2385.254150390625
Iceland,1997,49700.19498609679,2.469893217086792,2574.72705078125
Iceland,1998,52617.92723706864,2.310272693634033,2478.7158203125
Iceland,1999,54011.87011437457,2.352304458618164,2561.420166015625
Iceland,2000,55890.73588904658,2.445805788040161,2459.17724609375
Iceland,2001,57271.080927074225,2.5051894187927246,2469.771484375
Iceland,2002,57069.96967362631,2.572028636932373,2740.692138671875
Iceland,2003,57969.1187344398,2.7643730640411377,2667.272216796875
Iceland,2004,61842.5473948506,2.6487395763397217,2701.43359375
Iceland,2005,65150.20819230416,2.4452474117279053,2484.513671875
Iceland,2006,67248.00676231932,2.6225061416625977,2698.3076171875
Iceland,2007,71299.42587988065,2.5731823444366455,2697.315185546875
Iceland,2008,71175.29965261562,2.512934446334839,2490.566650390625
Iceland,2009,65030.18327225734,2.5585250854492188,2733.671630859375
Iceland,2010,63676.89771196491,2.6318068504333496,2387.514404296875
Iceland,2011,64358.74062413426,2.569791316986084,2829.6552734375
Iceland,2012,64765.757380005656,2.606293201446533,2583.2353515625
Iceland,2013,66463.7004081334,2.49434494972229,2672.854248046875
Iceland,2014,66986.30680098807,2.810945510864258,2797.093017578125
Iceland,2015,68790.24579311823,2.5058131217956543,2763.18505859375
Iceland,2016,72060.4513453148,2.804795742034912,2878.108154296875
Iceland,2017,72843.01736007503,2.732064723968506,2541.522216796875
Iceland,2018,74223.39715469113,2.741866111755371,2818.969482421875
Iceland,2019,73435.53433478485,2.7464096546173096,2598.799072265625
Iceland,2020,67451.37127165949,2.602938413619995,2535.510986328125
India,1961,407.2201554567407,8.003174781799316,3061.46875
India,1962,409.33159980556337,8.016817092895508,2803.5810546875
India,1963,423.8075752106184,8.0766448974609375,2759.87060546875
India,1964,444.85436317744575,8.059098243713379,2850.434814453125
India,1965,423.4875476934703,8.092582702636719,2454.8056640625
India,1966,414.29344802782856,8.177727699279785,2645.968505859375
India,1967,437.22799871560557,8.041979789733887,2693.30029296875
India,1968,442.43269615313847,8.026575088500977,2616.61474609375
India,1969,461.51000774661276,8.190884590148926,2636.811767578125
India,1970,474.65677851493393,8.068860054016113,2940.30029296875
India,1971,471.88081433219884,7.996341228485107,2831.550048828125
India,1972,459.08155884889146,8.108649253845215,2342.400146484375
India,1973,463.65840650344666,8.120543479919434,2892.4775390625
India,1974,458.48647791213597,8.088907241821289,2567.293701171875
India,1975,488.75722705264695,7.984459400177002,2889.595703125
India,1976,485.3323312727565,8.074910163879395,2722.456787109375
India,1977,508.4064707079126,8.094719886779785,2870.47021484375
India,1978,525.2147510059514,8.04198169708252,2869.853271484375
India,1979,486.2625944187436,8.182188034057617,2638.86865234375
India,1980,506.78516478931084,8.194291114807129,2578.307861328125
India,1981,524.7475483346967,8.082527160644531,2780.25048828125
India,1982,530.459985842817,8.073246002197266,2602.18994140625
India,1983,555.957877161179,8.039878845214844,2922.460205078125
India,1984,563.8164483189516,8.08906078338623,2663.314453125
India,1985,579.790797731004,8.122833251953125,2671.472900390625
India,1986,593.6231174422877,8.102426528930664,2656.771484375
India,1987,603.245455896269,8.265990257263184,2607.3330078125
India,1988,646.6074775122859,8.22507381439209,3032.265869140625
India,1989,669.9242988582283,8.071626663208008,2627.20458984375
India,1990,691.5194181185099,8.131410598754883,2998.3095703125
India,1991,683.8416090415141,8.169692039489746,2722.23681640625
India,1992,706.1307112641267,8.140201568603516,2497.190185546875
India,1993,724.3071478822555,8.20769214630127,2641.9873046875
India,1994,756.905135859009,8.13432502746582,2778.478515625
India,1995,798.0104042872096,8.18588638305664,2798.151123046875
India,1996,841.2806144914404,8.206952095031738,2820.09912109375
India,1997,858.3059879395599,8.113385200500488,2787.432861328125
India,1998,893.9127677094473,8.301650047302246,2875.75537109375
India,1999,954.6545150453834,8.263625144958496,2678.684326171875
India,2000,972.8657915260261,8.2140531539917,2725.813720703125
India,2001,1000.8974267642855,8.263897895812988,2536.738037109375
India,2002,1020.321898026258,8.313570976257324,2382.833740234375
India,2003,1081.6003869368744,8.262181282043457,2715.29931640625
India,2004,1147.5776344080914,8.297286033630371,2711.722412109375
India,2005,1218.4638368207454,8.201648712158203,2643.078857421875
India,2006,1296.2466350662505,8.3204345703125,2924.135498046875
India,2007,1374.6902982150455,8.272747039794922,2645.36865234375
India,2008,1396.8796488207881,8.255879402160645,2874.8466796875
India,2009,1485.0703862729783,8.399288177490234,2551.41650390625
India,2010,1587.997611994901,8.416418075561523,2952.50927734375
India,2011,1647.7180977077692,8.222248077392578,2698.259521484375
India,2012,1713.9113390048283,8.21475887298584,2610.680419921875
India,2013,1799.2247032641599,8.198342323303223,2812.274169921875
India,2014,1908.3293427686967,8.22009563446045,2626.395263671875
India,2015,2036.486393302833,8.29113483428955,2738.23486328125
India,2016,2178.5098731867392,8.377760887145996,2699.27587890625
India,2017,2299.6608382317913,8.302111625671387,2753.143310546875
India,2018,2421.361642925365,8.316485404968262,2485.47900390625
India,2019,2489.081258689104,8.275687217712402,3025.26220703125
India,2020,2322.549998204727,8.245211601257324,2815.4052734375
Indonesia,1961,790.2682063143816,7.9932403564453125,5579.83935546875
Indonesia,1962,782.5475873743426,8.05064582824707,6332.12353515625
Indonesia,1963,743.7310343631918,8.086962699890137,5721.0166015625
Indonesia,1964,748.306280403133,8.047369956970215,6493.74609375
Indonesia,1965,737.5103855891382,8.04681396484375,5719.71435546875
Indonesia,1966,740.3656193207589,8.11453628540039,6128.3720703125
Indonesia,1967,731.3244092091286,8.109395027160645,5864.41845703125
Indonesia,1968,789.4824569561156,8.1091766357421875,6336.73388671875
Indonesia,1969,820.3507520255803,8.159687042236328,6036.1826171875
Indonesia,1970,858.3719914209315,8.124387741088867,6333.28515625
Indonesia,1971,894.1098110536033,8.102608680725098,6412.22021484375
Indonesia,1972,931.8915895008489,8.159090995788574,5421.11767578125
Indonesia,1973,981.2901263854857,8.199468612670898,6491.34765625
Indonesia,1974,1029.3706030384865,8.113485336303711,6070.4013671875
Indonesia,1975,1053.6501139131378,8.116645812988281,6412.84912109375
Indonesia,1976,1098.4678529768134,7.92965030670166,5781.84375
Indonesia,1977,1165.732664041556,7.954433917999268,6097.53515625
Indonesia,1978,1214.6360058840992,7.964083671569824,6270.75
Indonesia,1979,1272.3918780264025,8.0268707275390625,5908.3134765625
Indonesia,1980,1365.1054575037547,7.9648027420043945,5960.0537109375
Indonesia,1981,1439.1690063187307,8.132280349731445,6203.1142578125
Indonesia,1982,1437.862898576831,8.123226165771484,5439.31298828125
Indonesia,1983,1464.3772286285862,8.195087432861328,6058.88671875
Indonesia,1984,1531.9828526090926,8.057088851928711,6400.314453125
Indonesia,1985,1536.5244896544004,8.1052398681640625,5958.43896484375
Indonesia,1986,1594.3042540404465,8.121905326843262,6087.57080078125
Indonesia,1987,1640.6749532840274,8.184210777282715,5602.6142578125
Indonesia,1988,1702.6996763445925,8.135645866394043,6326.54931640625
Indonesia,1989,1795.6838754860203,8.0929594039917,5896.09326171875
Indonesia,1990,1891.1038051308153,8.174187660217285,5842.0634765625
Indonesia,1991,1986.342550078896,8.101907730102539,5508.255859375
Indonesia,1992,2079.056451912702,8.111288070678711,6057.47900390625
Indonesia,1993,2176.7640421314773,8.145195007324219,5657.86181640625
Indonesia,1994,2301.755948606633,8.15165901184082,5403.2431640625
Indonesia,1995,2449.8835860527615,8.204038619995117,5584.32958984375
Indonesia,1996,2598.3121439297124,8.283148765563965,5563.38525390625
Indonesia,1997,2676.5449242687496,8.590980529785156,4622.98486328125
Indonesia,1998,2288.736300324155,8.548858642578125,5287.078125
Indonesia,1999,2272.4266119132603,8.536735534667969,5175.12939453125
Indonesia,2000,2350.322297198275,8.56675910949707,5168.7373046875
Indonesia,2001,2402.377551301477,8.159074783325195,5485.49072265625
Indonesia,2002,2476.666495711858,8.270276069641113,4987.67041015625
Indonesia,2003,2560.933734634495,8.111734390258789,5301.73681640625
Indonesia,2004,2655.8001303480532,8.16643238067627,4940.0625
Indonesia,2005,2771.177538468047,8.315603256225586,5050.212890625
Indonesia,2006,2885.1288826628315,8.458998680114746,5042.43212890625
Indonesia,2007,3027.930757989957,8.48279857635498,5477.9189453125
Indonesia,2008,3168.6452885693902,8.369502067565918,5719.33056640625
Indonesia,2009,3273.578152685808,8.536770820617676,5457.150390625
Indonesia,2010,3433.76292382745,8.798808097839355,6327.32666015625
Indonesia,2011,3599.371344333808,8.661660194396973,5520.19482421875
Indonesia,2012,3767.656486854802,8.48515510559082,5477.7919921875
Indonesia,2013,3928.009425072295,8.77121639251709,4900.556640625
Indonesia,2014,4076.4758454882694,8.528080940246582,5140.71728515625
Indonesia,2015,4227.5432851513515,8.57459831237793,4709.892578125
Indonesia,2016,4392.863172801468,8.647745132446289,5432.361328125
Indonesia,2017,4568.625961983802,8.473791122436523,5552.5615234375
Indonesia,2018,4758.648827975278,8.62830924987793,5230.46728515625
Indonesia,2019,4950.960302059969,8.6848907470703125,4925.95361328125
Indonesia,2020,4807.667923699824,8.570796966552734,5487.7939453125
"Iran, Islamic Rep.",1961,3229.734777716312,6.400676250457764,672.63427734375
"Iran, Islamic Rep.",1962,3380.9418611175493,6.450497627258301,616.302490234375
"Iran, Islamic Rep.",1963,3509.608812389783,6.492709159851074,713.5096435546875
"Iran, Islamic Rep.",1964,3690.338928923108,6.198348522186279,630.44256591796875
"Iran, Islamic Rep.",1965,4185.47469920803,6.366491794586182,642.06451416015625
"Iran, Islamic Rep.",1966,4523.7515021774725,6.563774108886719,570.6771240234375
"Iran, Islamic Rep.",1967,4881.757931869196,6.26736307144165,643.74822998046875
"Iran, Islamic Rep.",1968,5420.270056018224,6.327295303344727,739.99066162109375
"Iran, Islamic Rep.",1969,6076.158017293854,6.3350043296813965,778.699951171875
"Iran, Islamic Rep.",1970,6538.564768921408,6.526715278625488,580.898193359375
"Iran, Islamic Rep.",1971,7215.6023976592605,6.43256139755249,609.81475830078125
"Iran, Islamic Rep.",1972,8023.432437415243,6.0811028480529785,802.71246337890625
"Iran, Islamic Rep.",1973,8371.787427760573,6.3594279289245605,508.72698974609375
"Iran, Islamic Rep.",1974,8599.080491980641,6.181417942047119,713.2822265625
"Iran, Islamic Rep.",1975,8315.81979555947,6.252720832824707,673.95880126953125
"Iran, Islamic Rep.",1976,9542.349423917114,6.26222038269043,778.63641357421875
"Iran, Islamic Rep.",1977,8994.72898940508,6.499951362609863,759.9273681640625
"Iran, Islamic Rep.",1978,7587.737220964212,6.4526238441467285,667.5684814453125
"Iran, Islamic Rep.",1979,6450.057284644022,6.49649715423584,703.58782958984375
"Iran, Islamic Rep.",1980,4876.971836296084,6.495779037475586,660.8238525390625
"Iran, Islamic Rep.",1981,4363.978883905056,6.509219646453857,666.71661376953125
"Iran, Islamic Rep.",1982,5098.004416696144,6.255563259124756,844.593017578125
"Iran, Islamic Rep.",1983,5446.986215359725,6.43853235244751,627.65460205078125
"Iran, Islamic Rep.",1984,4871.34491975577,6.38494348526001,662.2171630859375
"Iran, Islamic Rep.",1985,4783.34777007177,6.459214687347412,572.99993896484375
"Iran, Islamic Rep.",1986,4158.969584030079,6.362690448760986,755.3046875
"Iran, Islamic Rep.",1987,4005.632009139902,6.568331241607666,646.4677734375
"Iran, Islamic Rep.",1988,3642.5218798556884,6.555582523345947,688.77496337890625
"Iran, Islamic Rep.",1989,3754.608129964086,6.438539028167725,589.60064697265625
"Iran, Islamic Rep.",1990,4142.661726245313,6.548467636108398,570.41448974609375
"Iran, Islamic Rep.",1991,4544.370624302253,6.4908246994018555,713.92926025390625
"Iran, Islamic Rep.",1992,4602.326026426384,6.274372100830078,736.79071044921875
"Iran, Islamic Rep.",1993,4518.48471998596,6.4244232177734375,735.30853271484375
"Iran, Islamic Rep.",1994,4433.296624882373,6.59598445892334,677.0283203125
"Iran, Islamic Rep.",1995,4489.753237091647,6.597583770751953,648.6434326171875
"Iran, Islamic Rep.",1996,4723.564563983746,6.539545059204102,730.24420166015625
"Iran, Islamic Rep.",1997,4730.304857216243,6.625561237335205,653.8314208984375
"Iran, Islamic Rep.",1998,4762.819613283143,6.784036159515381,655.2000732421875
"Iran, Islamic Rep.",1999,4789.499451781872,6.848609447479248,646.23431396484375
"Iran, Islamic Rep.",2000,4995.185299085502,6.734038829803467,604.96942138671875
"Iran, Islamic Rep.",2001,5036.32329936668,6.862180233001709,563.6624755859375
"Iran, Islamic Rep.",2002,5398.435436100416,6.81316614151001,610.9434814453125
"Iran, Islamic Rep.",2003,5800.176273101689,6.703934669494629,674.52642822265625
"Iran, Islamic Rep.",2004,5923.625998234828,6.780117034912109,703.0205078125
"Iran, Islamic Rep.",2005,5978.789546978377,6.711268424987793,624.29901123046875
"Iran, Islamic Rep.",2006,6143.913614292697,6.821528434753418,672.15008544921875
"Iran, Islamic Rep.",2007,6537.229150711985,6.697939872741699,607.06781005859375
"Iran, Islamic Rep.",2008,6474.517285571194,6.729521751403809,525.9833984375
"Iran, Islamic Rep.",2009,6459.028989245773,6.762301921844482,696.32965087890625
"Iran, Islamic Rep.",2010,6748.519196447055,6.992520809173584,528.447998046875
"Iran, Islamic Rep.",2011,6841.983454354081,6.672231674194336,678.17022705078125
"Iran, Islamic Rep.",2012,6503.709905542483,6.635138511657715,664.4205322265625
"Iran, Islamic Rep.",2013,6321.5657097644535,6.919466495513916,578.74249267578125
"Iran, Islamic Rep.",2014,6548.1382977659505,6.787001609802246,531.8570556640625
"Iran, Islamic Rep.",2015,6367.541803789887,6.886362075805664,562.8863525390625
"Iran, Islamic Rep.",2016,6830.230628426284,6.9713664054870605,563.04241943359375
"Iran, Islamic Rep.",2017,6936.45536107341,6.842989444732666,515.74566650390625
"Iran, Islamic Rep.",2018,6591.878780728879,6.937819957733154,625.32379150390625
"Iran, Islamic Rep.",2019,6367.18584958236,6.8436055183410645,639.07275390625
"Iran, Islamic Rep.",2020,6599.07765786591,6.763169765472412,666.118896484375
Iraq,1961,1343.9689215993124,7.58582878112793,606.3155517578125
Iraq,1962,1364.2481031185112,7.870627403259277,508.9505920410156
Iraq,1963,1351.3343439107869,7.641371250152588,636.85308837890625
Iraq,1964,1500.49172219629,7.433839321136475,508.3841247558594
Iraq,1965,1606.7710762726228,7.544190883636475,546.53094482421875
Iraq,1966,1630.2707549967458,7.851219177246094,527.87176513671875
Iraq,1967,1436.159045352248,7.348054885864258,633.8563232421875
Iraq,1968,1658.5451108384648,7.588332653045654,648.99603271484375
Iraq,1969,1654.381683316279,7.632474899291992,680.41729736328125
Iraq,1970,1670.5365218429345,7.75855016708374,479.9459228515625
Iraq,1971,1700.5476588923218,7.526995658874512,589.07373046875
Iraq,1972,1704.4739841807816,7.331859588623047,641.43316650390625
Iraq,1973,1719.5009538115264,7.502345085144043,451.0830383300781
Iraq,1974,1930.0836689394937,7.472906112670898,661.8367919921875
Iraq,1975,2100.4676309450206,7.4742937088012695,574.87811279296875
Iraq,1976,2381.9857192446334,7.453861236572266,604.717041015625
Iraq,1977,2347.838228977739,7.583096027374268,575.85992431640625
Iraq,1978,2657.3018957039076,7.629077911376953,519.51708984375
Iraq,1979,3110.1646573155954,7.770722389221191,547.19940185546875
Iraq,1980,3759.6863112687915,7.584938049316406,571.10858154296875
Iraq,1981,3621.8659664403453,7.6476359367370605,572.9464111328125
Iraq,1982,3642.2992585906622,7.368503093719482,648.9840087890625
Iraq,1983,3073.438491913215,7.46157169342041,506.7919616699219
Iraq,1984,2934.8099448771773,7.596878528594971,554.25335693359375
Iraq,1985,2906.7229903418424,7.630271911621094,537.98858642578125
Iraq,1986,2967.8780195556337,7.660750865936279,570.35479736328125
Iraq,1987,3156.2940480311863,7.740217208862305,586.93145751953125
Iraq,1988,3083.3236644315866,7.609187126159668,606.6632080078125
Iraq,1989,2908.77249422761,7.6432342529296875,469.6769714355469
Iraq,1990,4533.989271985268,7.648216247558594,480.4258728027344
Iraq,1991,1613.0309733228146,7.690164566040039,578.065185546875
Iraq,1992,2076.394471451431,7.364619255065918,584.42095947265625
Iraq,1993,2578.477013799782,7.604702949523926,652.240234375
Iraq,1994,2553.06382981463,7.8292622566223145,600.33233642578125
Iraq,1995,2521.302359469159,7.741235256195068,504.8618469238281
Iraq,1996,2711.234162658311,7.859050273895264,626.5682373046875
Iraq,1997,3186.9546213779777,7.664194107055664,575.61798095703125
Iraq,1998,4169.347329678646,7.951030731201172,504.2561340332031
Iraq,1999,4746.330846465138,7.9552903175354,530.767822265625
Iraq,2000,5364.785403821101,7.822676658630371,514.69793701171875
Iraq,2001,5291.906107878014,8.040828704833984,548.7274169921875
Iraq,2002,4706.712862540809,7.900771141052246,554.07122802734375
Iraq,2003,2892.829585423569,7.859633445739746,578.3427734375
Iraq,2004,4312.45251163578,7.848072052001953,549.826904296875
Iraq,2005,4256.651636017918,7.828444004058838,529.09173583984375
Iraq,2006,4463.802658465176,7.909757137298584,561.2183837890625
Iraq,2007,4584.131751619659,7.849416732788086,515.735107421875
Iraq,2008,4862.091223526931,7.891026973724365,451.5285339355469
Iraq,2009,4844.596995889657,7.925542831420898,522.2489013671875
Iraq,2010,4990.867321741978,8.258469581604004,490.3804626464844
Iraq,2011,5181.239934314311,7.756678581237793,526.889892578125
Iraq,2012,5641.362741659464,7.92476749420166,525.23895263671875
Iraq,2013,5791.685162823896,7.934952735900879,499.5384521484375
Iraq,2014,5717.305184002196,7.948143005371094,435.359130859375
Iraq,2015,5708.522132191771,8.089139938354492,443.4083557128906
Iraq,2016,6342.077640672524,8.072019577026367,508.75439453125
Iraq,2017,6089.316237259504,7.990149021148682,409.6235046386719
Iraq,2018,6105.621145731759,8.206206321716309,558.3946533203125
Iraq,2019,6297.364479800339,8.040019035339355,471.61676025390625
Iraq,2020,5417.778064010123,8.079880714416504,514.41644287109375
Ireland,1961,11525.497080513005,4.4136223793029785,2417.266357421875
Ireland,1962,11847.340735074813,4.178025722503662,2415.000244140625
Ireland,1963,12337.24123747756,4.167052268981934,2384.787109375
Ireland,1964,12742.235835519888,4.365480899810791,2493.58251953125
Ireland,1965,12940.073344359133,4.203043460845947,2647.923095703125
Ireland,1966,13003.667079207997,4.367448329925537,2693.439208984375
Ireland,1967,13691.327287708398,4.342560291290283,2469.6572265625
Ireland,1968,14753.441958943358,4.31601095199585,2536.240234375
Ireland,1969,15527.492078873725,4.287468910217285,2273.0166015625
Ireland,1970,15808.003002934614,4.346245288848877,2451.673828125
Ireland,1971,16166.283303947921,4.475070476531982,2181.768310546875
Ireland,1972,16961.47957673081,4.279571533203125,2401.86669921875
Ireland,1973,17479.69078450424,4.40532112121582,2390.93310546875
Ireland,1974,17924.9344542322,4.340996742248535,2560.424560546875
Ireland,1975,18629.82256009533,4.499082088470459,2233.255859375
Ireland,1976,18606.740212892048,4.452302932739258,2369.266845703125
Ireland,1977,19863.75820347362,4.33218240737915,2568.741455078125
Ireland,1978,20991.362696681834,4.3379716873168945,2445.392333984375
Ireland,1979,21350.08683643819,4.172220706939697,2565.3740234375
Ireland,1980,21755.711387878946,4.3172712326049805,2632.143798828125
Ireland,1981,22217.432835379343,4.353515625,2519.26611328125
Ireland,1982,22510.929884198198,4.4127631187438965,2635.011962890625
Ireland,1983,22297.299507070173,4.451569557189941,2493.202880859375
Ireland,1984,23124.458079016393,4.412837028503418,2547.558349609375
Ireland,1985,23799.861975304357,4.214656829833984,2643.61865234375
Ireland,1986,23687.15455626482,4.1432881355285645,2679.121337890625
Ireland,1987,24789.137858457092,4.310373783111572,2455.626708984375
Ireland,1988,26194.27972278341,4.4464545249938965,2621.497314453125
Ireland,1989,27827.241654507598,4.582973003387451,2475.481689453125
Ireland,1990,30157.77495875388,4.588861465454102,2639.270751953125
Ireland,1991,30563.487424694184,4.42617130279541,2449.5986328125
Ireland,1992,31370.549121625394,4.425856113433838,2561.326171875
Ireland,1993,32054.61214248921,4.382474422454834,2718.472900390625
Ireland,1994,33766.25538763219,4.473596096038818,2736.8564453125
Ireland,1995,36830.127588342206,4.610654830932617,2619.353271484375
Ireland,1996,39236.355168665796,4.355724811553955,2605.53564453125
Ireland,1997,43126.242017669385,4.671109199523926,2649.079345703125
Ireland,1998,46420.010836731366,4.580496788024902,2798.843994140625
Ireland,1999,50732.838111396064,4.579815864562988,2770.56494140625
Ireland,2000,54768.53725053742,4.5115461349487305,2771.506591796875
Ireland,2001,56763.46468349716,4.481307029724121,2404.175537109375
Ireland,2002,59107.656861468364,4.585628509521484,3048.504638671875
Ireland,2003,59905.24797733646,4.5992431640625,2481.58642578125
Ireland,2004,62812.723736318534,4.568052768707275,2573.789306640625
Ireland,2005,64986.635007677214,4.567974090576172,2613.8876953125
Ireland,2006,66413.21481384306,4.626039028167725,2719.21923828125
Ireland,2007,67946.84944607974,4.678510665893555,2589.496337890625
Ireland,2008,63590.33790221848,4.497462272644043,2903.5654296875
Ireland,2009,59740.06276872416,4.5429487228393555,2950.668212890625
Ireland,2010,60415.3786929513,4.284980773925781,2512.343017578125
Ireland,2011,61120.27084445247,4.585543632507324,2763.243408203125
Ireland,2012,60615.31714757044,4.462503433227539,2732.42578125
Ireland,2013,61619.25748482199,4.449712753295898,2668.72265625
Ireland,2014,66911.79538799153,4.663515090942383,2877.400634765625
Ireland,2015,82603.96775713003,4.4741411209106445,2895.217529296875
Ireland,2016,82547.19453790778,4.554126739501953,2581.363037109375
Ireland,2017,89673.15968833634,4.591322898864746,2665.510498046875
Ireland,2018,95176.350096683,4.560847759246826,2814.28759765625
Ireland,2019,98334.68290871925,4.580382347106934,2882.539794921875
Ireland,2020,104045.98043595951,4.598771095275879,2905.376220703125
Isle of Man,1984,23532.03346142984,4.403635025024414,2658.39453125
Isle of Man,1985,23677.21460566621,4.169890403747559,2728.908203125
Isle of Man,1986,28072.71784029979,4.115532875061035,2811.5673828125
Isle of Man,1987,30426.672185295913,4.264594078063965,2675.772216796875
Isle of Man,1988,33473.31066660802,4.419991970062256,2833.775390625
Isle of Man,1989,35179.016610642524,4.550253391265869,2613.89453125
Isle of Man,1990,36053.107485647786,4.579358100891113,2915.122314453125
Isle of Man,1991,36163.6801617348,4.367833614349365,2617.39404296875
Isle of Man,1992,36170.60197948712,4.383210182189941,2738.248046875
Isle of Man,1993,36891.32313966774,4.3240885734558105,2733.74169921875
Isle of Man,1994,38153.49119713217,4.43125057220459,2881.3056640625
Isle of Man,1995,39602.112095009485,4.559425354003906,2673.544189453125
Isle of Man,1996,42335.35175510779,4.317115783691406,2657.42822265625
Isle of Man,1997,45432.61507645742,4.62351131439209,2748.148681640625
Isle of Man,1998,50901.38248757184,4.5211968421936035,3077.904052734375
Isle of Man,1999,57155.98075131165,4.541059970855713,2983.597412109375
Isle of Man,2000,59493.97616969531,4.489831447601318,3225.87890625
Isle of Man,2001,62036.749510183814,4.451393127441406,2702.275390625
Isle of Man,2002,65201.8163978636,4.564895153045654,3246.296630859375
Isle of Man,2003,68428.53294930038,4.554650783538818,2524.2333984375
Isle of Man,2004,71307.99090622594,4.543830871582031,2824.025146484375
Isle of Man,2005,74827.58987012597,4.537549018859863,2839.276123046875
Isle of Man,2006,79808.45192031212,4.607003688812256,2914.811279296875
Isle of Man,2007,84892.23681846297,4.649721145629883,2757.0576171875
Isle of Man,2008,88094.4443643806,4.4728851318359375,3087.904296875
Isle of Man,2009,88957.56494676734,4.525127410888672,3022.376953125
Isle of Man,2010,90957.81852478077,4.256094455718994,2660.864013671875
Isle of Man,2011,92217.3350744298,4.571162223815918,2985.298095703125
Isle of Man,2012,99007.93530166938,4.432766914367676,3104.938720703125
Isle of Man,2013,103346.43990443616,4.393914222717285,2865.5556640625
Isle of Man,2014,108996.60771444514,4.6612372398376465,3151.770751953125
Isle of Man,2015,108964.38655171139,4.456466197967529,3235.639404296875
Isle of Man,2016,116717.24524081998,4.529707431793213,2786.306396484375
Isle of Man,2017,119824.10694411954,4.566857814788818,2915.962890625
Isle of Man,2018,122189.84780991082,4.544172286987305,2957.69677734375
Isle of Man,2019,122279.50014454288,4.560820579528809,3107.19091796875
Isle of Man,2020,111331.99612883286,4.617003440856934,3121.811279296875
Israel,1961,12159.96808343504,6.7954888343811035,842.82952880859375
Israel,1962,12764.048364623943,7.106120586395264,622.42431640625
Israel,1963,13618.488097284004,6.97320032119751,775.9669189453125
Israel,1964,14129.253840268877,6.674727439880371,830.12469482421875
Israel,1965,14871.820831434565,6.83771276473999,801.17364501953125
Israel,1966,14486.922081223467,6.9900593757629395,760.5986328125
Israel,1967,14290.275945015686,6.5584917068481445,820.05377197265625
Israel,1968,16267.572837010186,6.811689853668213,814.65289306640625
Israel,1969,17999.19931699757,6.910959720611572,803.34033203125
Israel,1970,18684.500633298376,6.794459819793701,690.5889892578125
Israel,1971,20088.942237405296,6.705921173095703,846.5443115234375
Israel,1972,21963.68312337968,6.706226825714111,696.46649169921875
Israel,1973,22271.18382894026,6.735742092132568,614.507568359375
Israel,1974,23018.317555411144,6.723626613616943,948.52423095703125
Israel,1975,23228.247303961252,6.707242965698242,668.16656494140625
Israel,1976,22788.682436943483,6.695979118347168,686.12713623046875
Israel,1977,22514.79642056046,6.7463531494140625,805.44976806640625
Israel,1978,23269.593022336336,6.782032012939453,663.26690673828125
Israel,1979,24087.460846911195,6.886378765106201,815.97406005859375
Israel,1980,23908.841734303725,6.749338150024414,829.78741455078125
Israel,1981,24688.975619435485,6.748535633087158,664.4940185546875
Israel,1982,24734.199197602145,6.580095291137695,774.184326171875
Israel,1983,25104.190111821863,6.519601821899414,747.85174560546875
Israel,1984,25009.474033064507,6.7272629737854,670.3204345703125
Israel,1985,25564.233852255227,6.835893630981445,737.7069091796875
Israel,1986,26226.49447563433,6.794595241546631,879.6021728515625
Israel,1987,27648.789209551007,6.81695032119751,705.12982177734375
Israel,1988,27985.76964655403,6.7800774574279785,853.066162109375
Israel,1989,27673.145767478338,6.777090549468994,654.00762939453125
Israel,1990,28792.54648367708,6.836456775665283,635.699462890625
Israel,1991,29205.828983479874,6.875657558441162,947.81463623046875
Israel,1992,30403.05752356532,6.62697172164917,970.28924560546875
Israel,1993,30824.35125373092,6.898162364959717,686.64306640625
Israel,1994,32267.534592558142,6.990281105041504,925.22161865234375
Israel,1995,33492.431751574324,6.875899791717529,577.35919189453125
Israel,1996,34532.72635530455,7.006955623626709,671.5384521484375
Israel,1997,34897.31253949285,6.83500862121582,799.159423828125
Israel,1998,35510.83088714182,7.1523966789245605,689.52178955078125
Israel,1999,35759.43903854593,7.101035118103027,547.79425048828125
Israel,2000,37815.80850774715,6.961390972137451,902.09332275390625
Israel,2001,37037.52081585939,7.140741348266602,747.18975830078125
Israel,2002,36250.35828789826,7.117892742156982,878.78167724609375
Israel,2003,36117.613658786126,7.085684299468994,880.9788818359375
Israel,2004,37134.096634710615,7.065478801727295,749.14508056640625
Israel,2005,38086.090451882985,7.013598442077637,695.781982421875
Israel,2006,39514.775645010355,7.035816192626953,735.96722412109375
Israel,2007,41273.81964861681,7.116551399230957,683.8173828125
Israel,2008,41853.49699910149,7.1742329597473145,657.4442138671875
Israel,2009,41370.77127434188,7.16442346572876,722.53033447265625
Israel,2010,42870.04431574824,7.561020374298096,615.1343994140625
Israel,2011,44407.636590909904,7.056319713592529,805.3594970703125
Israel,2012,44662.17675747845,7.2191267013549805,875.1234130859375
Israel,2013,45627.516085741685,7.2223076820373535,903.3592529296875
Israel,2014,46450.0903501968,7.218504905700684,922.90423583984375
Israel,2015,46557.81538275228,7.231013774871826,823.71661376953125
Israel,2016,47690.07710944336,7.283685207366943,856.20953369140625
Israel,2017,48807.653301934835,7.203800678253174,604.56854248046875
Israel,2018,49793.23348818192,7.370326042175293,843.50030517578125
Israel,2019,50664.34541741015,7.245646953582764,869.062255859375
Israel,2020,48772.2900765757,7.301400184631348,1025.5887451171875
Italy,1961,13447.658293006818,5.278230667114258,1917.7449951171875
Italy,1962,14185.595552399514,4.996139049530029,1914.04150390625
Italy,1963,14872.46953496302,5.045012950897217,2172.156005859375
Italy,1964,15163.305541456522,5.1416401863098145,2066.301025390625
Italy,1965,15527.535137950057,4.969504356384277,2052.94873046875
Italy,1966,16329.402405948933,5.156827926635742,2196.495361328125
Italy,1967,17375.41127869813,5.101080417633057,1843.31591796875
Italy,1968,18395.972496587507,5.0540313720703125,2053.902099609375
Italy,1969,19407.600045969375,5.024228096008301,1977.66259765625
Italy,1970,20330.43329148236,5.006557464599609,1881.2523193359375
Italy,1971,20603.73132295797,5.098602771759033,1872.3817138671875
Italy,1972,21243.166010104993,5.039183139801025,2207.701904296875
Italy,1973,22603.11228016287,5.035618305206299,1955.990234375
Italy,1974,23690.777166038835,5.127444744110107,1998.1717529296875
Italy,1975,23057.479125262955,5.106058120727539,2103.71533203125
Italy,1976,24577.501861721776,5.0667290687561035,2327.65771484375
Italy,1977,25099.97715194143,5.157365322113037,2039.9180908203125
Italy,1978,25821.083526337938,4.959415435791016,2108.358642578125
Italy,1979,27280.80724078135,5.093519687652588,2291.515625
Italy,1980,28158.477207776377,4.910714626312256,2083.8984375
Italy,1981,28362.128444152855,5.077198505401611,1983.2529296875
Italy,1982,28458.339871429103,5.253251075744629,2072.0849609375
Italy,1983,28780.628036348884,5.205432891845703,1915.318115234375
Italy,1984,29702.4091121864,5.004296779632568,2239.434814453125
Italy,1985,30524.685100107014,5.139386177062988,1944.520263671875
Italy,1986,31395.971605425002,5.182069778442383,2067.787109375
Italy,1987,32394.81255773262,5.16632080078125,2148.442626953125
Italy,1988,33737.26721780585,5.281983852386475,1943.1865234375
Italy,1989,34854.26157305579,5.349335670471191,1895.59912109375
Italy,1990,35516.64583274117,5.377993583679199,2023.109619140625
Italy,1991,36038.09257692511,5.1178717613220215,2014.3394775390625
Italy,1992,36314.07501554765,5.350066184997559,2047.4002685546875
Italy,1993,35982.38164063231,5.260891914367676,2012.9449462890625
Italy,1994,36748.88391458554,5.5077338218688965,2001.726806640625
Italy,1995,37809.163562457,5.2588653564453125,2117.399169921875
Italy,1996,38307.15039890117,5.140921592712402,2370.921875
Italy,1997,39024.18735516564,5.4144463539123535,1967.2003173828125
Italy,1998,39716.899573951174,5.333749294281006,2019.501220703125
Italy,1999,40376.5535559035,5.350815773010254,2142.369140625
Italy,2000,41925.01342095038,5.46292781829834,2073.85205078125
Italy,2001,42740.03561200182,5.383288383483887,1988.35986328125
Italy,2002,42770.696215670854,5.476359844207764,2257.59326171875
Italy,2003,42568.49036843804,5.476701259613037,1915.646240234375
Italy,2004,42875.51243288134,5.289150714874268,2124.1318359375
Italy,2005,42950.98207021129,5.22883939743042,2134.792236328125
Italy,2006,43549.29564924365,5.451022148132324,1996.61474609375
Italy,2007,43918.102679111515,5.467289924621582,1951.16455078125
Italy,2008,43134.77853427911,5.416381359100342,2241.83349609375
Italy,2009,40610.29070591596,5.450160980224609,2198.190673828125
Italy,2010,41049.3321242479,5.2663092613220215,2329.965576171875
Italy,2011,41191.97490327398,5.555954933166504,2034.221923828125
Italy,2012,39795.63207986665,5.494048118591309,2043.2421875
Italy,2013,38994.15986267703,5.405651092529297,2256.306396484375
Italy,2014,38987.740062541365,5.602370262145996,2384.607177734375
Italy,2015,39392.53616779283,5.600854396820068,2095.03173828125
Italy,2016,39955.394266683514,5.506977081298828,2114.259765625
Italy,2017,40672.59251472315,5.4698662757873535,1921.8262939453125
Italy,2018,40908.99287656625,5.692038059234619,2151.073974609375
Italy,2019,41373.16435825103,5.650692939758301,2269.238525390625
Italy,2020,37888.20345389763,5.640751361846924,2137.9619140625
Jamaica,1966,5316.314418910164,8.31400203704834,5338.11328125
Jamaica,1967,5348.605609748816,8.291762351989746,3659.406494140625
Jamaica,1968,5591.375228285607,8.304487228393555,4398.87451171875
Jamaica,1969,5835.101563658337,8.433990478515625,5536.06005859375
Jamaica,1970,6458.755730623855,8.30456829071045,5599.0322265625
Jamaica,1971,6528.765337341299,8.257240295410156,4488.76123046875
Jamaica,1972,7593.557646096823,8.396526336669922,4965.7333984375
Jamaica,1973,7068.4104073155995,8.414241790771484,4793.2470703125
Jamaica,1974,6668.527268281285,8.349063873291016,5301.4443359375
Jamaica,1975,6558.957755990144,8.372435569763184,4077.486328125
Jamaica,1976,6040.313121442838,8.385007858276367,3683.89013671875
Jamaica,1977,5812.155413999579,8.4736328125,4677.484375
Jamaica,1978,5741.985277502603,8.491645812988281,4695.30224609375
Jamaica,1979,5615.04544768551,8.436982154846191,5823.4208984375
Jamaica,1980,5229.616061894305,8.517475128173828,5182.88720703125
Jamaica,1981,5298.115639297876,8.501564979553223,5059.78369140625
Jamaica,1982,5333.959844671309,8.410375595092773,3988.603515625
Jamaica,1983,5360.526558055611,8.462594032287598,4669.138671875
Jamaica,1984,5208.559169518694,8.318821907043457,5088.37451171875
Jamaica,1985,4997.651440527748,8.332174301147461,3982.03271484375
Jamaica,1986,5044.457836793213,8.349595069885254,4807.69921875
Jamaica,1987,5399.161521244513,8.54316234588623,5032.46630859375
Jamaica,1988,5575.5366390040645,8.440484046936035,5083.40966796875
Jamaica,1989,5934.656278603207,8.428466796875,4527.63720703125
Jamaica,1990,6137.273199753854,8.555347442626953,4371.31103515625
Jamaica,1991,6377.951617559725,8.509416580200195,4550.7021484375
Jamaica,1992,6438.7614133540765,8.493581771850586,4182.32763671875
Jamaica,1993,6972.59661099581,8.512174606323242,5720.1201171875
Jamaica,1994,6996.788351647557,8.563693046569824,4426.3408203125
Jamaica,1995,7089.799735777702,8.520386695861816,5086.13134765625
Jamaica,1996,7013.535312189273,8.456657409667969,5557.17529296875
Jamaica,1997,6869.910329746225,8.659631729125977,4342.791015625
Jamaica,1998,6652.379470760726,8.681352615356445,4655.20068359375
Jamaica,1999,6670.009549851481,8.563655853271484,5451.39794921875
Jamaica,2000,6682.096220751133,8.536072731018066,4650.6220703125
Jamaica,2001,6729.19069427883,8.597869873046875,4548.60595703125
Jamaica,2002,6821.564414058608,8.611405372619629,4420.11181640625
Jamaica,2003,7028.938474020181,8.670586585998535,5208.41357421875
Jamaica,2004,7080.4000322892,8.589709281921387,4552.49072265625
Jamaica,2005,7104.229042858965,8.554637908935547,5628.8994140625
Jamaica,2006,7272.56368342585,8.642443656921387,4079.036865234375
Jamaica,2007,7341.823263072417,8.6167449951171875,5806.11572265625
Jamaica,2008,7250.606777080169,8.531111717224121,4709.548828125
Jamaica,2009,6906.759783170055,8.523536682128906,4054.123046875
Jamaica,2010,6777.460583002046,8.576273918151855,5656.51171875
Jamaica,2011,6864.949229231535,8.549516677856445,5138.70556640625
Jamaica,2012,6793.44947640751,8.546842575073242,4219.21875
Jamaica,2013,6801.0038467434915,8.646061897277832,3693.56591796875
Jamaica,2014,6823.25514564284,8.6425628662109375,5050.30859375
Jamaica,2015,6864.544863663446,8.724055290222168,3853.2314453125
Jamaica,2016,7035.507012112507,8.634562492370605,4388.1474609375
Jamaica,2017,7181.884054243961,8.639843940734863,5998.35986328125
Jamaica,2018,7351.256714344356,8.679656028747559,4002.013916015625
Jamaica,2019,7475.858638925085,8.791415214538574,4389.25927734375
Jamaica,2020,6836.947185373964,8.713920593261719,5259.73828125
Japan,1961,9121.091767650198,4.882472038269043,3777.549072265625
Japan,1962,9841.814391178967,4.74400520324707,3639.994384765625
Japan,1963,10568.12622563739,4.715211868286133,3897.615966796875
Japan,1964,11679.976813795205,4.782517910003662,3625.032470703125
Japan,1965,12227.353089111744,4.596426010131836,3887.74658203125
Japan,1966,13405.135711956715,4.694947242736816,3993.277587890625
Japan,1967,14737.449964751322,4.722675800323486,3487.97412109375
Japan,1968,16449.56262602696,4.719329833984375,3739.0986328125
Japan,1969,18283.467994180795,4.6441521644592285,3496.023681640625
Japan,1970,18146.240858444493,4.636002063751221,3560.31982421875
Japan,1971,18586.587039850845,4.6524834632873535,3638.8623046875
Japan,1972,19870.08375635635,4.806910514831543,4199.5849609375
Japan,1973,21166.21400837429,4.7534966468811035,3486.68115234375
Japan,1974,20630.74282920716,4.615991115570068,3726.152587890625
Japan,1975,20999.586602764048,4.755849361419678,3806.609619140625
Japan,1976,21601.59815209258,4.602219104766846,3782.226318359375
Japan,1977,22332.74327882728,4.739895343780518,3443.80859375
Japan,1978,23297.133690944636,4.8291120529174805,3185.420654296875
Japan,1979,24367.583006136243,4.912557125091553,3852.414794921875
Japan,1980,24857.472758941156,4.621430397033691,4124.48681640625
Japan,1981,25728.45033995036,4.582935810089111,3830.582763671875
Japan,1982,26388.594885878432,4.746929168701172,3674.271484375
Japan,1983,27156.995253498397,4.735562324523926,3651.239013671875
Japan,1984,28171.623091190893,4.622460842132568,3075.635498046875
Japan,1985,29440.368933402133,4.770491123199463,3807.8515625
Japan,1986,30248.688191697252,4.586598873138428,3424.297119140625
Japan,1987,31502.687061931807,4.836426258087158,3534.2197265625
Japan,1988,33461.75365733515,4.6745123863220215,3641.583740234375
Japan,1989,34969.931833070325,4.9134650230407715,4066.291748046875
Japan,1990,36541.36209282656,5.0724778175354,3931.818359375
Japan,1991,37680.537095025524,4.943615913391113,4031.84130859375
Japan,1992,37879.0174538196,4.845882415771484,3610.148681640625
Japan,1993,37583.0398159461,4.729017734527588,4184.736328125
Japan,1994,37884.29031156339,5.049201965332031,3145.397216796875
Japan,1995,38789.92168087961,4.853128433227539,3676.66259765625
Japan,1996,39914.88419429224,4.730800151824951,3424.39453125
Japan,1997,40210.615947323844,4.912291526794434,3814.9111328125
Japan,1998,39592.07852972131,5.078414440155029,4253.5029296875
Japan,1999,39387.886110320505,5.0020904541015625,3917.774658203125
Japan,2000,40409.171098412015,4.970459461212158,3632.2490234375
Japan,2001,40467.5670745141,4.896356105804443,3683.565673828125
Japan,2002,40390.52005869011,4.977160453796387,3732.76513671875
Japan,2003,40922.9042572368,4.871739387512207,3877.870849609375
Japan,2004,41803.451935108635,5.114109992980957,3876.84765625
Japan,2005,42553.54791115831,4.885129928588867,3395.906982421875
Japan,2006,43110.20243870304,4.9343085289001465,4035.500244140625
Japan,2007,43699.70097162402,5.046134948730469,3594.10400390625
Japan,2008,43143.79272798583,4.957790374755859,3580.50830078125
Japan,2009,40692.59870629722,4.98563289642334,3875.854736328125
Japan,2010,42352.54057178387,5.063834190368652,3864.117431640625
Japan,2011,42441.164026480656,4.946663856506348,3981.6884765625
Japan,2012,43093.394173032255,4.892430305480957,3931.32373046875
Japan,2013,44020.92392043465,5.016388416290283,3923.3779296875
Japan,2014,44209.94145770772,4.932509422302246,3934.51025390625
Japan,2015,44947.568909253656,5.0970048904418945,4099.76513671875
Japan,2016,45309.55991976598,5.1188883781433105,4007.357421875
Japan,2017,46106.37918780565,4.935328960418701,3562.657470703125
Japan,2018,46461.937047454674,5.107808589935303,4020.224853515625
Japan,2019,46340.12740212634,5.147000789642334,3720.024169921875
Japan,2020,44539.155832489145,5.146254539489746,3971.481689453125
Jordan,1976,3762.4274558961433,6.567998886108398,329.1714172363281
Jordan,1977,3951.895089763016,6.621384143829346,385.7621154785156
Jordan,1978,4391.520255824082,6.675037384033203,291.062255859375
Jordan,1979,5131.964971235153,6.790460109710693,406.1029968261719
Jordan,1980,5500.876121727946,6.650786876678467,408.5660095214844
Jordan,1981,6192.7052902488595,6.639497756958008,295.4858703613281
Jordan,1982,6350.856246709268,6.474363803863525,404.6121826171875
Jordan,1983,5939.736406814708,6.407020568847656,349.3539123535156
Jordan,1984,5920.745574056753,6.59878396987915,335.31451416015625
Jordan,1985,5503.169169431429,6.717520713806152,389.9570617675781
Jordan,1986,5544.560521998612,6.687826633453369,404.4528503417969
Jordan,1987,5416.950561470184,6.719793319702148,319.54412841796875
Jordan,1988,5245.87097353434,6.659920692443848,435.150634765625
Jordan,1989,4464.108195901743,6.665435314178467,327.8195495605469
Jordan,1990,4117.123119647402,6.721503257751465,351.95458984375
Jordan,1991,3870.019445660055,6.742021083831787,432.9952697753906
Jordan,1992,4197.487114067682,6.4989914894104,445.5663757324219
Jordan,1993,4163.585092445159,6.76554536819458,359.9794006347656
Jordan,1994,4166.11789064252,6.866735458374023,437.0321044921875
Jordan,1995,4246.911117873968,6.75411319732666,313.8708801269531
Jordan,1996,4193.966232566157,6.886898994445801,350.5995178222656
Jordan,1997,4217.8689794865395,6.7062296867370605,421.1982116699219
Jordan,1998,4245.641203454246,7.0335869789123535,323.06719970703125
Jordan,1999,4296.241026384543,6.987585067749023,290.77862548828125
Jordan,2000,4386.77772323855,6.848392009735107,362.31488037109375
Jordan,2001,4523.9445249785285,7.038382530212402,370.8948669433594
Jordan,2002,4685.7553764731965,7.016256332397461,401.03216552734375
Jordan,2003,4773.858700811648,6.983737945556641,421.58685302734375
Jordan,2004,5059.282257793373,6.962187767028809,360.63134765625
Jordan,2005,5337.571638800493,6.913702487945557,360.1778259277344
Jordan,2006,5412.468539878257,6.938584327697754,340.02545166015625
Jordan,2007,5512.086342118288,7.023215293884277,345.1268615722656
Jordan,2008,5772.56554181527,7.070231914520264,294.0214538574219
Jordan,2009,5933.627147340523,7.047068119049072,320.42913818359375
Jordan,2010,5941.782882720883,7.482062816619873,335.3534240722656
Jordan,2011,5954.771609322282,6.932878017425537,372.76275634765625
Jordan,2012,6013.6537779675455,7.114414215087891,370.084228515625
Jordan,2013,5858.145358698024,7.12277364730835,403.3702392578125
Jordan,2014,5505.357739902764,7.101861476898193,427.8306884765625
Jordan,2015,5197.6191567495625,7.125122547149658,359.52435302734375
Jordan,2016,5056.698075278416,7.172090530395508,400.5185241699219
Jordan,2017,5066.411182603425,7.110064506530762,286.05029296875
Jordan,2018,5051.071017831425,7.268754005432129,365.6168212890625
Jordan,2019,5038.592382747085,7.148281574249268,363.23272705078125
Jordan,2020,4894.36066899216,7.196315765380859,428.29248046875
Kazakhstan,1990,7144.529894228873,3.901092767715454,747.5526123046875
Kazakhstan,1991,6312.797907875543,3.898186683654785,622.9227294921875
Kazakhstan,1992,5959.58578148644,3.6536855697631836,731.38739013671875
Kazakhstan,1993,5429.515856372418,3.4757933616638184,771.31329345703125
Kazakhstan,1994,4809.633756699198,3.650324583053589,707.79498291015625
Kazakhstan,1995,4497.907541154179,4.05954122543335,633.974365234375
Kazakhstan,1996,4607.001807667694,3.4754862785339355,655.95599365234375
Kazakhstan,1997,4794.187498931677,3.992133617401123,667.20703125
Kazakhstan,1998,4821.959189273336,3.852787733078003,688.05242919921875
Kazakhstan,1999,5013.641489899129,4.040043830871582,712.7423095703125
Kazakhstan,2000,5488.915972193721,3.95098614692688,710.9263916015625
Kazakhstan,2001,6200.142264050859,3.957697629928589,724.26702880859375
Kazakhstan,2002,6772.480978745432,4.098143100738525,757.510986328125
Kazakhstan,2003,7359.685234006875,3.765390634536743,756.51068115234375
Kazakhstan,2004,8013.910335389675,4.087937355041504,728.441650390625
Kazakhstan,2005,8726.317766232018,3.9757373332977295,692.1826171875
Kazakhstan,2006,9578.69285690963,4.008697032928467,703.42047119140625
Kazakhstan,2007,10332.706841232104,4.073746681213379,689.59893798828125
Kazakhstan,2008,10563.67065986235,4.022608757019043,647.32012939453125
Kazakhstan,2009,10566.084245740665,3.8092098236083984,739.17034912109375
Kazakhstan,2010,11191.311274588,4.07531213760376,688.28997802734375
Kazakhstan,2011,11858.049953399392,3.7302844524383545,719.03936767578125
Kazakhstan,2012,12254.821530266097,3.8771002292633057,685.31732177734375
Kazakhstan,2013,12804.842036968612,4.185726165771484,761.98370361328125
Kazakhstan,2014,13148.093483428,3.737959146499634,677.495849609375
Kazakhstan,2015,13108.768386157673,4.049300193786621,761.477294921875
Kazakhstan,2016,13051.300174620052,4.1483306884765625,794.54449462890625
Kazakhstan,2017,13376.377973099557,3.991865396499634,659.5777587890625
Kazakhstan,2018,13718.287144018088,3.785212278366089,664.34271240234375
Kazakhstan,2019,14129.02025845624,4.062277793884277,665.31683349609375
Kazakhstan,2020,13583.066304716891,4.310428619384766,650.14508056640625
Kenya,1961,905.7906190995503,8.069082260131836,2311.156005859375
Kenya,1962,954.237438919005,8.026518821716309,1770.713134765625
Kenya,1963,998.4632514447866,8.062932968139648,2093.31201171875
Kenya,1964,1007.6727327830217,8.061716079711914,1830.4835205078125
Kenya,1965,987.7896283362012,8.117847442626953,1598.16064453125
Kenya,1966,1088.9924132954425,8.168392181396484,1790.86083984375
Kenya,1967,1081.8190992881646,8.1339693069458,2027.5718994140625
Kenya,1968,1122.892543552692,8.003240585327148,2169.886474609375
Kenya,1969,1165.6277748647558,8.197488784790039,1661.7213134765625
Kenya,1970,1069.4160704546325,8.2209014892578125,1776.3720703125
Kenya,1971,1259.986716042647,8.087484359741211,1643.089599609375
Kenya,1972,1424.805628777451,8.226615905761719,1783.9593505859375
Kenya,1973,1457.6171960417494,8.291698455810547,1482.293701171875
Kenya,1974,1466.365193894095,8.148002624511719,1629.6383056640625
Kenya,1975,1430.9544819486205,8.067485809326172,1544.36181640625
Kenya,1976,1415.0723442768933,8.21332836151123,1456.2264404296875
Kenya,1977,1498.2702526350179,8.234740257263184,2092.558349609375
Kenya,1978,1547.638732045721,8.177485466003418,2033.21630859375
Kenya,1979,1608.7735797168655,8.163657188415527,1860.3575439453125
Kenya,1980,1639.582625627237,8.264471054077148,1511.930908203125
Kenya,1981,1641.6976561576257,8.237696647644043,1786.525390625
Kenya,1982,1607.8669770767888,8.164804458618164,1996.4735107421875
Kenya,1983,1570.4810670720783,8.316339492797852,1626.78369140625
Kenya,1984,1540.3445220822177,8.233987808227539,1469.9794921875
Kenya,1985,1549.119103220434,8.149617195129395,1720.819091796875
Kenya,1986,1601.9201997165344,8.230140686035156,1703.0281982421875
Kenya,1987,1638.2174868865015,8.372405052185059,1630.390380859375
Kenya,1988,1679.543111468052,8.306281089782715,1917.5029296875
Kenya,1989,1697.7267555101644,8.158794403076172,1913.519775390625
Kenya,1990,1709.07321522622,8.263408660888672,1871.732666015625
Kenya,1991,1678.3857843931385,7.804111957550049,1685.3250732421875
Kenya,1992,1614.7127895227375,7.8278021812438965,1744.72509765625
Kenya,1993,1573.015503496326,7.956733703613281,1757.280517578125
Kenya,1994,1568.2301972715413,7.941613674163818,1825.5946044921875
Kenya,1995,1591.4986155957715,8.110955238342285,1823.54638671875
Kenya,1996,1612.490582068536,7.906260967254639,1582.0994873046875
Kenya,1997,1576.4729752709668,7.990431785583496,2327.075927734375
Kenya,1998,1584.0213030565017,8.1308746337890625,1893.7586669921875
Kenya,1999,1574.4655749571155,8.030130386352539,1745.30810546875
Kenya,2000,1536.8971427188392,8.03674602508545,1519.2244873046875
Kenya,2001,1545.7431653052297,8.028861045837402,1803.399658203125
Kenya,2002,1506.0583301445645,8.231988906860352,2067.261474609375
Kenya,2003,1503.1245585299255,8.102889060974121,1565.2896728515625
Kenya,2004,1531.5506751457838,8.139485359191895,1290.0826416015625
Kenya,2005,1572.9399290160438,8.200916290283203,1172.8751220703125
Kenya,2006,1624.4876018628806,8.285727500915527,1791.4908447265625
Kenya,2007,1684.1028312044966,8.236089706420898,1513.9825439453125
Kenya,2008,1637.6407149756674,8.29984188079834,1587.0765380859375
Kenya,2009,1641.4498409880066,8.372544288635254,1642.4974365234375
Kenya,2010,1722.9989239077752,8.07654857635498,1595.804931640625
Kenya,2011,1762.1027668132535,7.886449813842773,1607.998291015625
Kenya,2012,1795.1722822837357,7.788088321685791,2029.1309814453125
Kenya,2013,1817.8508964128555,8.128009796142578,1836.2667236328125
Kenya,2014,1864.9729280118383,8.10017204284668,1203.4833984375
Kenya,2015,1914.5046233049968,7.9408955574035645,1271.309814453125
Kenya,2016,1951.6067265161919,8.244595527648926,1935.1734619140625
Kenya,2017,1982.925171244994,8.27241325378418,2045.1571044921875
Kenya,2018,2052.804402413697,8.047983169555664,1732.212158203125
Kenya,2019,2115.826476642273,8.078020095825195,2177.243408203125
Kenya,2020,2069.0599046439197,8.203371047973633,1644.15380859375
Kiribati,1970,1894.547887308337,8.681560516357422,2717.213623046875
Kiribati,1971,1815.1180491539849,8.493890762329102,2341.4443359375
Kiribati,1972,1996.0501465080583,9.4565887451171875,5073.20751953125
Kiribati,1973,2371.91789445502,8.602837562561035,3535.156982421875
Kiribati,1974,3424.2245890272698,8.600820541381836,2435.9267578125
Kiribati,1975,3620.951748478371,8.551056861877441,2691.605712890625
Kiribati,1976,2665.9374770028876,8.684102058410645,4593.24853515625
Kiribati,1977,2559.592495451955,9.271023750305176,4419.1923828125
Kiribati,1978,2604.127336617217,8.96429443359375,3179.759765625
Kiribati,1979,2290.6539329982284,8.674883842468262,3561.707275390625
Kiribati,1980,2229.7622790227038,8.785183906555176,3719.94775390625
Kiribati,1981,2329.2097754689457,8.65676212310791,3225.454833984375
Kiribati,1982,2266.852546268784,8.7175140380859375,4097.62060546875
Kiribati,1983,2012.2133972703152,8.908818244934082,3797.14892578125
Kiribati,1984,2255.067028192853,8.675005912780762,2577.40087890625
Kiribati,1985,1919.1853750425187,8.682905197143555,2188.325927734375
Kiribati,1986,1828.875531622498,8.720187187194824,3687.691650390625
Kiribati,1987,1808.046754859734,8.813450813293457,5966.8642578125
Kiribati,1988,2154.3043850504296,8.652978897094727,2769.4697265625
Kiribati,1989,1950.240179037005,8.601207733154297,2384.114013671875
Kiribati,1990,1784.052763192351,8.634649276733398,3851.937744140625
Kiribati,1991,1649.9498389078094,11.732059478759766,3667.6748046875
Kiribati,1992,2011.7047064858898,11.728232383728027,2835.25341796875
Kiribati,1993,1979.02531717349,11.693869590759277,3052.02587890625
Kiribati,1994,1989.7216329746643,11.776137351989746,2316.113037109375
Kiribati,1995,2013.9543477975185,11.74313735961914,2231.325439453125
Kiribati,1996,1979.0665813849516,11.728572845458984,2336.08251953125
Kiribati,1997,1966.0977102966785,11.893671035766602,2455.21630859375
Kiribati,1998,2017.2382466787944,11.786275863647461,2962.130126953125
Kiribati,1999,1905.5982441766544,11.713456153869629,1627.5623779296875
Kiribati,2000,1999.9526914948858,11.844080924987793,2431.883544921875
Kiribati,2001,1900.1464026314725,12.072962760925293,1550.3140869140625
Kiribati,2002,1887.3424386953839,12.005297660827637,1532.6168212890625
Kiribati,2003,1819.9133844794917,11.707361221313477,1532.6168212890625
Kiribati,2004,1772.8743438615638,11.896261215209961,1532.6168212890625
Kiribati,2005,1760.067759465258,11.893486976623535,1532.6168212890625
Kiribati,2006,1824.8521927648237,11.879118919372559,1532.6168212890625
Kiribati,2007,1842.8132090978368,11.916172981262207,1532.6168212890625
Kiribati,2008,1750.860761331616,11.919774055480957,1532.6168212890625
Kiribati,2009,1723.1419639906492,12.688034057617188,1532.6168212890625
Kiribati,2010,1708.3719042807427,13.83351993560791,1532.6168212890625
Kiribati,2011,1733.1497895058721,13.099560737609863,1532.6168212890625
Kiribati,2012,1807.0016815545298,12.71420669555664,1532.6168212890625
Kiribati,2013,1920.1252176227943,12.645586967468262,1532.6168212890625
Kiribati,2014,1919.3015367861522,12.866325378417969,1532.6168212890625
Kiribati,2015,2108.2965204035304,12.528472900390625,1532.6168212890625
Kiribati,2016,2226.042843164881,12.88210678100586,1532.6168212890625
Kiribati,2017,2274.9943954274213,12.808988571166992,1532.6168212890625
Kiribati,2018,2319.2684022361236,12.587544441223145,1532.6168212890625
Kiribati,2019,2359.4723172328418,12.028853416442871,1530.114501953125
Kiribati,2020,2284.679091619493,11.977091789245605,1483.5570068359375
"Korea, Rep.",1961,1384.7926095969829,5.034512042999268,3328.122802734375
"Korea, Rep.",1962,1398.5350284728036,4.865105152130127,2875.87744140625
"Korea, Rep.",1963,1482.6703591026169,4.864414215087891,3335.136962890625
"Korea, Rep.",1964,1580.554396953186,5.055591583251953,3267.235595703125
"Korea, Rep.",1965,1653.5752020557918,4.790205955505371,2868.17724609375
"Korea, Rep.",1966,1806.1471106450808,4.910122394561768,3153.969482421875
"Korea, Rep.",1967,1925.93531472796,4.911823749542236,2673.3544921875
"Korea, Rep.",1968,2130.5844919130086,4.84616231918335,2647.714599609375
"Korea, Rep.",1969,2386.8113521343594,4.76374626159668,3297.709716796875
"Korea, Rep.",1970,2572.6697201892493,4.763809680938721,3510.668212890625
"Korea, Rep.",1971,2791.1270225018116,4.8238844871521,2823.313720703125
"Korea, Rep.",1972,2940.2277904543503,4.865726947784424,3316.623779296875
"Korea, Rep.",1973,3321.2657865650426,4.925966739654541,2537.307861328125
"Korea, Rep.",1974,3579.890645334691,4.7474212646484375,3032.793212890625
"Korea, Rep.",1975,3799.383985218862,4.977802276611328,2941.734619140625
"Korea, Rep.",1976,4235.144471396055,4.752993583679199,2615.63916015625
"Korea, Rep.",1977,4685.716171829209,4.926513195037842,2550.596435546875
"Korea, Rep.",1978,5125.9319208104025,5.0200042724609375,2993.464599609375
"Korea, Rep.",1979,5489.870989430602,5.035740852355957,3190.728515625
"Korea, Rep.",1980,5322.590532331913,4.722064018249512,3431.814453125
"Korea, Rep.",1981,5628.16616185686,4.750406742095947,2948.884033203125
"Korea, Rep.",1982,6011.152390245746,4.964077949523926,2606.08056640625
"Korea, Rep.",1983,6720.848659627039,4.931893825531006,2831.370849609375
"Korea, Rep.",1984,7344.5245202707665,4.786736965179443,2885.27880859375
"Korea, Rep.",1985,7849.921944410281,4.895385265350342,3572.72998046875
"Korea, Rep.",1986,8666.261740073256,4.741138935089111,2756.289794921875
"Korea, Rep.",1987,9687.626663936186,4.92657470703125,3156.112548828125
"Korea, Rep.",1988,10757.194624594256,4.907388687133789,2383.72265625
"Korea, Rep.",1989,11414.489354840232,5.068050861358643,3286.440673828125
"Korea, Rep.",1990,12435.667486347647,5.189207077026367,3473.64990234375
"Korea, Rep.",1991,13652.244133766157,5.010185241699219,3256.738037109375
"Korea, Rep.",1992,14369.280437750991,5.062919616699219,2703.28076171875
"Korea, Rep.",1993,15218.985470223532,4.897340297698975,3293.740234375
"Korea, Rep.",1994,16478.645792333024,5.261034965515137,2675.461181640625
"Korea, Rep.",1995,17901.950380643066,4.976661205291748,2886.8232421875
"Korea, Rep.",1996,19149.072805473643,4.955287933349609,2843.291748046875
"Korea, Rep.",1997,20162.102420637126,5.0897135734558105,3132.8125
"Korea, Rep.",1998,19028.453625498532,5.346588611602783,3591.831298828125
"Korea, Rep.",1999,21088.60843786994,5.1652984619140625,3639.99365234375
"Korea, Rep.",2000,22837.389815429477,5.164775848388672,3089.5703125
"Korea, Rep.",2001,23733.87360945387,5.148255348205566,2908.600341796875
"Korea, Rep.",2002,25424.45658472574,5.222748279571533,3368.474365234375
"Korea, Rep.",2003,26070.708235231607,5.117255687713623,4104.72265625
"Korea, Rep.",2004,27313.651685563873,5.285533905029297,3663.28173828125
"Korea, Rep.",2005,28443.68133351643,5.083965301513672,3160.536376953125
"Korea, Rep.",2006,29778.744615597134,5.1657185554504395,3465.936767578125
"Korea, Rep.",2007,31359.567845951977,5.2940263748168945,3298.8427734375
"Korea, Rep.",2008,32057.392492834744,5.155183792114258,2924.977783203125
"Korea, Rep.",2009,32154.299523294965,5.155202388763428,2976.373779296875
"Korea, Rep.",2010,34228.244610030175,5.173772811889648,3619.2255859375
"Korea, Rep.",2011,35218.72723200609,5.0740580558776855,3678.904296875
"Korea, Rep.",2012,35926.614147106855,5.087754726409912,3602.54736328125
"Korea, Rep.",2013,36940.55764421256,5.151937007904053,3223.705810546875
"Korea, Rep.",2014,37889.32760508227,5.186869144439697,3244.134033203125
"Korea, Rep.",2015,38790.72761372988,5.2557172775268555,2886.626220703125
"Korea, Rep.",2016,39862.47692154414,5.304488182067871,3429.680419921875
"Korea, Rep.",2017,41115.34877485452,5.170536518096924,2753.26318359375
"Korea, Rep.",2018,42237.71380938966,5.222603797912598,3435.2529296875
"Korea, Rep.",2019,43064.93789993842,5.3296284675598145,3276.743408203125
"Korea, Rep.",2020,42704.46204742089,5.268526554107666,3819.200927734375
Kuwait,1970,88185.7585719414,8.480252265930176,312.43133544921875
Kuwait,1971,88290.69639125018,8.33180046081543,334.19091796875
Kuwait,1972,86225.16578951242,8.18531608581543,493.8793029785156
Kuwait,1973,75838.34003271394,8.384769439697266,224.53115844726563
Kuwait,1974,62129.01778348057,8.29865837097168,415.1623840332031
Kuwait,1975,51221.7551937184,8.260024070739746,400.2171325683594
Kuwait,1976,51184.43924702771,8.299338340759277,497.0120849609375
Kuwait,1977,46112.33550703456,8.494877815246582,347.55902099609375
Kuwait,1978,46464.24553736215,8.403501510620117,318.30218505859375
Kuwait,1979,49829.44321167931,8.559032440185547,326.6125793457031
Kuwait,1980,37988.428603937034,8.46650218963623,370.4885559082031
Kuwait,1981,29269.516091574824,8.4674224853515625,285.2730712890625
Kuwait,1982,24602.317226804003,8.230974197387695,384.4661865234375
Kuwait,1983,25309.80359430045,8.32971477508545,296.8417663574219
Kuwait,1984,25518.82330471981,8.463415145874023,331.3499450683594
Kuwait,1985,23481.903983199936,8.480690002441406,311.1133117675781
Kuwait,1986,24482.064737306682,8.414117813110352,417.6075134277344
Kuwait,1987,25438.57892133796,8.6282377243042,277.5556640625
Kuwait,1988,22005.476883092568,8.586490631103516,293.6285400390625
Kuwait,1989,26669.37189716409,8.41698932647705,292.8652038574219
Kuwait,1990,25894.241891343365,8.555097579956055,308.1106872558594
Kuwait,1991,19044.4098943354,8.5573091506958,407.7186584472656
Kuwait,1992,28776.771648806374,8.229333877563477,312.26446533203125
Kuwait,1993,37700.56664813978,8.44575309753418,389.85382080078125
Kuwait,1994,41072.39162565961,8.63077163696289,359.3249206542969
Kuwait,1995,42628.50186049881,8.510575294494629,383.2668762207031
Kuwait,1996,41678.54599644525,8.633501052856445,366.8193054199219
Kuwait,1997,41337.169214830836,8.548198699951172,375.37200927734375
Kuwait,1998,41535.45942711576,8.829967498779297,315.3688049316406
Kuwait,1999,39595.943000351646,8.839517593383789,406.00189208984375
Kuwait,2000,40295.19323440876,8.717397689819336,289.8337097167969
Kuwait,2001,39307.09806824817,8.83484172821045,362.7147216796875
Kuwait,2002,39472.6756410723,8.805757522583008,404.0220031738281
Kuwait,2003,45216.26481691622,8.791086196899414,389.9490051269531
Kuwait,2004,48750.43036406261,8.747760772705078,371.5565490722656
Kuwait,2005,52006.64550318519,8.667957305908203,395.52337646484375
Kuwait,2006,52889.52864343697,8.772106170654297,379.36798095703125
Kuwait,2007,52858.543501152526,8.721193313598633,317.758544921875
Kuwait,2008,51236.86528176471,8.78885269165039,226.71990966796875
Kuwait,2009,45157.70524875394,8.839688301086426,314.48748779296875
Kuwait,2010,41872.083628645676,9.026374816894531,219.86656188964844
Kuwait,2011,43127.98019974736,8.742260932922363,334.7529602050781
Kuwait,2012,43170.38736974599,8.787178039550781,329.3300476074219
Kuwait,2013,41541.259404948534,8.815977096557617,226.87408447265625
Kuwait,2014,39949.57595470872,8.713785171508789,197.09481811523438
Kuwait,2015,38418.42814891996,8.842875480651855,167.62033081054688
Kuwait,2016,37868.460460363465,9.008820533752441,216.59706115722656
Kuwait,2017,34775.06495999796,8.871593475341797,135.0229949951172
Kuwait,2018,34334.916577562755,8.94971752166748,236.80661010742188
Kuwait,2019,34173.189681596894,8.80803108215332,184.37648010253906
Kuwait,2020,32837.78715066928,8.869852066040039,213.32713317871094
Kyrgyz Republic,1986,1315.0608226842169,2.524855375289917,1053.392333984375
Kyrgyz Republic,1987,1332.858918506256,2.6372649669647217,1413.330078125
Kyrgyz Republic,1988,1482.400622912806,2.667487144470215,1160.2437744140625
Kyrgyz Republic,1989,1492.237242757877,2.5372390747070313,1008.234375
Kyrgyz Republic,1990,1547.258440473497,2.7037458419799805,1102.1968994140625
Kyrgyz Republic,1991,1401.2431885394653,2.6291842460632324,1158.945068359375
Kyrgyz Republic,1992,1193.5000779243487,2.6378347873687744,1209.2137451171875
Kyrgyz Republic,1993,1008.6853784882923,2.468804121017456,1408.2421875
Kyrgyz Republic,1994,806.394252584632,2.610433578491211,1133.1597900390625
Kyrgyz Republic,1995,755.0670099484798,2.8066132068634033,975.975830078125
Kyrgyz Republic,1996,796.6833622368893,2.4827706813812256,1116.7452392578125
Kyrgyz Republic,1997,863.0006924519265,2.9067976474761963,1059.0194091796875
Kyrgyz Republic,1998,867.8968022525854,2.82873272895813,1464.13818359375
Kyrgyz Republic,1999,886.3538059474134,2.875802755355835,1326.8555908203125
Kyrgyz Republic,2000,923.5461515651365,2.8180975914001465,1087.969482421875
Kyrgyz Republic,2001,963.5057472423318,2.924474000930786,1146.205810546875
Kyrgyz Republic,2002,954.5308249971013,2.9214179515838623,1483.1888427734375
Kyrgyz Republic,2003,1010.980999852887,2.689821720123291,1508.325927734375
Kyrgyz Republic,2004,1069.005024564668,2.9333760738372803,1264.2052001953125
Kyrgyz Republic,2005,1055.1551209880597,2.8103435039520264,1279.94970703125
Kyrgyz Republic,2006,1076.276630001919,2.9331014156341553,1170.0015869140625
Kyrgyz Republic,2007,1157.1318398312444,2.8538355827331543,1239.7271728515625
Kyrgyz Republic,2008,1242.4766691732316,2.8311705589294434,1050.3116455078125
Kyrgyz Republic,2009,1261.5185249561353,2.773688316345215,1331.597412109375
Kyrgyz Republic,2010,1237.7901976705648,2.937929630279541,1304.409423828125
Kyrgyz Republic,2011,1292.7116103790179,2.7333295345306396,1308.6292724609375
Kyrgyz Republic,2012,1267.466488847421,2.6634199619293213,1020.3952026367188
Kyrgyz Republic,2013,1375.38079680123,3.001892328262329,1223.8428955078125
Kyrgyz Republic,2014,1399.5487987588153,2.6397764682769775,1154.5126953125
Kyrgyz Republic,2015,1421.4947886525733,2.9555301666259766,1300.6317138671875
Kyrgyz Republic,2016,1450.6333208927913,3.044619083404541,1489.0350341796875
Kyrgyz Republic,2017,1487.746009595513,2.82751202583313,1262.7159423828125
Kyrgyz Republic,2018,1510.7446020915268,2.841757297515869,1189.377197265625
Kyrgyz Republic,2019,1545.2077213659932,3.035897731781006,1219.876708984375
Kyrgyz Republic,2020,1405.6510940262624,2.833040237426758,1235.4490966796875
Lao PDR,1984,745.5140292885471,7.935821056365967,4380.16845703125
Lao PDR,1985,761.9184592487006,7.916380882263184,4183.041015625
Lao PDR,1986,776.966473604289,7.907812118530273,4589.36865234375
Lao PDR,1987,744.4274359467822,8.160412788391113,4060.06982421875
Lao PDR,1988,708.8667207344429,8.091670036315918,4241.8486328125
Lao PDR,1989,786.5964447588368,8.042168617248535,4053.377685546875
Lao PDR,1990,815.7851233341686,8.125590324401855,4577.61328125
Lao PDR,1991,827.208182290083,8.137951850891113,4306.86865234375
Lao PDR,1992,849.3519156651574,8.097636222839355,4184.32861328125
Lao PDR,1993,875.4898011751493,8.043399810791016,3718.107666015625
Lao PDR,1994,922.4744399840113,8.127092361450195,4663.4853515625
Lao PDR,1995,963.2627084656942,8.059372901916504,4284.30126953125
Lao PDR,1996,1006.2660675551949,8.00166130065918,4651.9140625
Lao PDR,1997,1053.2219118760972,8.129996299743652,4274.1650390625
Lao PDR,1998,1074.926777188475,8.28035831451416,4139.13916015625
Lao PDR,1999,1133.483583001425,8.07392692565918,4852.93212890625
Lao PDR,2000,1179.2453226621967,8.033283233642578,4475.40966796875
Lao PDR,2001,1226.680425838395,8.149605751037598,4634.90673828125
Lao PDR,2002,1278.580980284083,8.134127616882324,4991.251953125
Lao PDR,2003,1335.4325541047697,8.139842987060547,4020.436767578125
Lao PDR,2004,1399.7779101639335,8.080411911010742,4225.78857421875
Lao PDR,2005,1476.8163144801144,8.194108963012695,4404.47900390625
Lao PDR,2006,1578.9078329445083,8.183506965637207,4528.4990234375
Lao PDR,2007,1672.7569223687171,8.105844497680664,4253.50830078125
Lao PDR,2008,1776.4475847125352,8.051578521728516,5003.83544921875
Lao PDR,2009,1881.3581574411387,8.205835342407227,4094.534912109375
Lao PDR,2010,2011.9463489479213,8.268415451049805,4276.43603515625
Lao PDR,2011,2142.4284249270795,8.029909133911133,4974.201171875
Lao PDR,2012,2281.582049211192,8.275273323059082,4540.43798828125
Lao PDR,2013,2430.2595635955063,8.14132022857666,4597.74609375
Lao PDR,2014,2579.4392326317147,8.209244728088379,3748.58740234375
Lao PDR,2015,2726.9065219369086,8.320900917053223,3863.892333984375
Lao PDR,2016,2873.14749520001,8.288225173950195,4425.92626953125
Lao PDR,2017,3023.3300945316287,8.10568618774414,4671.365234375
Lao PDR,2018,3162.70143122542,8.127927780151367,4325.84375
Lao PDR,2019,3284.8105750114655,8.335360527038574,3879.52783203125
Lao PDR,2020,3252.3988366010117,8.281623840332031,3999.757568359375
Latvia,1990,9800.214220725391,3.963015556335449,1753.2276611328125
Latvia,1991,8606.47784398967,3.730112075805664,1523.8232421875
Latvia,1992,5923.191580536341,3.904249668121338,1488.5615234375
Latvia,1993,5740.122732235575,3.5779614448547363,1562.6204833984375
Latvia,1994,5964.836560575561,3.723001003265381,1521.5958251953125
Latvia,1995,5993.3303673075625,3.71268367767334,1575.900146484375
Latvia,1996,6200.625056632705,3.4570810794830322,1452.72802734375
Latvia,1997,6837.125282628803,3.7013227939605713,1632.119140625
Latvia,1998,7353.973282019791,3.6811530590057373,1690.8570556640625
Latvia,1999,7623.034703564934,3.8975539207458496,1526.046142578125
Latvia,2000,8146.447406674981,3.9579861164093018,1534.596435546875
Latvia,2001,8785.488920964626,3.721027135848999,1736.3973388671875
Latvia,2002,9569.47797150097,3.9002373218536377,1475.9228515625
Latvia,2003,10476.862780986943,3.679378032684326,1559.7027587890625
Latvia,2004,11515.976156169307,3.6598873138427734,1593.815185546875
Latvia,2005,12993.238777577208,3.681493043899536,1528.6124267578125
Latvia,2006,14794.711348860123,3.853276491165161,1543.05712890625
Latvia,2007,16469.384098273877,3.9493155479431152,1623.893798828125
Latvia,2008,16079.38307049098,4.03009033203125,1600.5618896484375
Latvia,2009,13724.989505459334,3.7181828022003174,1670.880859375
Latvia,2010,13500.56619171024,3.595262050628662,1760.6915283203125
Latvia,2011,14166.087401320072,3.946336030960083,1575.25341796875
Latvia,2012,15390.674768082385,3.6305534839630127,1734.3314208984375
Latvia,2013,15882.476347200716,3.8544857501983643,1588.886474609375
Latvia,2014,16368.634789642412,3.9446020126342773,1604.26318359375
Latvia,2015,17127.55870547388,4.098613739013672,1414.295654296875
Latvia,2016,17725.856256900774,3.8942675590515137,1742.7574462890625
Latvia,2017,18491.499570717973,3.8519184589385986,1836.5714111328125
Latvia,2018,19439.300653205184,3.9995532035827637,1496.678955078125
Latvia,2019,19707.124864869016,4.128238201141357,1631.0283203125
Latvia,2020,19157.303213698055,4.2842559814453125,1590.6434326171875
Lebanon,1988,5057.832454140652,5.62595796585083,1905.28369140625
Lebanon,1989,2852.4039145331258,5.71882438659668,1331.6470947265625
Lebanon,1990,3539.073450853286,5.726472854614258,1352.1580810546875
Lebanon,1991,5182.754285907631,5.735354900360107,1979.1744384765625
Lebanon,1992,5908.364086539837,5.430991172790527,2093.954833984375
Lebanon,1993,6418.923581306319,5.721863269805908,1409.304931640625
Lebanon,1994,6815.829409399019,5.868104457855225,1980.4595947265625
Lebanon,1995,7125.430551947351,5.775989532470703,1321.775634765625
Lebanon,1996,7784.078597856002,5.888373374938965,1564.0928955078125
Lebanon,1997,7725.233116861251,5.631777763366699,1714.1832275390625
Lebanon,1998,7868.839224485902,6.013077735900879,1607.523193359375
Lebanon,1999,7691.367915455298,5.961554527282715,1231.0308837890625
Lebanon,2000,7661.232618133403,5.803618907928467,1845.0609130859375
Lebanon,2001,7824.23149003011,6.0300774574279785,1771.4107666015625
Lebanon,2002,7980.414910353289,5.964512348175049,1818.8101806640625
Lebanon,2003,8125.082551546165,5.8784499168396,2002.78076171875
Lebanon,2004,8528.764246546876,5.878827095031738,1728.0679931640625
Lebanon,2005,8623.167413945963,5.859412670135498,1549.686767578125
Lebanon,2006,8609.274595173765,5.892600059509277,1618.5513916015625
Lebanon,2007,9230.211999107994,5.982940196990967,1576.6217041015625
Lebanon,2008,9901.267224857529,6.007440090179443,1358.8255615234375
Lebanon,2009,10768.048116252929,5.971347332000732,1776.110107421875
Lebanon,2010,11513.80264963786,6.386388301849365,1441.9188232421875
Lebanon,2011,11488.933975579379,5.853325843811035,1900.759033203125
Lebanon,2012,11469.141752526002,6.08265495300293,2042.3155517578125
Lebanon,2013,10855.537489718507,6.0801005363464355,1764.1055908203125
Lebanon,2014,10067.267904785422,6.125656604766846,1682.23583984375
Lebanon,2015,9917.738831416043,6.062633514404297,1857.8192138671875
Lebanon,2016,10309.90651521548,6.147747039794922,1625.752197265625
Lebanon,2017,10678.16174728976,6.072668075561523,1378.569091796875
Lebanon,2018,10785.063853907775,6.279247760772705,1777.1397705078125
Lebanon,2019,10367.641798013432,6.115316867828369,1904.2767333984375
Lebanon,2020,8280.728980647873,6.165140628814697,1930.0831298828125
Lesotho,1961,333.97161479470657,4.995545864105225,1960.1666259765625
Lesotho,1962,373.84906236856574,5.022265911102295,1801.0322265625
Lesotho,1963,401.4366052235183,4.89378547668457,2069.527099609375
Lesotho,1964,421.95197452254575,4.9168782234191895,1908.1748046875
Lesotho,1965,418.5994146692041,4.950878620147705,1608.7889404296875
Lesotho,1966,403.7689768771227,5.050449371337891,1712.9237060546875
Lesotho,1967,432.0944130467642,4.818484306335449,2011.535400390625
Lesotho,1968,415.01380275289716,4.856446743011475,1657.47265625
Lesotho,1969,406.3924372974081,5.050245761871338,1801.3084716796875
Lesotho,1970,400.5449866788681,5.075949668884277,1788.023193359375
Lesotho,1971,406.29000624161205,4.909209728240967,1820.2115478515625
Lesotho,1972,391.45121155820107,4.965853214263916,1878.933349609375
Lesotho,1973,477.9363544748944,4.964176654815674,1759.586669921875
Lesotho,1974,512.4431204364322,4.885697364807129,2166.08251953125
Lesotho,1975,428.1404532613166,4.87624979019165,2052.9189453125
Lesotho,1976,460.4337383888317,4.826166152954102,2302.19189453125
Lesotho,1977,544.8704798974373,5.0092878341674805,1951.3306884765625
Lesotho,1978,626.5692938926719,4.998717784881592,1989.01708984375
Lesotho,1979,626.3309186328578,5.0569610595703125,1842.345947265625
Lesotho,1980,591.6637758694214,4.999704360961914,1647.402099609375
Lesotho,1981,578.6797573749568,4.871810436248779,1965.7802734375
Lesotho,1982,587.1733950928153,5.050734996795654,1757.1663818359375
Lesotho,1983,581.7882381849254,5.233108997344971,1710.7796630859375
Lesotho,1984,596.6573857806261,5.134674549102783,1756.3310546875
Lesotho,1985,595.1229204654124,5.119314193725586,1838.995361328125
Lesotho,1986,607.3890158211085,5.102718830108643,1913.997802734375
Lesotho,1987,598.4411822190007,5.14853048324585,1975.4173583984375
Lesotho,1988,636.3023163735894,5.012064456939697,2349.07763671875
Lesotho,1989,659.6813248572896,4.961236476898193,1948.1014404296875
Lesotho,1990,686.318522376293,5.098901748657227,1748.975341796875
Lesotho,1991,721.1084635151287,5.093075275421143,2095.112060546875
Lesotho,1992,758.5511946309701,5.3253254890441895,1506.4715576171875
Lesotho,1993,773.4002087629694,5.283605575561523,1841.3480224609375
Lesotho,1994,808.6300977769499,5.043964862823486,1726.36962890625
Lesotho,1995,825.0848507416723,5.179688930511475,1900.118896484375
Lesotho,1996,861.9973278249735,5.065454959869385,2311.709716796875
Lesotho,1997,886.8577086701549,5.1309614181518555,2034.1767578125
Lesotho,1998,896.0241650482527,5.2484869956970215,2086.768798828125
Lesotho,1999,897.9592320966915,5.328460693359375,2008.3236083984375
Lesotho,2000,932.4440084818418,5.080963134765625,2288.30810546875
Lesotho,2001,967.1305852958118,5.178456783294678,2448.520751953125
Lesotho,2002,977.1461896085259,5.163402557373047,2132.646484375
Lesotho,2003,1026.6532537039398,5.233893394470215,1874.8135986328125
Lesotho,2004,1051.4062311885762,5.3040361404418945,2203.91943359375
Lesotho,2005,1097.9046471625284,5.347814559936523,1864.8291015625
Lesotho,2006,1149.0613810931297,5.137188911437988,2448.88330078125
Lesotho,2007,1192.1541346328302,5.304139614105225,2231.281005859375
Lesotho,2008,1249.5110351554817,5.314838886260986,2230.9296875
Lesotho,2009,1224.9119003416977,5.275911808013916,2289.09423828125
Lesotho,2010,1279.5339008002925,5.382366180419922,2393.343994140625
Lesotho,2011,1326.7997033564166,5.099832057952881,2161.2451171875
Lesotho,2012,1396.7308921206907,5.308480262756348,1974.6451416015625
Lesotho,2013,1406.4542089258432,5.3739423751831055,1698.2801513671875
Lesotho,2014,1414.2925075329888,5.305876731872559,2079.76025390625
Lesotho,2015,1441.482430830679,5.496948719024658,1620.5401611328125
Lesotho,2016,1475.4097352159843,5.507954120635986,1733.5482177734375
Lesotho,2017,1411.4277069068303,5.321389198303223,1696.598876953125
Lesotho,2018,1373.6587613790566,5.426602840423584,1719.2720947265625
Lesotho,2019,1338.365898196842,5.598012924194336,1813.371337890625
Lesotho,2020,1214.7374258834013,5.2683563232421875,2080.44482421875
Liberia,1961,3141.510953702961,8.334238052368164,5637.1064453125
Liberia,1962,3105.764489147314,8.310114860534668,6371.44775390625
Liberia,1963,3097.7969324035284,8.387474060058594,6771.31005859375
Liberia,1964,3176.3155232842605,8.298710823059082,5768.99365234375
Liberia,1965,3245.026216604981,8.25572681427002,5830.2763671875
Liberia,1966,3407.295059030403,8.334230422973633,7348.66357421875
Liberia,1967,3545.9714731265385,8.252338409423828,5613.34716796875
Liberia,1968,3621.512964149812,8.331286430358887,7362.1337890625
Liberia,1969,3787.4191662714616,8.408538818359375,6228.8349609375
Liberia,1970,3937.6746041165356,8.361616134643555,5458.80712890625
Liberia,1971,4028.0924111399577,8.179411888122559,5557.029296875
Liberia,1972,4089.9321366234703,8.230486869812012,5680.60498046875
Liberia,1973,3894.3694690825673,8.337714195251465,5446.10400390625
Liberia,1974,3972.1847116285203,8.251117706298828,5430.751953125
Liberia,1975,3732.1704346706115,8.198741912841797,5386.90625
Liberia,1976,3824.744906939401,8.123149871826172,5786.1630859375
Liberia,1977,3777.764826468024,8.271021842956543,5434.73583984375
Liberia,1978,3845.970130632254,8.21799087524414,5582.013671875
Liberia,1979,3856.025990516042,8.304987907409668,6143.130859375
Liberia,1980,3589.6161388941964,8.333101272583008,5869.322265625
Liberia,1981,3411.049569417863,8.328533172607422,5307.580078125
Liberia,1982,3233.33901769765,8.263751983642578,5314.224609375
Liberia,1983,3078.6135139603493,8.401267051696777,5144.67041015625
Liberia,1984,2921.939082487297,8.355238914489746,5515.36474609375
Liberia,1985,2810.364899816843,8.33130931854248,5457.03076171875
Liberia,1986,2681.8305547318455,8.254846572875977,4930.62158203125
Liberia,1987,2578.2227457140134,8.48843765258789,5543.3740234375
Liberia,1988,2453.625736235446,8.37765884399414,5390.49658203125
Liberia,1989,1748.6039351231025,8.346046447753906,5602.46923828125
Liberia,1990,969.56151128938,8.383159637451172,5302.6513671875
Liberia,1991,945.1939065677144,8.372576713562012,5531.94287109375
Liberia,1992,579.2405007017217,8.311005592346191,5552.5751953125
Liberia,1993,373.34202785013275,8.358920097351074,5624.36181640625
Liberia,1994,292.8002547747948,8.317280769348145,5768.35107421875
Liberia,1995,277.8232923632547,8.413820266723633,5646.73486328125
Liberia,1996,302.689930465623,8.421098709106445,6083.65087890625
Liberia,1997,577.6300558364364,8.42996883392334,5341.552734375
Liberia,1998,679.6914197793402,8.537298202514648,5667
Liberia,1999,783.0208042487351,8.381610870361328,5792.521484375
Liberia,2000,970.4832126009087,8.419116973876953,5362.49755859375
Liberia,2001,969.9322271973472,8.511008262634277,3648.374755859375
Liberia,2002,980.5955576891355,8.52490520477295,3610.69384765625
Liberia,2003,679.5590656449939,8.511544227600098,3909.776123046875
Liberia,2004,689.1095891981889,8.471284866333008,4221.79931640625
Liberia,2005,693.8273221142166,8.496136665344238,4471.6103515625
Liberia,2006,708.8850837120773,8.4188385009765625,3879.095458984375
Liberia,2007,738.753518333982,8.499032020568848,3452.062744140625
Liberia,2008,760.0646324014399,8.466706275939941,2645.822021484375
Liberia,2009,775.5836447743208,8.491204261779785,2823.835693359375
Liberia,2010,799.4032144152452,8.612653732299805,3788.783447265625
Liberia,2011,831.7060299132235,8.520395278930664,3425.82421875
Liberia,2012,866.9991057607591,8.388132095336914,3352.91455078125
Liberia,2013,921.8290829317272,8.426156044006348,3090.69970703125
Liberia,2014,909.1658442843135,8.448700904846191,4936.857421875
Liberia,2015,890.4368169620595,8.481855392456055,4888.97607421875
Liberia,2016,858.862795440303,8.576237678527832,5621.34375
Liberia,2017,863.0146954621584,8.529909133911133,5161.8583984375
Liberia,2018,856.0908134156566,8.57870864868164,2508.87939453125
Liberia,2019,818.5802656319668,9.359102249145508,2553.3017578125
Liberia,2020,777.8583208918578,8.608240127563477,2500.7412109375
Libya,1961,3820.7867726271083,7.489650249481201,150.08636474609375
Libya,1962,4856.628353041709,7.634559154510498,165.76316833496094
Libya,1963,6291.731746974446,7.72703218460083,147.3004150390625
Libya,1964,8798.404705082103,7.54408597946167,137.3271942138672
Libya,1965,10960.53302158837,7.564584732055664,132.37957763671875
Libya,1966,12681.659948268458,7.675095081329346,150.21347045898438
Libya,1967,13725.859822884007,7.492823600769043,142.38287353515625
Libya,1968,17860.40413073184,7.6491312980651855,127.75179290771484
Libya,1969,19581.154003831456,7.753129482269287,156.0002899169922
Libya,1970,19876.63663508116,7.534768581390381,113.64744567871094
Libya,1971,18207.393272777943,7.532008647918701,132.42002868652344
Libya,1972,19221.36358508802,7.620458602905273,153.15916442871094
Libya,1973,18847.67393978737,7.5056610107421875,120.17457580566406
Libya,1974,21913.107423788162,7.515749931335449,155.3799285888672
Libya,1975,21560.587959277713,7.465203285217285,155.9783477783203
Libya,1976,25036.567526450584,7.463077068328857,173.41659545898438
Libya,1977,25736.93606207084,7.52890682220459,135.18670654296875
Libya,1978,25098.17078464099,7.542753219604492,172.27426147460938
Libya,1979,25813.189446377517,7.671676158905029,146.9106903076172
Libya,1980,24543.997007564896,7.5333781242370605,148.5924530029297
Libya,1981,18754.44912051296,7.572908878326416,134.4355010986328
Libya,1982,18746.10074093486,7.5659098625183105,163.86920166015625
Libya,1983,18311.187366545088,7.5110249519348145,157.3245391845703
Libya,1984,17136.062126659934,7.542741298675537,145.01171875
Libya,1985,17967.253115460207,7.645412445068359,137.16702270507813
Libya,1986,15457.084412249016,7.5928955078125,160.42318725585938
Libya,1987,12825.93252122205,7.673632621765137,126.58296966552734
Libya,1988,13446.31583790944,7.68572473526001,185.85914611816406
Libya,1989,14065.324225934253,7.6153564453125,130.00074768066406
Libya,1990,14252.77799299439,7.7510457038879395,140.3322296142578
Libya,1991,16124.378815425158,7.6802239418029785,154.10800170898438
Libya,1992,15362.668876987213,7.557547569274902,137.8281707763672
Libya,1993,14494.998310827237,7.6731438636779785,134.81643676757813
Libya,1994,14502.760762198699,7.738244533538818,156.619140625
Libya,1995,13935.651732435756,7.75685453414917,158.8450469970703
Libya,1996,14003.18157705823,7.750060081481934,141.9169158935547
Libya,1997,14508.41143167871,7.745899677276611,149.8026123046875
Libya,1998,13785.9876140667,7.819631576538086,131.4281768798828
Libya,1999,13683.488468475769,7.897125244140625,126.18681335449219
Libya,2000,13954.32690965367,7.712569236755371,126.44003295898438
Libya,2001,13458.153474924606,7.9039764404296875,127.8974838256836
Libya,2002,13075.58152880696,7.862706184387207,121.063720703125
Libya,2003,14485.635527097798,7.850948810577393,136.00111389160156
Libya,2004,14822.538011061617,7.794799327850342,115.16081237792969
Libya,2005,16236.493098109691,7.837924003601074,127.31112670898438
Libya,2006,16940.881311123627,7.842276573181152,162.2262725830078
Libya,2007,17630.233228522728,7.826540946960449,122.46123504638672
Libya,2008,17231.729670334404,7.888659954071045,138.98146057128906
Libya,2009,16133.883482986947,7.906740188598633,117.29269409179688
Libya,2010,16602.954803748562,8.139312744140625,122.89427947998047
Libya,2011,8446.278989478547,7.622801303863525,76.00605010986328
Libya,2012,16198.389582772481,7.862654685974121,107.43318939208984
Libya,2013,13019.01927509545,7.834635257720947,109.88568115234375
Libya,2014,9827.920471232403,7.746951580047607,57.95976257324219
Libya,2015,9589.0968292086909,7.651921272277832,84.12726593017578
Libya,2016,9303.2619030056,7.830414772033691,88.522979736328125
Libya,2017,12130.994045168532,7.601916313171387,108.40839385986328
Libya,2018,12883.512608084253,7.844217300415039,134.09596252441406
Libya,2019,11273.213006116337,7.734280586242676,129.38983154296875
Libya,2020,7846.136891540808,7.6748762130737305,103.90032196044922
Liechtenstein,2015,214946.19109545648,4.261491298675537,2296.744384765625
Lithuania,1990,10713.873136878838,4.0598883628845215,1702.9521484375
Lithuania,1991,10088.612765102169,3.930753707885742,1493.1202392578125
Lithuania,1992,7952.508196829395,4.035303592681885,1517.6629638671875
Lithuania,1993,6693.72598451496,3.7021148204803467,1653.6669921875
Lithuania,1994,6082.076945896976,3.873797655105591,1563.5850830078125
Lithuania,1995,6330.72445260655,3.8247318267822266,1609.88427734375
Lithuania,1996,6699.714072557499,3.557180881500244,1488.2655029296875
Lithuania,1997,7309.566297354536,3.8073532581329346,1636.25927734375
Lithuania,1998,7912.186259604634,3.746029853820801,1716.2254638671875
Lithuania,1999,7881.106642946152,4.02395486831665,1621.37109375
Lithuania,2000,8208.063646113249,4.083587169647217,1535.3662109375
Lithuania,2001,8812.60314366554,3.8501720428466797,1760.6962890625
Lithuania,2002,9480.598253706763,4.067158222198486,1494.2254638671875
Lithuania,2003,10566.462535533368,3.8035073280334473,1518.0911865234375
Lithuania,2004,11380.585721165966,3.8000051975250244,1633.5250244140625
Lithuania,2005,12461.753680590604,3.7667059898376465,1560.315673828125
Lithuania,2006,13598.72383140285,3.929993152618408,1522.6539306640625
Lithuania,2007,15285.692457026917,4.090749263763428,1703.7890625
Lithuania,2008,15845.167872612401,4.1285834312438965,1640.427978515625
Lithuania,2009,13644.629492145516,3.8827693462371826,1683.25537109375
Lithuania,2010,13993.295628122065,3.7810659408569336,1799.3704833984375
Lithuania,2011,15218.02229463838,4.022870063781738,1580.435302734375
Lithuania,2012,16092.141855735525,3.7859582901000977,1698.0208740234375
Lithuania,2013,16901.065692849526,3.996490240097046,1650.06689453125
Lithuania,2014,17681.95456589452,4.077549457550049,1594.9967041015625
Lithuania,2015,18346.14610486218,4.229640960693359,1465.7034912109375
Lithuania,2016,19057.507012604867,4.0356221199035645,1763.1439208984375
Lithuania,2017,20179.7513963355,4.01079797744751,1844.3265380859375
Lithuania,2018,21348.293294854222,4.137274742126465,1515.244140625
Lithuania,2019,22411.306697098345,4.285420894622803,1556.89453125
Lithuania,2020,22426.646388131507,4.398552894592285,1592.7716064453125
Luxembourg,1961,36854.475604314495,4.417356967926025,2344.849853515625
Luxembourg,1962,36900.42474952258,3.9798707962036133,2188.28369140625
Luxembourg,1963,37774.938702663814,3.920588493347168,2036.399658203125
Luxembourg,1964,40292.47858899434,4.259076118469238,2062.92724609375
Luxembourg,1965,39543.908161958156,4.092818260192871,2669.05517578125
Luxembourg,1966,39694.443988112,4.305905342102051,2514.24951171875
Luxembourg,1967,39649.84967690044,4.327907562255859,2142.901123046875
Luxembourg,1968,41203.58584446212,4.152193546295166,2111.8115234375
Luxembourg,1969,45091.23187486156,4.225644588470459,2073.83984375
Luxembourg,1970,45658.74619396933,4.184754371643066,2327.864990234375
Luxembourg,1971,46431.65514167951,4.332391262054443,1839.06103515625
Luxembourg,1972,48898.53441030992,4.181334972381592,2017.2899169921875
Luxembourg,1973,52381.4654002482,4.250582218170166,1977.3536376953125
Luxembourg,1974,53880.778857345074,4.367316246032715,2389.671875
Luxembourg,1975,49793.1268688661,4.362553119659424,1990.045166015625
Luxembourg,1976,50802.979572087614,4.3893609046936035,1763.7022705078125
Luxembourg,1977,51510.94077268308,4.30220365524292,2295.09033203125
Luxembourg,1978,53513.885541230266,4.10427188873291,2120.2890625
Luxembourg,1979,54640.96476323329,4.14237642288208,2279.5341796875
Luxembourg,1980,54904.635639996726,4.119363307952881,2228.929931640625
Luxembourg,1981,54441.419278312016,4.245905876159668,2544.594970703125
Luxembourg,1982,55012.126590976346,4.447582721710205,2197.39453125
Luxembourg,1983,56641.452753895595,4.4442524909973145,2220.174072265625
Luxembourg,1984,60084.035741374646,4.226335525512695,2326.920166015625
Luxembourg,1985,61642.161273133184,4.042753219604492,2030.173828125
Luxembourg,1986,67492.97271969847,4.167555809020996,2298.323486328125
Luxembourg,1987,69706.38118249527,4.0826029777526855,2330.8203125
Luxembourg,1988,75059.20972763092,4.4656291007995605,2397.616943359375
Luxembourg,1989,81615.86457360619,4.596131801605225,2099.49755859375
Luxembourg,1990,84888.50764934543,4.58900785446167,2140.9404296875
Luxembourg,1991,90999.12949579832,4.339979648590088,2011.45068359375
Luxembourg,1992,91432.35589305109,4.537927150726318,2234.80322265625
Luxembourg,1993,94002.71838368474,4.364665508270264,2338.433349609375
Luxembourg,1994,96274.416754448,4.681356430053711,2269.883056640625
Luxembourg,1995,96291.07235149272,4.558774471282959,2449.769775390625
Luxembourg,1996,96317.3139213415,4.093021869659424,1931.192626953125
Luxembourg,1997,100272.71761288319,4.491576194763184,2247.464599609375
Luxembourg,1998,105643.16202146436,4.514805793762207,2473.78125
Luxembourg,1999,112746.5734642219,4.593668460845947,2475.23095703125
Luxembourg,2000,118959.37069821998,4.653576850891113,2459.470458984375
Luxembourg,2001,121165.5616680938,4.507191181182861,2617.47412109375
Luxembourg,2002,123770.14968283907,4.649019241333008,2453.851318359375
Luxembourg,2003,125478.04580031942,4.614697456359863,1989.716552734375
Luxembourg,2004,128942.35183855258,4.47541618347168,2265.448974609375
Luxembourg,2005,130137.34570690148,4.5648651123046875,2138.38427734375
Luxembourg,2006,135784.14655255093,4.632745742797852,2343.738525390625
Luxembourg,2007,144531.40336097823,4.647768497467041,2363.60693359375
Luxembourg,2008,141544.7004391953,4.540975093841553,2304.618896484375
Luxembourg,2009,134447.27678892776,4.545599460601807,2205.744384765625
Luxembourg,2010,136979.65610897774,4.245632648468018,2338.095703125
Luxembourg,2011,135367.68224851126,4.707333087921143,2135.9228515625
Luxembourg,2012,134335.93236184903,4.510039806365967,2354.797119140625
Luxembourg,2013,135430.30234912134,4.376093864440918,2282.431640625
Luxembourg,2014,135745.26610156163,4.80863618850708,2250.897216796875
Luxembourg,2015,135588.51215033696,4.762578964233398,2222.95849609375
Luxembourg,2016,139303.3546632644,4.608260154724121,2355.466064453125
Luxembourg,2017,137748.57115050167,4.666372776031494,2273.504150390625
Luxembourg,2018,137294.22083043086,4.885805606842041,2250.468505859375
Luxembourg,2019,138326.9123308323,4.774954319000244,2223.582763671875
Luxembourg,2020,135347.10928281132,4.922373294830322,2203.501220703125
"Macao SAR, China",1982,29608.709722220316,7.679037094116211,5114.478515625
"Macao SAR, China",1983,30804.386657073363,7.653210639953613,4820.70068359375
"Macao SAR, China",1984,31809.620779398887,7.544063091278076,3580.075439453125
"Macao SAR, China",1985,31284.899581648868,7.610306739807129,4048.663330078125
"Macao SAR, China",1986,32663.46479098748,7.641263961791992,4124.8359375
"Macao SAR, China",1987,36018.17029094352,7.890625,4299.16162109375
"Macao SAR, China",1988,37707.09367704113,7.690022945404053,3524.277099609375
"Macao SAR, China",1989,38493.33561223893,7.735256671905518,3729.210693359375
"Macao SAR, China",1990,40342.572886431444,7.86608362197876,3522.407958984375
"Macao SAR, China",1991,39832.87010502072,7.854397296905518,3338.55859375
"Macao SAR, China",1992,42787.93140615559,7.6944146156311035,4568.14697265625
"Macao SAR, China",1993,43471.62010896,7.756251335144043,4748.68994140625
"Macao SAR, China",1994,43858.759396950896,7.906986713409424,4910.42041015625
"Macao SAR, China",1995,43920.80470610525,7.688925743103027,4748.70654296875
"Macao SAR, China",1996,43125.28976711026,7.729196071624756,4361.6630859375
"Macao SAR, China",1997,42778.254505941295,7.770346164703369,5263.0146484375
"Macao SAR, China",1998,40339.47720064824,7.948317527770996,4278.67626953125
"Macao SAR, China",1999,38918.031193990995,7.868226051330566,3983.67724609375
"Macao SAR, China",2000,40848.86640752207,7.826571941375732,4484.46142578125
"Macao SAR, China",2001,41709.033188336325,7.886648654937744,4883.94482421875
"Macao SAR, China",2002,44956.892623139596,7.953330993652344,4512.65966796875
"Macao SAR, China",2003,49603.0262289711,7.935136795043945,3554.37646484375
"Macao SAR, China",2004,61282.28337949124,7.886941432952881,3463.055419921875
"Macao SAR, China",2005,63602.91279297436,7.854519367218018,4955.7216796875
"Macao SAR, China",2006,68448.91300674631,7.979820251464844,4684.87890625
"Macao SAR, China",2007,75051.96171751399,7.942494869232178,3733.485595703125
"Macao SAR, China",2008,74756.53068434505,7.80501651763916,4463.83642578125
"Macao SAR, China",2009,76533.96680055001,7.899139881134033,3939.71923828125
"Macao SAR, China",2010,95389.77349531253,7.814150810241699,4140.7265625
"Macao SAR, China",2011,113355.50453583254,7.7059173583984375,3476.63427734375
"Macao SAR, China",2012,119814.56096162529,7.802435874938965,4012.935546875
"Macao SAR, China",2013,127350.61355666262,7.817040920257568,4740.65771484375
"Macao SAR, China",2014,118774.4058621916,7.941713809967041,4443.3017578125
"Macao SAR, China",2015,89871.58681010199,8.082662582397461,4790.951171875
"Macao SAR, China",2016,87928.15552611722,8.065398216247559,5537.55224609375
"Macao SAR, China",2017,97260.49979435878,8.079113006591797,4913.17919921875
"Macao SAR, China",2018,101796.98992820778,8.099299430847168,4831.08642578125
"Macao SAR, China",2019,97356.25802087467,8.245144844055176,5088.74658203125
"Macao SAR, China",2020,43524.516809822984,8.205107688903809,4473.73828125
Madagascar,1961,1038.223663072795,7.7367987632751465,3915.799560546875
Madagascar,1962,1034.5891918137086,7.571398735046387,3216.3330078125
Madagascar,1963,998.810386152762,7.528256416320801,3556.206298828125
Madagascar,1964,1011.8918588432974,7.494401931762695,3711.99560546875
Madagascar,1965,981.4791633077593,7.471277236938477,3937.384765625
Madagascar,1966,975.7252269492934,7.652237415313721,3709.9677734375
Madagascar,1967,1002.4513875872741,7.670777320861816,3668.02880859375
Madagascar,1968,1042.0377310102633,7.502777099609375,3776.80322265625
Madagascar,1969,1051.1096597617436,7.715864658355713,3965.02880859375
Madagascar,1970,1075.5089033953454,7.608495235443115,3466.9921875
Madagascar,1971,1085.7337704009387,7.494384288787842,3884.609375
Madagascar,1972,1040.774475467235,7.56725549697876,4164.1103515625
Madagascar,1973,983.8105019218954,7.5652265548706055,4556.81103515625
Madagascar,1974,973.9306839754605,7.45562219619751,4336.86181640625
Madagascar,1975,956.9312779445088,7.448581695556641,3903.952880859375
Madagascar,1976,899.9479426174684,7.553267478942871,3726.8876953125
Madagascar,1977,893.7270029283969,7.596113204956055,4032.368408203125
Madagascar,1978,843.9065036832305,7.609796524047852,3339.609375
Madagascar,1979,899.3019695229553,7.579864978790283,3890.574951171875
Madagascar,1980,880.807988787183,7.5979766845703125,3750.1728515625
Madagascar,1981,771.1157589298333,7.5767035484313965,3355.3330078125
Madagascar,1982,734.4093523206716,7.589632034301758,4133.9375
Madagascar,1983,719.5351514715276,7.652765274047852,3328.682861328125
Madagascar,1984,711.1395736144462,7.534533500671387,3869.77880859375
Madagascar,1985,698.7749431484127,7.54902458190918,3653.8671875
Madagascar,1986,692.3186924810419,7.521091461181641,3574.600830078125
Madagascar,1987,680.7697870819887,7.680624961853027,3722.927001953125
Madagascar,1988,684.0152656664349,7.657534122467041,3410.783447265625
Madagascar,1989,691.4810558897233,7.582152366638184,4061.990966796875
Madagascar,1990,692.3756761748916,7.649928569793701,3084.68701171875
Madagascar,1991,629.6094251663125,7.291436195373535,3364.089599609375
Madagascar,1992,618.1603911991073,7.244657516479492,3610.9228515625
Madagascar,1993,612.1805207912479,6.912171840667725,2901.73583984375
Madagascar,1994,593.2014899972149,7.442605018615723,2968.587646484375
Madagascar,1995,584.3822091909419,7.6244096755981445,3513.32470703125
Madagascar,1996,578.069788867895,7.606751918792725,3793.938720703125
Madagascar,1997,580.2234172460312,7.678986072540283,3556.209716796875
Madagascar,1998,583.5442508102584,7.746395587921143,3807.965576171875
Madagascar,1999,591.4487780867166,7.591359615325928,3086.60693359375
Madagascar,2000,598.5136453658432,7.603331089019775,3120.275390625
Madagascar,2001,615.0679656667274,7.303825855255127,2624.613525390625
Madagascar,2002,522.8803457079008,7.431437015533447,2802.195068359375
Madagascar,2003,557.464422312414,7.542181968688965,3354.98291015625
Madagascar,2004,569.9065646925388,7.562848091125488,2949.416015625
Madagascar,2005,579.7760473869073,7.389230251312256,2635.993896484375
Madagascar,2006,593.3849182218243,6.9996867179870605,1641.7218017578125
Madagascar,2007,609.1280105635145,7.203701972961426,1628.943603515625
Madagascar,2008,631.2137222457228,7.207289695739746,1593.2579345703125
Madagascar,2009,588.562935780022,7.498125076293945,1756.0794677734375
Madagascar,2010,575.2272619064892,7.427885055541992,2078.655517578125
Madagascar,2011,567.9478628966918,7.457604885101318,2165.4140625
Madagascar,2012,569.087398836622,7.748959541320801,2961.76416015625
Madagascar,2013,566.5587056312771,7.742192268371582,3231.590087890625
Madagascar,2014,569.9904090461554,7.7949018478393555,2980.370361328125
Madagascar,2015,572.531133930524,7.701640605926514,2512.063720703125
Madagascar,2016,580.0349327038256,7.72413969039917,2996.955810546875
Madagascar,2017,587.3571193530095,7.768440246582031,3128.469970703125
Madagascar,2018,590.5436434332372,7.776752471923828,2923.7431640625
Madagascar,2019,600.7608588611702,7.6757097244262695,2493.504150390625
Madagascar,2020,543.7376846862024,7.707022190093994,2829.61328125
Malawi,1961,351.84923040270115,7.587392807006836,2984.48828125
Malawi,1962,345.753866599827,7.536331653594971,2818.376953125
Malawi,1963,332.7102018017802,7.410470008850098,2851.164306640625
Malawi,1964,333.2926285084015,7.452962398529053,2294.435546875
Malawi,1965,369.5368754573589,7.408682346343994,2579.949951171875
Malawi,1966,408.3514603389932,7.548241138458252,2433.6376953125
Malawi,1967,427.3870648626348,7.520471572875977,2779.662841796875
Malawi,1968,408.9011944136123,7.546809196472168,2663.320556640625
Malawi,1969,422.4080477397519,7.618839263916016,2677.282470703125
Malawi,1970,414.10471629106064,7.6245198249816895,2593.697265625
Malawi,1971,469.36614434204364,7.4936065673828125,2579.34326171875
Malawi,1972,486.02802361105876,7.5272440910339355,2512.7021484375
Malawi,1973,484.34595856887665,7.60681676864624,2330.54296875
Malawi,1974,505.2297616652376,7.460444450378418,3119.8427734375
Malawi,1975,521.1790958666077,7.50701379776001,2438.622314453125
Malawi,1976,531.5417561649382,7.505431652069092,2906.110595703125
Malawi,1977,540.639841040122,7.6117844581604,2567.68212890625
Malawi,1978,573.3971173883671,7.5670552253723145,3011.944091796875
Malawi,1979,576.8976898919864,7.538692951202393,2697.57470703125
Malawi,1980,557.3540390316693,7.551878929138184,2876.378662109375
Malawi,1981,507.54301233445483,7.5211286544799805,2427.859130859375
Malawi,1982,500.1091535748391,7.55826473236084,2939.693359375
Malawi,1983,498.63803964399625,7.8432440757751465,2411.57080078125
Malawi,1984,505.2267904224836,7.634162902832031,2650.41259765625
Malawi,1985,508.3748612591524,7.577200412750244,2805.35693359375
Malawi,1986,488.934784094622,7.539187431335449,2739.079833984375
Malawi,1987,473.7125773519988,7.790117263793945,2224.212890625
Malawi,1988,463.0734565953474,7.619234085083008,2714.11328125
Malawi,1989,447.66897258821496,7.592569828033447,3062.406005859375
Malawi,1990,454.8303558511699,7.717338562011719,2356.517333984375
Malawi,1991,479.54882708072273,7.67988920211792,2556.64453125
Malawi,1992,431.63089165851005,7.896221160888672,2216.280517578125
Malawi,1993,466.60662425725246,7.746152400970459,2573.076904296875
Malawi,1994,423.7337846948747,7.8116044998168945,2338.73583984375
Malawi,1995,495.3395247503065,7.859055519104004,2499.736572265625
Malawi,1996,521.2036386268062,7.7127299308776855,2847.08984375
Malawi,1997,530.2238993650105,7.78517484664917,3012.77587890625
Malawi,1998,539.0951456771788,7.849119663238525,2545.653076171875
Malawi,1999,542.6778549761051,7.7406206130981445,2951.88671875
Malawi,2000,538.1691345260405,7.737286567687988,2808.876220703125
Malawi,2001,499.1712165253005,7.713644027709961,2968.9599609375
Malawi,2002,495.37715114899845,7.756232261657715,2312.889404296875
Malawi,2003,510.6969290772708,7.812125205993652,2280.490234375
Malawi,2004,524.6335952867902,7.508244037628174,2435.384521484375
Malawi,2005,527.4659905750091,7.908885955810547,2113.236328125
Malawi,2006,537.2495065202734,7.6152024269104,2224.357421875
Malawi,2007,572.4465835700387,7.70092248916626,2610.526123046875
Malawi,2008,598.5418825592275,7.72878885269165,2301.331787109375
Malawi,2009,629.5005561616011,7.8197855949401855,2629.75732421875
Malawi,2010,653.2303194364434,7.859028339385986,2295.78955078125
Malawi,2011,665.7592072209286,7.6312479972839355,2063.626220703125
Malawi,2012,659.2107919237927,7.675037860870361,1992.1864013671875
Malawi,2013,675.4324116977388,7.692180633544922,2386.482177734375
Malawi,2014,693.6951857188393,7.613544464111328,2385.7236328125
Malawi,2015,693.7501623305193,7.667767524719238,1954.9627685546875
Malawi,2016,691.9716128329329,7.762044429779053,2194.380615234375
Malawi,2017,700.4232191350713,7.655154228210449,2694.669677734375
Malawi,2018,711.6509855215342,7.638040065765381,2613.313720703125
Malawi,2019,732.655436621621,7.701258182525635,2745.2939453125
Malawi,2020,719.2599133126652,7.730642318725586,2023.601318359375
Malaysia,1961,1707.071929169309,8.36961555480957,6409.1318359375
Malaysia,1962,1769.9170224805896,8.377361297607422,6662.4638671875
Malaysia,1963,1850.7811708631486,8.434167861938477,6571.15625
Malaysia,1964,1899.9920267732273,8.41385269165039,6504.3330078125
Malaysia,1965,1994.494108596304,8.37247371673584,6978.64794921875
Malaysia,1966,2097.526722818464,8.445802688598633,6985.28466796875
Malaysia,1967,2127.4687357012044,8.377870559692383,6834.80078125
Malaysia,1968,2245.6615438554372,8.407468795776367,6374.7041015625
Malaysia,1969,2302.800376603987,8.443509101867676,6677.3583984375
Malaysia,1970,2385.220410475422,8.412758827209473,6736.4443359375
Malaysia,1971,2562.967381981085,8.437214851379395,6811.1240234375
Malaysia,1972,2737.0555331986066,8.536784172058105,6129.6025390625
Malaysia,1973,2984.9706716210153,8.53353214263916,6956.44384765625
Malaysia,1974,3156.702489776037,8.443592071533203,6561.443359375
Malaysia,1975,3106.8197456917583,8.4790496826171875,6695.87890625
Malaysia,1976,3384.0173287501457,8.216329574584961,6384.1630859375
Malaysia,1977,3559.850934572441,8.147208213806152,6554.64111328125
Malaysia,1978,3706.6551952251607,8.266951560974121,6094.93798828125
Malaysia,1979,3956.9970859937384,8.370612144470215,6355.7109375
Malaysia,1980,4135.05929752745,8.235856056213379,6690.0029296875
Malaysia,1981,4284.880354064022,8.517657279968262,6685.2265625
Malaysia,1982,4397.2435771239325,8.5330171585083,6306.435546875
Malaysia,1983,4523.981253778122,8.603835105895996,6318.55517578125
Malaysia,1984,4718.850460638558,8.413634300231934,7146.15771484375
Malaysia,1985,4519.430183684582,8.425938606262207,6613.5390625
Malaysia,1986,4427.970858849223,8.465486526489258,6509.349609375
Malaysia,1987,4510.114828283526,8.571211814880371,6312.4794921875
Malaysia,1988,4804.853613787758,8.516942977905273,7268.81982421875
Malaysia,1989,5083.269710643466,8.454523086547852,6445.7353515625
Malaysia,1990,5380.18825058308,8.570501327514648,6152.10986328125
Malaysia,1991,5730.107677473498,8.522743225097656,6403.6513671875
Malaysia,1992,6076.2163479860665,8.491216659545898,6244.93505859375
Malaysia,1993,6508.781490564068,8.459256172180176,6514.068359375
Malaysia,1994,6929.849418645258,8.500537872314453,7099.310546875
Malaysia,1995,7420.008662934695,8.531323432922363,7247.61474609375
Malaysia,1996,7958.845296185413,8.518516540527344,7041.6376953125
Malaysia,1997,8331.805846204585,8.623311996459961,6310.505859375
Malaysia,1998,7531.366169476583,8.565509796142578,6548.93798828125
Malaysia,1999,7805.19829851713,8.523303031921387,7393.23681640625
Malaysia,2000,8299.738480836077,8.564554214477539,7234.71728515625
Malaysia,2001,8144.576754744957,8.573378562927246,6778.35107421875
Malaysia,2002,8378.53994758171,8.60533332824707,6276.53759765625
Malaysia,2003,8656.260675434765,8.512813568115234,6982.337890625
Malaysia,2004,9032.220523741275,8.542081832885742,6648.07080078125
Malaysia,2005,9300.511007375506,8.556814193725586,6597.06640625
Malaysia,2006,9603.652471344689,8.530781745910645,7196.48828125
Malaysia,2007,9989.07627880171,8.543500900268555,7192.03515625
Malaysia,2008,10254.592397994207,8.503466606140137,7768.63623046875
Malaysia,2009,9900.19097482426,8.609098434448242,7520.0205078125
Malaysia,2010,10438.191182531818,8.668370246887207,7068.8662109375
Malaysia,2011,10799.97621571358,8.579096794128418,7526.4052734375
Malaysia,2012,11198.794032090174,8.578737258911133,7294.62548828125
Malaysia,2013,11525.71287816342,8.617053031921387,6990.2353515625
Malaysia,2014,12010.30889190403,8.611003875732422,6597.42333984375
Malaysia,2015,12404.941887512643,8.605937004089355,6320.81884765625
Malaysia,2016,12729.957018599629,8.58657169342041,6810.7607421875
Malaysia,2017,13234.300812404193,8.537973403930664,7573.53271484375
Malaysia,2018,13641.125573854742,8.600543022155762,7298.751953125
Malaysia,2019,14017.552601007328,8.621859550476074,6558.1728515625
Malaysia,2020,13077.068019862269,8.605042457580566,6856.255859375
Maldives,1970,1961.2169277197613,8.821489334106445,2681.734375
Maldives,1971,2001.3612752838633,8.735274314880371,2869.40185546875
Maldives,1972,1988.320769568484,8.737649917602539,2745.59423828125
Maldives,1973,1960.0700340193548,8.611894607543945,2677.819091796875
Maldives,1974,2012.3129022307921,8.392804145812988,2455.475830078125
Maldives,1975,1797.4871269316973,8.632097244262695,3120.71142578125
Maldives,1976,1754.723120373268,8.693970680236816,2820.9111328125
Maldives,1977,1895.5702892146614,8.696345329284668,3268.49951171875
Maldives,1978,2115.0565377594244,8.788818359375,3710.104248046875
Maldives,1979,2279.2928464910046,8.856099128723145,3195.42822265625
Maldives,1980,2629.2508871421182,8.077463150024414,2657.14501953125
Maldives,1981,2857.159304347762,8.889662742614746,2529.911865234375
Maldives,1982,2694.781724640338,8.952844619750977,3167.526123046875
Maldives,1983,3048.9914051644114,9.014370918273926,2389.6318359375
Maldives,1984,3764.31711721623,8.885912895202637,2877.48828125
Maldives,1985,4208.2116366199625,8.9329071044921875,3018.6845703125
Maldives,1986,4444.012064910067,8.981578826904297,2738.83984375
Maldives,1987,4670.167568940485,9.050336837768555,3245.762939453125
Maldives,1988,4910.75717448,8.962925910949707,2595.88916015625
Maldives,1989,5199.799404195422,8.925734519958496,2762.951904296875
Maldives,1990,5891.239641061724,8.992401123046875,2507.304931640625
Maldives,1991,5794.729680320895,8.882497787475586,2955.56787109375
Maldives,1992,6006.608675424504,8.846531867980957,2507.391357421875
Maldives,1993,6176.204877073785,8.84134578704834,3242.93701171875
Maldives,1994,6497.28154090091,8.862942695617676,3064.316162109375
Maldives,1995,7174.333165566031,8.917852401733398,2398.35888671875
Maldives,1996,7570.071527383172,8.871255874633789,2908.646728515625
Maldives,1997,8041.506013144068,8.86483097076416,2844.248046875
Maldives,1998,8485.204931504455,9.002019882202148,2934.512939453125
Maldives,1999,8856.942200008283,8.867116928100586,2969.39892578125
Maldives,2000,9047.314043757806,8.781781196594238,2755.796630859375
Maldives,2001,8546.632123770589,8.920601844787598,1941
Maldives,2002,9015.391346640243,8.938783645629883,1941
Maldives,2003,10086.39593757145,8.95944881439209,2405.855712890625
Maldives,2004,10509.536902212212,8.941302299499512,2836.445556640625
Maldives,2005,9182.049257948776,8.966473579406738,2545.503173828125
Maldives,2006,11083.343418455917,8.814787864685059,3798.476806640625
Maldives,2007,11485.040205227488,8.663856506347656,2636.478759765625
Maldives,2008,12080.72046043282,8.596098899841309,2861.9990234375
Maldives,2009,10688.235916119242,8.646543502807617,3108.15869140625
Maldives,2010,11017.513404024867,8.525352478027344,2949.129150390625
Maldives,2011,11578.433592767067,8.607863426208496,2155.947998046875
Maldives,2012,11452.242560229914,8.690807342529297,2494.90576171875
Maldives,2013,11845.226477827826,8.953802108764648,3148.416015625
Maldives,2014,12357.88514326459,8.97088623046875,2124.5107421875
Maldives,2015,12400.090771403096,8.926587104797363,2812.22119140625
Maldives,2016,12739.724316241618,9.015044212341309,3035.969970703125
Maldives,2017,13195.134652026312,8.906578063964844,2429.4306640625
Maldives,2018,13877.300554712434,8.80045223236084,1940.6168212890625
Maldives,2019,14392.89122222053,8.869486808776855,3225.425048828125
Maldives,2020,9379.679228515633,9.037099838256836,2599.307373046875
Mali,1967,660.7543171764751,9.124506950378418,845.76397705078125
Mali,1968,674.8856196081667,9.214192390441895,789.31182861328125
Mali,1969,666.0724284324752,9.349023818969727,810.96466064453125
Mali,1970,695.8242815559122,9.239645957946777,769.6220703125
Mali,1971,702.345134868281,9.201536178588867,758.42181396484375
Mali,1972,731.261886026186,9.21074390411377,695.4111328125
Mali,1973,708.2363498382559,9.280244827270508,696.30078125
Mali,1974,685.1198900412495,9.07396125793457,801.39013671875
Mali,1975,751.138971017696,9.0398530960083,802.72125244140625
Mali,1976,838.3011422388743,9.0572357177734375,786.498046875
Mali,1977,875.1775167114414,9.193755149841309,729.69647216796875
Mali,1978,845.8283838406325,9.251320838928223,798.65399169921875
Mali,1979,915.3221400797233,9.282038688659668,765.35943603515625
Mali,1980,857.6727982318566,9.331274032592773,750.54400634765625
Mali,1981,858.4694090303002,9.237631797790527,747.91278076171875
Mali,1982,769.5310590267508,9.192317008972168,702.5982666015625
Mali,1983,735.5201012250617,9.38914680480957,647.13311767578125
Mali,1984,699.6774557623801,9.324350357055664,689.4027099609375
Mali,1985,776.2728281560875,9.287410736083984,716.3018798828125
Mali,1986,756.2106680033479,9.206266403198242,736.020751953125
Mali,1987,737.4200423770366,9.479463577270508,685.43072509765625
Mali,1988,802.9671812234109,9.273378372192383,816.1719970703125
Mali,1989,816.4960816275714,9.24795150756836,761.35235595703125
Mali,1990,758.2518845125761,9.407867431640625,700.36456298828125
Mali,1991,837.4328246984829,9.354172706604004,776.22381591796875
Mali,1992,779.1991223251565,9.258563995361328,765.33441162109375
Mali,1993,796.30622705029,9.361391067504883,731.1431884765625
Mali,1994,822.9278915598193,9.222480773925781,867.28057861328125
Mali,1995,811.1556475910227,9.365361213684082,763.69830322265625
Mali,1996,844.3941635394725,9.419672012329102,746.9244384765625
Mali,1997,859.4398179245557,9.412537574768066,772.85284423828125
Mali,1998,893.6976284680483,9.48835277557373,797.7694091796875
Mali,1999,910.0967296978288,9.333202362060547,876.1822509765625
Mali,2000,877.4610641167814,9.381623268127441,757.18109130859375
Mali,2001,986.0518424663387,9.380765914916992,692.32373046875
Mali,2002,984.9118790509111,9.437766075134277,675.55682373046875
Mali,2003,1047.568360931946,9.441004753112793,814.054931640625
Mali,2004,1029.1748435385787,9.437867164611816,668.74176025390625
Mali,2005,1021.2956781748203,9.484557151794434,745.50787353515625
Mali,2006,1024.801941851758,9.371102333068848,657.76873779296875
Mali,2007,1009.1083559378027,9.419024467468262,703.72271728515625
Mali,2008,1012.0173001016042,9.305320739746094,793.9423828125
Mali,2009,1033.0124448982303,9.467733383178711,746.030517578125
Mali,2010,1055.7616541313248,9.589366912841797,868.42108154296875
Mali,2011,1052.184613574818,9.473954200744629,680.6329345703125
Mali,2012,1010.9462823128365,9.347240447998047,797.17340087890625
Mali,2013,1014.1552651657321,9.486309051513672,697.43048095703125
Mali,2014,1046.4976548015234,9.406618118286133,686.4571533203125
Mali,2015,1077.5389480145877,9.442437171936035,679.055419921875
Mali,2016,1106.6376032663043,9.485017776489258,744.952880859375
Mali,2017,1129.5330246417548,9.471257209777832,691.05841064453125
Mali,2018,1148.0683821851808,9.440935134887695,782.28863525390625
Mali,2019,1169.6324671360296,10.275823593139648,659.4249267578125
Mali,2020,1121.5980190283844,9.46983814239502,776.7574462890625
Malta,1970,4028.2940773248256,6.569208145141602,947.22308349609375
Malta,1971,4126.466434142757,6.56674861907959,1191.9476318359375
Malta,1972,4370.993043372957,6.587588310241699,1238.603271484375
Malta,1973,4555.986363686197,6.613217830657959,1460.02392578125
Malta,1974,5016.6300337731745,6.554356575012207,829.96795654296875
Malta,1975,5954.000236078533,6.518240928649902,1344.9742431640625
Malta,1976,6931.834772567565,6.456710338592529,1574.077880859375
Malta,1977,7746.123217315204,6.725835800170898,955.93292236328125
Malta,1978,8521.514873674678,6.5406694412231445,1114.2525634765625
Malta,1979,9320.534101096562,6.721866607666016,1373.775146484375
Malta,1980,9873.526047890788,6.503716468811035,1115.9688720703125
Malta,1981,10125.780366512545,6.6980671882629395,848.30267333984375
Malta,1982,10137.30722460656,6.798403739929199,1529.1861572265625
Malta,1983,9934.214898784827,6.761817455291748,1151.82177734375
Malta,1984,10025.739085138166,6.592223167419434,1240.4608154296875
Malta,1985,10105.829904612445,6.7992963790893555,1150.0040283203125
Malta,1986,10324.499417402923,6.723438739776611,1476.5513916015625
Malta,1987,10675.126087560342,6.864292144775391,846.8067626953125
Malta,1988,11478.723635898199,6.922343730926514,1342.4595947265625
Malta,1989,12297.30717921338,6.827034950256348,1168.5584716796875
Malta,1990,12943.727149818798,6.9138078689575195,1369.4140625
Malta,1991,13387.829969868988,6.666749477386475,1331.384033203125
Malta,1992,13871.994183280516,6.81348180770874,1307.7315673828125
Malta,1993,14349.528707286634,6.767975807189941,1170.5419921875
Malta,1994,15019.306421385449,7.049166679382324,1259.8956298828125
Malta,1995,15860.945024041783,6.848740100860596,1536.159423828125
Malta,1996,16352.355744464516,6.771255016326904,1403.0992431640625
Malta,1997,17082.22849305728,6.950100421905518,1392.1856689453125
Malta,1998,17841.45959940274,6.8935956954956055,1189.38525390625
Malta,1999,18573.13233196307,7.037295818328857,1531.481201171875
Malta,2000,22085.58867010601,6.981796741485596,1341.166015625
Malta,2001,21754.34244602028,7.065844535827637,1213.61767578125
Malta,2002,22184.65222974784,6.973374843597412,1293.267333984375
Malta,2003,22853.19206427108,7.072873592376709,1524.936279296875
Malta,2004,22792.688160019836,6.883760929107666,1163.0230712890625
Malta,2005,23300.39939026689,6.8530144691467285,1386.2132568359375
Malta,2006,23758.02372898331,7.041891574859619,1564.640380859375
Malta,2007,24867.694478187103,6.979615688323975,1343.0316162109375
Malta,2008,25796.11709352696,7.033966541290283,1316.615234375
Malta,2009,25245.152639858938,7.019620418548584,1530.0364990234375
Malta,2010,26678.32153234311,7.06215238571167,1218.49853515625
Malta,2011,26829.10801866265,6.918787956237793,1260.0650634765625
Malta,2012,27679.53123751887,7.117609024047852,1178.98974609375
Malta,2013,29090.03102327219,7.063811302185059,1294.2562255859375
Malta,2014,30683.69744685041,7.115123748779297,1114.9173583984375
Malta,2015,32822.54361443517,7.067463397979736,1314.218505859375
Malta,2016,33388.01727593323,7.174986362457275,1481.5743408203125
Malta,2017,36701.358391467176,7.029497146606445,1328.5233154296875
Malta,2018,37974.3509314991,7.116873741149902,1324.4544677734375
Malta,2019,37956.167360611595,7.070372104644775,1251.83251953125
Malta,2020,35820.88626599138,7.1075544357299805,1311.2613525390625
Marshall Islands,1970,2621.0433074978023,7.941982269287109,5256.130859375
Marshall Islands,1971,2585.643978570124,7.833549976348877,6821.3935546875
Marshall Islands,1972,2545.422001957781,7.887722969055176,6818.54833984375
Marshall Islands,1973,3327.2167235869,7.9599223136901855,6191.32666015625
Marshall Islands,1974,3728.595322105088,7.87467622756958,6942.0556640625
Marshall Islands,1975,3608.4493315711256,7.853847503662109,6527.439453125
Marshall Islands,1976,3505.2882616455045,7.804057598114014,6608.23681640625
Marshall Islands,1977,3476.608326656921,7.942149639129639,6095.40283203125
Marshall Islands,1978,3557.0288567244593,7.920654296875,7093.10986328125
Marshall Islands,1979,3519.490563081575,7.92462158203125,6285.6435546875
Marshall Islands,1980,3156.2976048692444,7.899716377258301,6475.91748046875
Marshall Islands,1981,3229.028636271385,7.962370872497559,6173.7900390625
Marshall Islands,1982,3245.1573009514236,7.928926467895508,6614.1884765625
Marshall Islands,1983,3596.1582043499243,8.01193904876709,5630.74658203125
Marshall Islands,1984,3585.527798248255,8.02469253540039,5916.294921875
Marshall Islands,1985,3227.9203465431942,8.00776195526123,6550.1533203125
Marshall Islands,1986,3864.079552181495,7.982313632965088,7479.5927734375
Marshall Islands,1987,4066.2977328617158,7.946476459503174,6069.373046875
Marshall Islands,1988,4228.399276169558,7.950413227081299,6098.6083984375
Marshall Islands,1989,4036.226096663348,7.961183547973633,6332.6611328125
Marshall Islands,1990,4047.392559300323,7.93656587600708,6787.01318359375
Marshall Islands,1991,3967.470053038748,7.696366310119629,6951.3193359375
Marshall Islands,1992,4175.6413579828395,7.749217510223389,5655.7783203125
Marshall Islands,1993,4360.175316655345,7.643406391143799,6621.5244140625
Marshall Islands,1994,4556.560864798553,7.744067192077637,6190.33251953125
Marshall Islands,1995,4874.208552644026,7.7307634353637695,6240.12548828125
Marshall Islands,1996,4326.39595090827,7.719324111938477,6565.513671875
Marshall Islands,1997,4007.7610256126063,7.7224578857421875,6637.57763671875
Marshall Islands,1998,3944.073687572775,7.847234725952148,5396.0419921875
Marshall Islands,1999,3853.836285330797,7.7811689376831055,5714.1572265625
Marshall Islands,2000,3909.1800210595643,7.716222286224365,6259.056640625
Marshall Islands,2001,4145.991800419161,7.640166759490967,5808.90283203125
Marshall Islands,2002,4271.498248252879,7.651551246643066,5920.01171875
Marshall Islands,2003,4187.36601816049,7.6544976234436035,5957.787109375
Marshall Islands,2004,4158.027477442796,7.670192718505859,6423.8681640625
Marshall Islands,2005,4223.122324438705,7.642077922821045,6166.16064453125
Marshall Islands,2006,4223.555277756636,7.6482696533203125,5652.28369140625
Marshall Islands,2007,4375.7232094952,7.546929836273193,5620.79638671875
Marshall Islands,2008,4045.029504503999,7.552799701690674,5536.04931640625
Marshall Islands,2009,4194.176314336972,9.341940879821777,4971.25
Marshall Islands,2010,4424.373249522191,13.752019882202148,6251.046875
Marshall Islands,2011,4413.7589441060045,10.344118118286133,6290.95751953125
Marshall Islands,2012,4398.140039496148,8.273575782775879,6146.88623046875
Marshall Islands,2013,4632.148117326446,7.882907867431641,5443.943359375
Marshall Islands,2014,4655.090286636744,8.80627727508545,6492.833984375
Marshall Islands,2015,4839.6747344231435,7.981603145599365,5905.83984375
Marshall Islands,2016,5074.308258013504,8.914380073547363,4585.06591796875
Marshall Islands,2017,5388.12587257271,8.468674659729004,6184.826171875
Marshall Islands,2018,5839.9181440301745,7.6545586585998535,7275.90966796875
Marshall Islands,2019,6637.635562909324,7.808670997619629,5872.015625
Marshall Islands,2020,6650.1839791127995,7.847676753997803,6615.26513671875
Mauritania,1961,1617.7369074196959,9.218343734741211,331.22320556640625
Mauritania,1962,1586.340694766307,9.135702133178711,345.32952880859375
Mauritania,1963,1512.6869664953558,9.202914237976074,335.502685546875
Mauritania,1964,1877.8973543565462,9.184820175170898,357.5935974121094
Mauritania,1965,2118.970524810818,9.127352714538574,415.73834228515625
Mauritania,1966,2062.123240452739,9.242568016052246,369.3382568359375
Mauritania,1967,2072.5247764433293,9.035106658935547,393.8084716796875
Mauritania,1968,2215.6557414319673,9.064146041870117,304.71124267578125
Mauritania,1969,2175.993312529772,9.277721405029297,391.6114196777344
Mauritania,1970,2363.5740716228224,9.2243194580078125,325.58203125
Mauritania,1971,2335.162396981133,9.019883155822754,288.6541442871094
Mauritania,1972,2249.295322121488,9.05094051361084,272.85565185546875
Mauritania,1973,2082.9124434258893,9.151598930358887,294.593017578125
Mauritania,1974,2267.7733559265716,9.005575180053711,326.7548522949219
Mauritania,1975,2088.781131659479,9.016777038574219,327.360595703125
Mauritania,1976,2201.7782905985355,8.959006309509277,342.3954162597656
Mauritania,1977,2099.083969047127,9.198310852050781,261.90625
Mauritania,1978,2030.0883178154484,9.195625305175781,333.0067443847656
Mauritania,1979,2067.8723437309814,9.24983024597168,336.59173583984375
Mauritania,1980,2077.7151908301553,9.189140319824219,298.31005859375
Mauritania,1981,2088.7069282393536,9.19533634185791,306.4299011230469
Mauritania,1982,1981.9516916376247,9.094703674316406,263.2394714355469
Mauritania,1983,1997.6732157923075,9.399852752685547,245.2676544189453
Mauritania,1984,1878.3287198590842,9.20711612701416,266.73297119140625
Mauritania,1985,1879.5537996657943,9.143531799316406,295.4977111816406
Mauritania,1986,1930.5417496248767,9.086339950561523,302.16387939453125
Mauritania,1987,1911.3891625055323,9.410416603088379,296.9945983886719
Mauritania,1988,1888.9101117925381,9.125565528869629,318.8980407714844
Mauritania,1989,1930.0782305868347,9.207512855529785,353.411376953125
Mauritania,1990,1848.4612987084117,9.295470237731934,277.1456604003906
Mauritania,1991,1827.3449632169597,9.19895076751709,283.4595031738281
Mauritania,1992,1791.7000533788273,9.208856582641602,289.6689758300781
Mauritania,1993,1821.7410936122685,9.181182861328125,323.905029296875
Mauritania,1994,1707.0031880275899,9.114555358886719,332.0841064453125
Mauritania,1995,1823.9002198200535,9.291204452514648,335.93743896484375
Mauritania,1996,1892.241727440386,9.292104721069336,295.2332763671875
Mauritania,1997,1775.7085946186041,9.374810218811035,303.580810546875
Mauritania,1998,1778.3179080596876,9.447322845458984,281.2452697753906
Mauritania,1999,1795.0056781746182,9.248677253723145,280.3004455566406
Mauritania,2000,1677.3318418787576,9.302436828613281,264.5342712402344
Mauritania,2001,1623.348538961365,9.440228462219238,274.8878173828125
Mauritania,2002,1609.7813732581694,9.36545467376709,238.2388153076172
Mauritania,2003,1682.3699468474997,9.326921463012695,270.1238098144531
Mauritania,2004,1721.074296928984,9.328909873962402,220.66973876953125
Mauritania,2005,1823.7528519653067,9.402128219604492,284.31304931640625
Mauritania,2006,2104.68273658064,9.2641143798828125,218.49435424804688
Mauritania,2007,2010.2693371409218,9.273395538330078,246.1360321044922
Mauritania,2008,1946.8337584210437,9.348810195922852,293.3499450683594
Mauritania,2009,1888.7073904107904,9.363710403442383,287.5407409667969
Mauritania,2010,1877.3132457240906,9.504243850708008,332.95782470703125
Mauritania,2011,1893.2048767311376,9.344590187072754,229.88987731933594
Mauritania,2012,1914.3145739046056,9.287454605102539,282.93536376953125
Mauritania,2013,1932.2233946560552,9.386494636535645,276.12152099609375
Mauritania,2014,1955.0372018242388,9.29831314086914,226.84539794921875
Mauritania,2015,1999.1389631907682,9.360779762268066,259.54083251953125
Mauritania,2016,1964.5579238868127,9.386931419372559,242.83204650878906
Mauritania,2017,2026.2916317946087,9.396169662475586,205.93597412109375
Mauritania,2018,2060.790674803559,9.237412452697754,251.98550415039063
Mauritania,2019,2063.661531886671,9.518270492553711,211.312744140625
Mauritania,2020,1997.0268481195833,9.420001983642578,282.53167724609375
Mauritius,1961,2248.150612943367,7.770802974700928,5141.2724609375
Mauritius,1962,2202.883275882265,7.610466480255127,5311.9404296875
Mauritius,1963,2444.3530085496577,7.57532262802124,4304.90185546875
Mauritius,1964,2221.8000174232957,7.556487083435059,5304.39892578125
Mauritius,1965,2242.2268647765595,7.528736114501953,6151.20361328125
Mauritius,1966,2117.746938121244,7.659265995025635,4254.0673828125
Mauritius,1967,2167.999468493973,7.728016376495361,4929.53759765625
Mauritius,1968,1981.9814560458854,7.555997371673584,5068.54345703125
Mauritius,1969,2043.93258657596,7.7507805824279785,4545.69873046875
Mauritius,1970,2002.2035628031701,7.704111576080322,4815.68701171875
Mauritius,1971,2054.856470809866,7.597712993621826,4463.177734375
Mauritius,1972,2192.856520715812,7.698866844177246,6198.09228515625
Mauritius,1973,2419.3494778736804,7.692782402038574,4888.56689453125
Mauritius,1974,2592.8932584437116,7.531611442565918,5342.54443359375
Mauritius,1975,2575.446032046487,7.649890422821045,4959.68701171875
Mauritius,1976,3136.1724165690875,7.700833797454834,5355.4677734375
Mauritius,1977,3287.5815345606125,7.7827043533325195,5703.97265625
Mauritius,1978,3369.203248022989,7.736095428466797,4320.42626953125
Mauritius,1979,3427.507029456498,7.694825649261475,5821.20654296875
Mauritius,1980,3031.118407558092,7.700733661651611,5246.74853515625
Mauritius,1981,3162.2076060865684,7.716271877288818,4564.27197265625
Mauritius,1982,3295.5041524483754,7.684685707092285,7321.462890625
Mauritius,1983,3277.8675988272153,7.569518089294434,4159.60546875
Mauritius,1984,3396.1731301579853,7.595495223999023,4644.32568359375
Mauritius,1985,3602.7921021109405,7.6595458984375,6190.9970703125
Mauritius,1986,3923.6653018393527,7.657660007476807,4721.39599609375
Mauritius,1987,4240.676521909389,7.823332786560059,6497.7978515625
Mauritius,1988,4497.607202988547,7.7541046142578125,4485.13525390625
Mauritius,1989,4662.58352045333,7.651298522949219,5132.03662109375
Mauritius,1990,4962.198528158911,7.713538646697998,3502.975341796875
Mauritius,1991,5126.654044459362,7.514865398406982,4932.07861328125
Mauritius,1992,5389.1615151367905,7.337120056152344,4297.28466796875
Mauritius,1993,5596.30083614281,7.067417144775391,5974.9736328125
Mauritius,1994,5746.747787398717,7.441670894622803,4664.67822265625
Mauritius,1995,5941.837022952685,7.568540096282959,4436.595703125
Mauritius,1996,6210.0178330092,7.500693321228027,3932.390380859375
Mauritius,1997,6481.545717131185,7.650492191314697,4825.150390625
Mauritius,1998,6803.1936824496415,7.677880764007568,6183.54052734375
Mauritius,1999,6892.638580708214,7.5966033935546875,3769.166015625
Mauritius,2000,7385.0980285473515,7.614934921264648,4524.00048828125
Mauritius,2001,7572.255824543859,7.330583572387695,4563.3564453125
Mauritius,2002,7641.307999056256,7.526889324188232,4758.85986328125
Mauritius,2003,8035.7271358520875,7.737366676330566,5265.43115234375
Mauritius,2004,8331.265855928501,7.690169334411621,5543.02734375
Mauritius,2005,8429.299785195213,7.432693004608154,5582.43896484375
Mauritius,2006,8798.29970168679,7.274644374847412,5112.29443359375
Mauritius,2007,9259.902228537645,7.281541347503662,4906.455078125
Mauritius,2008,9723.502850092751,7.2513017654418945,5016.5419921875
Mauritius,2009,10019.204340306569,7.379786014556885,4587.39404296875
Mauritius,2010,10432.917210527474,7.639726638793945,5704.7109375
Mauritius,2011,10840.948732072238,7.614286422729492,5346.66650390625
Mauritius,2012,11188.888925125095,7.842621326446533,4206.720703125
Mauritius,2013,11536.90874772527,7.861449241638184,4600.56884765625
Mauritius,2014,11956.758785705331,7.901716232299805,4215.34375
Mauritius,2015,12381.625106880449,7.84158182144165,5287.26171875
Mauritius,2016,12851.028698375645,7.822210788726807,4216.2587890625
Mauritius,2017,13345.061823531898,7.918008804321289,4563.9140625
Mauritius,2018,13872.196501359978,7.802107334136963,6613.93115234375
Mauritius,2019,14268.681262546195,7.606204032897949,5269.53076171875
Mauritius,2020,12192.802798008735,7.760790824890137,4307.73291015625
Mexico,1961,5424.441741979313,7.194815158843994,1855.0128173828125
Mexico,1962,5497.675313098234,7.33638334274292,1710.56640625
Mexico,1963,5752.987547905323,7.310904502868652,1768.4549560546875
Mexico,1964,6230.1570739261615,7.1841630935668945,1710.514892578125
Mexico,1965,6455.756785417743,7.248142242431641,1774.326416015625
Mexico,1966,6626.0641980169485,7.133214473724365,1876.608642578125
Mexico,1967,6785.863677466597,7.222472667694092,1954.99169921875
Mexico,1968,7185.631270302025,7.087299346923828,1896.6160888671875
Mexico,1969,7195.075340276804,7.2836174964904785,1888.513671875
Mexico,1970,7424.403492722657,7.165982723236084,1781.487548828125
Mexico,1971,7468.9238265179165,7.231333255767822,1866.0430908203125
Mexico,1972,7841.51433665202,7.319976806640625,1873.618408203125
Mexico,1973,8209.205947205137,7.178985118865967,1947.229736328125
Mexico,1974,8433.04483587535,7.219147682189941,1829.2301025390625
Mexico,1975,8666.166057705423,7.158881664276123,1766.4105224609375
Mexico,1976,8800.834179013811,7.126743316650391,1984.068359375
Mexico,1977,8856.384846933102,7.32359504699707,1702.1666259765625
Mexico,1978,9397.684803615035,7.234779357910156,1948.736083984375
Mexico,1979,10046.870304802971,7.151704788208008,1743.497314453125
Mexico,1980,10658.510318609857,7.300656795501709,1786.2509765625
Mexico,1981,11410.34304235503,7.28776216506958,2061.746337890625
Mexico,1982,11155.138856359305,7.288804054260254,1681.2401123046875
Mexico,1983,10411.955597471755,7.254788875579834,1984.556396484375
Mexico,1984,10552.615970794981,7.239018440246582,2033.28515625
Mexico,1985,10534.924127055598,7.217831134796143,1848.0994873046875
Mexico,1986,9917.098769401364,7.333618640899658,1844.43603515625
Mexico,1987,9920.808115023921,7.221929550170898,1711.67431640625
Mexico,1988,9845.249956887814,7.264298439025879,1896.5823974609375
Mexico,1989,10007.344092903732,7.358036041259766,1820.037353515625
Mexico,1990,10332.687744020597,7.357326984405518,2024.89697265625
Mexico,1991,10538.587365438272,7.365879058837891,1937.93505859375
Mexico,1992,10709.905019273614,7.334244728088379,1981.435302734375
Mexico,1993,10814.727551035718,7.337095260620117,1951.671875
Mexico,1994,11086.881924769488,7.445083141326904,1789.9476318359375
Mexico,1995,10247.550223994001,7.445679664611816,1938.7216796875
Mexico,1996,10697.548120929387,7.405813694000244,1862.8984375
Mexico,1997,11276.342729453958,7.363566875457764,1890.2525634765625
Mexico,1998,11779.10148646421,7.557682037353516,1911.37939453125
Mexico,1999,11911.63012563061,7.4861159324646,1924.9561767578125
Mexico,2000,12319.175251262586,7.533990859985352,1864.6168212890625
Mexico,2001,12083.103316142835,7.461186408996582,1860.9296875
Mexico,2002,11882.447612869582,7.450385570526123,1937.489501953125
Mexico,2003,11856.371564344898,7.476952075958252,1995.0673828125
Mexico,2004,12112.595139949422,7.407835483551025,2070.722900390625
Mexico,2005,12202.884029280465,7.517111778259277,1877.4005126953125
Mexico,2006,12617.266731078593,7.555184364318848,1920.525146484375
Mexico,2007,12699.378477299739,7.464510917663574,1943.5980224609375
Mexico,2008,12633.355688035273,7.463085651397705,1951.014892578125
Mexico,2009,11666.250614705286,7.553506851196289,1748.349609375
Mexico,2010,12071.167842871226,7.4063401222229,1992.0634765625
Mexico,2011,12311.41586367351,7.6146063804626465,1807.40380859375
Mexico,2012,12577.012291652245,7.644041061401367,1879.81591796875
Mexico,2013,12520.691080055614,7.4992995262146,2133.93505859375
Mexico,2014,12679.818321596222,7.55318021774292,2044.332275390625
Mexico,2015,12883.926638522884,7.60187292098999,1958.3831787109375
Mexico,2016,12985.832728309148,7.635181903839111,1962.5833740234375
Mexico,2017,13105.74720075962,7.739692211151123,2034.54541015625
Mexico,2018,13238.294300416139,7.631624221801758,1982.049072265625
Mexico,2019,13061.613142860553,7.662493705749512,1862.8480224609375
Mexico,2020,11872.631276623377,7.744456768035889,1781.5028076171875
"Micronesia, Fed. Sts.",1970,2175.5383653617714,7.6500563621521,3875.298828125
"Micronesia, Fed. Sts.",1971,2162.698604128236,7.56514310836792,4622.45751953125
"Micronesia, Fed. Sts.",1972,2128.1434484838232,7.5922393798828125,4369.626953125
"Micronesia, Fed. Sts.",1973,2774.140726525857,7.632725715637207,3523.92041015625
"Micronesia, Fed. Sts.",1974,3113.5535363793892,7.5882649421691895,4393.3486328125
"Micronesia, Fed. Sts.",1975,3038.2794813687956,7.582131385803223,4239.35791015625
"Micronesia, Fed. Sts.",1976,2977.5245223355064,7.55299186706543,4919.49560546875
"Micronesia, Fed. Sts.",1977,2976.3157505254408,7.678264617919922,3625.09716796875
"Micronesia, Fed. Sts.",1978,3057.709612342806,7.639120578765869,3730.726806640625
"Micronesia, Fed. Sts.",1979,3026.8212623736536,7.649162769317627,4418.11328125
"Micronesia, Fed. Sts.",1980,2723.611466831523,7.688697338104248,4288.576171875
"Micronesia, Fed. Sts.",1981,2899.049937128367,7.708799362182617,4154.591796875
"Micronesia, Fed. Sts.",1982,2739.7994036642613,7.658746719360352,4358.49853515625
"Micronesia, Fed. Sts.",1983,2711.515669478833,7.7513508796691895,3074.56201171875
"Micronesia, Fed. Sts.",1984,2529.776197471889,7.752899646759033,3576.797119140625
"Micronesia, Fed. Sts.",1985,2865.2828727817214,7.680950164794922,4213.181640625
"Micronesia, Fed. Sts.",1986,3008.1039631700037,7.662696361541748,4007.266845703125
"Micronesia, Fed. Sts.",1987,2961.4483038726657,7.692288875579834,4286.458984375
"Micronesia, Fed. Sts.",1988,2966.4649851778227,7.735125541687012,3699.965087890625
"Micronesia, Fed. Sts.",1989,3011.9389594165264,7.674178600311279,4715.4345703125
"Micronesia, Fed. Sts.",1990,3066.232849619523,7.6847710609436035,4298.68359375
"Micronesia, Fed. Sts.",1991,3234.1542921185232,7.656337738037109,4745.23583984375
"Micronesia, Fed. Sts.",1992,3297.920164866266,7.639323711395264,3724.085693359375
"Micronesia, Fed. Sts.",1993,3491.1113643194326,7.608425617218018,5243.501953125
"Micronesia, Fed. Sts.",1994,3408.4932361423666,7.537452697753906,4304.9794921875
"Micronesia, Fed. Sts.",1995,3609.3611114810146,7.497616767883301,3650.827392578125
"Micronesia, Fed. Sts.",1996,3473.7164787558177,7.464910507202148,4166.14306640625
"Micronesia, Fed. Sts.",1997,3247.3724319732114,7.421481132507324,3719.84814453125
"Micronesia, Fed. Sts.",1998,3330.319191577507,7.410480499267578,2957.149169921875
"Micronesia, Fed. Sts.",1999,3358.7740564329724,7.430405616760254,4424.26416015625
"Micronesia, Fed. Sts.",2000,3502.6866855090907,7.531435966491699,4520.845703125
"Micronesia, Fed. Sts.",2001,3556.252080613239,7.553585529327393,4117.33154296875
"Micronesia, Fed. Sts.",2002,3569.3779700207133,7.5455451011657715,4364.8330078125
"Micronesia, Fed. Sts.",2003,3637.5706131272655,7.526761531829834,4541.134765625
"Micronesia, Fed. Sts.",2004,3532.84492401023,7.56878137588501,4209.951171875
"Micronesia, Fed. Sts.",2005,3631.2432097965702,7.555184841156006,4176.27587890625
"Micronesia, Fed. Sts.",2006,3646.3715343976683,7.826672554016113,3845.486083984375
"Micronesia, Fed. Sts.",2007,3611.2084302315825,7.566561222076416,4199.6611328125
"Micronesia, Fed. Sts.",2008,3548.398253618332,7.592353820800781,3257.72900390625
"Micronesia, Fed. Sts.",2009,3619.9080782440856,8.864433288574219,3094.851318359375
"Micronesia, Fed. Sts.",2010,3709.0288688438263,13.200550079345703,3509.5947265625
"Micronesia, Fed. Sts.",2011,3843.7208945596467,9.303462982177734,4441.7998046875
"Micronesia, Fed. Sts.",2012,3771.875437282025,7.70531702041626,3987.278564453125
"Micronesia, Fed. Sts.",2013,3625.4427733457333,7.7031779289245605,3290.09521484375
"Micronesia, Fed. Sts.",2014,3522.735585742905,7.852858543395996,4264.2685546875
"Micronesia, Fed. Sts.",2015,3668.0922306614066,7.636756896972656,4637.37890625
"Micronesia, Fed. Sts.",2016,3690.4856520942453,7.661342144012451,3810.773193359375
"Micronesia, Fed. Sts.",2017,3756.7978065650127,7.672079086303711,4400.05615234375
"Micronesia, Fed. Sts.",2018,3742.1683452723996,7.735513210296631,4506.8095703125
"Micronesia, Fed. Sts.",2019,3881.7363970599636,7.734879016876221,4403.2880859375
"Micronesia, Fed. Sts.",2020,3794.9802749402193,7.701958179473877,4219.52490234375
Moldova,1990,4808.50673145748,4.956973075866699,1090.241455078125
Moldova,1991,4034.195545286893,4.731518268585205,1323.713623046875
Moldova,1992,2860.8213061904808,4.872937202453613,1219.240234375
Moldova,1993,2831.239366477797,4.660010814666748,1264.514892578125
Moldova,1994,1962.467079867984,4.923198223114014,1213.8917236328125
Moldova,1995,1943.8674997734954,4.7167744636535645,1491.194091796875
Moldova,1996,1833.292191779144,4.608298301696777,1353.9981689453125
Moldova,1997,1870.3922939955598,4.4700422286987305,1470.6820068359375
Moldova,1998,1748.7339409160543,4.7118821144104,1357.3236083984375
Moldova,1999,1692.4874304290781,4.915277004241943,1391.0723876953125
Moldova,2000,1731.6784257315135,4.957550048828125,1225.73486328125
Moldova,2001,1841.4241121159514,4.749820232391357,1338.9124755859375
Moldova,2002,1989.6575055610617,4.891709327697754,1394.274169921875
Moldova,2003,2126.95603589308,4.617927551269531,1188.02587890625
Moldova,2004,2290.0103371913588,4.743017673492432,1406.24267578125
Moldova,2005,2467.7583345555686,4.718506813049316,1432.7083740234375
Moldova,2006,2593.408396381461,4.689316749572754,1270.0218505859375
Moldova,2007,2677.4075155708124,5.1046319007873535,1238.6617431640625
Moldova,2008,2891.7444814204873,4.933191299438477,1235.0191650390625
Moldova,2009,2721.6741143687527,4.922402858734131,1256.15576171875
Moldova,2010,2917.824476795449,4.861279010772705,1474.4267578125
Moldova,2011,3089.3746150107895,4.713649749755859,1139.542724609375
Moldova,2012,3071.5581647784325,4.943663120269775,1358.280517578125
Moldova,2013,3350.242958448017,4.967258453369141,1359.5137939453125
Moldova,2014,3519.8880657012614,4.951076030731201,1487.621826171875
Moldova,2015,3534.993978182067,5.103693008422852,1254.162109375
Moldova,2016,3742.5043379584713,4.936853408813477,1385.69189453125
Moldova,2017,3966.6957668535333,4.919395446777344,1379.2960205078125
Moldova,2018,4201.53872124043,4.959911346435547,1281.1866455078125
Moldova,2019,4420.977099408987,5.190894603729248,1117.1453857421875
Moldova,2020,4099.869606309829,5.256964683532715,1235.3255615234375
Monaco,1970,93644.7004177144,5.12833309173584,1754.75
Monaco,1971,97149.16228814451,5.140833377838135,2200.610107421875
Monaco,1972,100495.45339242087,5.063333511352539,2624.7900390625
Monaco,1973,106184.77866639107,5.127500057220459,2178.929931640625
Monaco,1974,110219.56664810475,5.221250057220459,2129.489990234375
Monaco,1975,108013.25156530597,5.175416946411133,2164.169921875
Monaco,1976,111058.08376892158,5.231666564941406,2391.170166015625
Monaco,1977,113349.62837423358,5.137083530426025,2575.489990234375
Monaco,1978,116360.568291229,5.024166584014893,2010.1500244140625
Monaco,1979,119187.26307112505,5.177917003631592,2348.75
Monaco,1980,120168.34630391549,4.958750247955322,1739.3099365234375
Monaco,1981,120516.91270549923,5.168333530426025,1846.010009765625
Monaco,1982,122247.95578933516,5.363749980926514,1899.650146484375
Monaco,1983,121943.41411602167,5.327499866485596,1939.130126953125
Monaco,1984,122025.42605224783,5.0704169273376465,2388.989990234375
Monaco,1985,122490.57130543074,5.18583345413208,1785.8699951171875
Monaco,1986,123932.97702977991,5.256666660308838,1951.72998046875
Monaco,1987,125489.55587497936,5.27791690826416,2212.469970703125
Monaco,1988,129783.80161043748,5.355000019073486,1920.1700439453125
Monaco,1989,133825.97505368706,5.493333339691162,1703.1099853515625
Monaco,1990,136123.8106548047,5.4395833015441895,1886.7899169921875
Monaco,1991,136306.81837772968,5.21708345413208,2059.489990234375
Monaco,1992,136997.61267956567,5.340000152587891,2127.81005859375
Monaco,1993,134659.98362250268,5.240417003631592,2115.89013671875
Monaco,1994,136595.03904272447,5.535833358764648,2249.47021484375
Monaco,1995,138454.34933458598,5.383749961853027,2094.429931640625
Monaco,1996,138989.6546057016,5.202916622161865,2552.89013671875
Monaco,1997,141097.59595880826,5.577083587646484,1900.8701171875
Monaco,1998,145117.31493407604,5.3720831871032715,1921.9500732421875
Monaco,1999,149245.54621090062,5.429166793823242,2046.610107421875
Monaco,2000,154866.3644176072,5.55916690826416,2252.550048828125
Monaco,2001,158293.4466134834,5.462916851043701,1794.669921875
Monaco,2002,160041.6350418762,5.509583473205566,2276.889892578125
Monaco,2003,162022.0160559853,5.591249942779541,1887.1700439453125
Monaco,2004,166369.05284769577,5.404999732971191,1879.5899658203125
Monaco,2005,170032.94997759018,5.297916889190674,1818.25
Monaco,2006,180783.6054935873,5.59375,1882.3699951171875
Monaco,2007,208313.87603984665,5.462916851043701,1561.330078125
Monaco,2008,209876.30463082096,5.401249885559082,2271.570068359375
Monaco,2009,183046.82490292957,5.538750171661377,2191.550048828125
Monaco,2010,182325.8958409831,5.260833263397217,2317.72998046875
Monaco,2011,190628.60568272448,5.647500038146973,2034.8699951171875
Monaco,2012,188314.37002853965,5.512083530426025,1984.530029296875
Monaco,2013,202064.90820236955,5.358750343322754,2311.409912109375
Monaco,2014,212504.77410426055,5.641250133514404,2391.550048828125
Monaco,2015,219124.52075417756,5.619166851043701,1979.5899658203125
Monaco,2016,222574.0660634009,5.53000020980835,1986.909912109375
Monaco,2017,213139.34962818614,5.528749942779541,1931.6300048828125
Monaco,2018,222473.23322156694,5.726249694824219,2401.75
Monaco,2019,238596.71466720133,5.62666654586792,2278.330078125
Monaco,2020,207329.63130371584,5.722499847412109,2397.909912109375
Mongolia,1981,1832.6808058888828,1.9799946546554565,622.2506103515625
Mongolia,1982,1938.2920169889842,2.2436230182647705,613.8919677734375
Mongolia,1983,2002.3306564702284,2.110889196395874,650.28668212890625
Mongolia,1984,2069.9215177981755,1.7921010255813599,689.35247802734375
Mongolia,1985,2134.4631331463315,1.8466616868972778,647.38946533203125
Mongolia,1986,2275.995206457939,2.062812089920044,698.66912841796875
Mongolia,1987,2294.373463637542,2.126561403274536,668.1551513671875
Mongolia,1988,2349.4056474185563,2.191152811050415,660.50860595703125
Mongolia,1989,2392.418807614224,2.310739517211914,605.38531494140625
Mongolia,1990,2344.3485687191583,2.346938371658325,726.86383056640625
Mongolia,1991,2074.672736949168,2.1861159801483154,701.42742919921875
Mongolia,1992,1880.5053850178083,2.30230712890625,652.6993408203125
Mongolia,1993,1823.1532005787678,2.224468946456909,723.490234375
Mongolia,1994,1841.4290416525366,2.4031600952148438,743.222900390625
Mongolia,1995,1927.5481208239823,2.4613900184631348,639.0318603515625
Mongolia,1996,1940.4873574245082,2.230544328689575,630.0999755859375
Mongolia,1997,1987.7377196704333,2.5426907539367676,629.5799560546875
Mongolia,1998,2025.7884023168992,2.628538131713867,717.70721435546875
Mongolia,1999,2058.7481205000972,2.5298547744750977,658.63983154296875
Mongolia,2000,2054.890210787368,2.301374673843384,644.952392578125
Mongolia,2001,2089.794268147775,2.444953441619873,635.06732177734375
Mongolia,2002,2160.7523129927763,2.594660758972168,604.84796142578125
Mongolia,2003,2282.884700977809,2.2829582691192627,702.469482421875
Mongolia,2004,2497.222019049748,2.533398151397705,586.5926513671875
Mongolia,2005,2648.8003527386522,2.168473958969116,610.386962890625
Mongolia,2006,2840.983097172533,2.4154558181762695,603.39862060546875
Mongolia,2007,3090.377045137798,2.8089420795440674,619.16961669921875
Mongolia,2008,3312.7821829342133,2.4577279090881348,633.99456787109375
Mongolia,2009,3212.5220312744123,2.279482841491699,620.91253662109375
Mongolia,2010,3357.729324835013,2.138707399368286,645.3680419921875
Mongolia,2011,3870.8925579322804,2.1941232681274414,641.49755859375
Mongolia,2012,4266.038925107888,2.0254387855529785,702.982666015625
Mongolia,2013,4665.548283648389,2.442378520965576,718.81109619140625
Mongolia,2014,4924.547278254043,2.4446098804473877,632.05926513671875
Mongolia,2015,4935.555566335574,2.5996479988098145,637.41094970703125
Mongolia,2016,4908.554550319723,2.4043312072753906,740.48828125
Mongolia,2017,5086.342740240265,2.621211290359497,580.01678466796875
Mongolia,2018,5379.024643058367,2.426124334335327,702.69354248046875
Mongolia,2019,5576.966521679264,2.489063024520874,649.0135498046875
Mongolia,2020,5227.545934866096,2.5324323177337646,707.3521728515625
Montenegro,1997,5718.682340270764,4.416861057281494,2838.8251953125
Montenegro,1998,6017.240465203703,4.4631571769714355,2926.759521484375
Montenegro,1999,5466.562426209739,4.514866828918457,3237.8349609375
Montenegro,2000,5645.817522128339,4.727678298950195,2705.125244140625
Montenegro,2001,5684.992009472249,4.442845344543457,2820.24365234375
Montenegro,2002,5770.060701915662,4.657960891723633,3195.57421875
Montenegro,2003,5889.755637204287,4.490777492523193,2579.802490234375
Montenegro,2004,6139.549269473503,4.327375411987305,3452.666015625
Montenegro,2005,6386.764657681852,4.261383056640625,3333.082763671875
Montenegro,2006,6925.268169317639,4.5058746337890625,2793.658447265625
Montenegro,2007,7409.322548101167,4.717199802398682,2987.488037109375
Montenegro,2008,7906.4176539504715,4.655630111694336,3005.35791015625
Montenegro,2009,7416.543771719434,4.6440300941467285,3471.99072265625
Montenegro,2010,7608.442714874184,4.413980960845947,3913.789794921875
Montenegro,2011,7856.244122623849,4.588111400604248,2819.97705078125
Montenegro,2012,7647.605566767745,4.7127509117126465,3152.692626953125
Montenegro,2013,7891.717335807914,4.668085098266602,3508.518798828125
Montenegro,2014,8063.789872126783,4.775027275085449,3892.938720703125
Montenegro,2015,8255.240270009532,4.75881814956665,3167.0693359375
Montenegro,2016,8529.57743857602,4.608754634857178,3533.575439453125
Montenegro,2017,8795.10068775647,4.682986736297607,2979.57080078125
Montenegro,2018,9204.660681747398,4.840526580810547,3122.62890625
Montenegro,2019,9604.276265074652,4.880967140197754,3495.816162109375
Montenegro,2020,8166.467603286086,4.750717639923096,3352.146728515625
Morocco,1966,1085.4136330400675,6.849978446960449,602.60150146484375
Morocco,1967,1162.3034299822602,6.740558624267578,757.074951171875
Morocco,1968,1243.1278990935746,6.7487616539001465,725.03143310546875
Morocco,1969,1311.3895411220467,6.797940731048584,818.5302734375
Morocco,1970,1336.590448580589,6.846312999725342,709.59564208984375
Morocco,1971,1374.7908719381433,6.624743938446045,824.1654052734375
Morocco,1972,1373.3611378445473,6.601144313812256,766.098388671875
Morocco,1973,1387.4783103130128,6.75382137298584,699.3704833984375
Morocco,1974,1429.7016067793793,6.755264759063721,628.2000732421875
Morocco,1975,1501.379622750401,6.697009563446045,684.38372802734375
Morocco,1976,1624.0111018645014,6.722259521484375,834.81390380859375
Morocco,1977,1679.2410550533166,6.765002727508545,718.2000732421875
Morocco,1978,1672.7119883395967,6.887699604034424,693.3492431640625
Morocco,1979,1707.6246510465642,6.821734428405762,735.28570556640625
Morocco,1980,1723.1043867862256,6.820409774780273,687.8414306640625
Morocco,1981,1648.0282805194233,6.899080753326416,518.25335693359375
Morocco,1982,1748.4853842417344,6.836295127868652,701.814453125
Morocco,1983,1727.035763190704,7.00390625,536.9132080078125
Morocco,1984,1792.3465187982163,6.776349067687988,598.4544677734375
Morocco,1985,1855.1570445654204,6.88095760345459,680.09130859375
Morocco,1986,1983.286016057664,6.800636291503906,663.9212646484375
Morocco,1987,1937.7498483528848,7.0620951652526855,776.8892822265625
Morocco,1988,2126.493895531598,6.880109786987305,740.55108642578125
Morocco,1989,2146.711842250401,6.982893943786621,815.0985107421875
Morocco,1990,2180.0155440432636,6.991991996765137,651.96978759765625
Morocco,1991,2297.1732288964727,6.806802749633789,724.65118408203125
Morocco,1992,2211.881978566161,6.861575603485107,654.29736328125
Morocco,1993,2160.825718954219,6.747681140899658,673.447998046875
Morocco,1994,2353.893809354343,6.934625148773193,551.6580810546875
Morocco,1995,2192.6301617134627,7.055643081665039,647.61053466796875
Morocco,1996,2425.622988148027,6.9175920486450195,937.67413330078125
Morocco,1997,2351.4356397486213,7.110252857208252,702.478759765625
Morocco,1998,2483.565512585341,7.04867696762085,580.542724609375
Morocco,1999,2488.3716790927483,6.94182014465332,643.683349609375
Morocco,2000,2516.2224598008356,6.956668853759766,619.86572265625
Morocco,2001,2672.847867990302,7.1393890380859375,612.06427001953125
Morocco,2002,2735.2552118819367,7.0605549812316895,718.91473388671875
Morocco,2003,2866.4815743809004,7.025400161743164,725.665283203125
Morocco,2004,2958.413633540713,6.984812259674072,639.33563232421875
Morocco,2005,3011.219630299695,7.055666446685791,593.36376953125
Morocco,2006,3201.289516514947,7.0481038093566895,722.07635498046875
Morocco,2007,3266.372707420398,6.94708776473999,632.21539306640625
Morocco,2008,3405.186234027071,7.032210350036621,734.64813232421875
Morocco,2009,3485.00117903771,7.166425704956055,753.8702392578125
Morocco,2010,3557.481321348186,7.184324741363525,897.3095703125
Morocco,2011,3702.1145405628617,7.053500175476074,752.52197265625
Morocco,2012,3763.7120679975274,7.108029842376709,692.60528564453125
Morocco,2013,3867.5101354283574,7.059700012207031,658.50543212890625
Morocco,2014,3923.1451537868274,7.0925092697143555,675.59405517578125
Morocco,2015,4045.0115446785103,7.129449367523193,561.37237548828125
Morocco,2016,4016.9548571503565,7.12349796295166,647.26458740234375
Morocco,2017,4168.9448508295445,7.2314910888671875,586.418212890625
Morocco,2018,4248.74284619341,6.918660640716553,832.237548828125
Morocco,2019,4325.91804066022,6.985354423522949,535.31793212890625
Morocco,2020,3973.8456277577034,7.13715934753418,536.42852783203125
Mozambique,1980,323.4308626258139,7.991445541381836,2355.587890625
Mozambique,1981,332.794412795642,7.911683082580566,2377.7451171875
Mozambique,1982,303.11731613375457,7.992636203765869,2337.5693359375
Mozambique,1983,250.24854038385322,8.236091613769531,2165.8671875
Mozambique,1984,229.38228531838368,8.052689552307129,2441.84716796875
Mozambique,1985,227.37459515508706,8.017199516296387,2569.548095703125
Mozambique,1986,218.28973843616296,7.986875534057617,2455.00927734375
Mozambique,1987,249.36303774879613,8.19106388092041,2114.8154296875
Mozambique,1988,270.27484916264416,8.056955337524414,2394.31005859375
Mozambique,1989,285.4724275360311,8.012029647827148,2659.39306640625
Mozambique,1990,284.1942963477951,8.125205039978027,2145.68310546875
Mozambique,1991,292.44021823747096,8.11327838897705,2319.654052734375
Mozambique,1992,265.096591381454,8.329070091247559,2044.5836181640625
Mozambique,1993,284.9343220083998,8.196535110473633,2391.302734375
Mozambique,1994,283.46095752302364,8.135144233703613,2204.564697265625
Mozambique,1995,272.67125253688886,8.2578277587890625,2233.71533203125
Mozambique,1996,292.10048261831275,8.106142044067383,2606.586181640625
Mozambique,1997,317.7963153035345,8.16356372833252,2738.866455078125
Mozambique,1998,342.8509893740797,8.24951457977295,2426.23095703125
Mozambique,1999,374.8476647148016,8.151830673217773,2636.828125
Mozambique,2000,369.4872401867245,8.170543670654297,2853.637939453125
Mozambique,2001,407.793636495255,8.152653694152832,2619.625732421875
Mozambique,2002,437.29915301272,8.175092697143555,1776.0584716796875
Mozambique,2003,458.365738505557,8.237079620361328,1907.3629150390625
Mozambique,2004,484.7781243491001,8.13546371459961,2182.741455078125
Mozambique,2005,503.5935320937046,8.430464744567871,1779.1468505859375
Mozambique,2006,540.6549335522072,8.114276885986328,1903.30322265625
Mozambique,2007,568.3263819301839,8.1776123046875,2454.018310546875
Mozambique,2008,592.6224652627774,8.183834075927734,2203.62646484375
Mozambique,2009,611.7028262573604,8.24490737915039,2373.644775390625
Mozambique,2010,635.3264571759481,8.273055076599121,2007.06982421875
Mozambique,2011,661.9487883439209,8.12652587890625,1734.0472412109375
Mozambique,2012,694.6361822004048,8.212697982788086,1833.098876953125
Mozambique,2013,719.191602999427,8.180717468261719,2343.76806640625
Mozambique,2014,752.4552329986683,8.173090934753418,2440.1767578125
Mozambique,2015,784.9787023463987,8.212732315063477,2056.376953125
Mozambique,2016,798.1129494984679,8.266456604003906,2160.983154296875
Mozambique,2017,795.0504759085262,8.161601066589355,2644.157470703125
Mozambique,2018,798.5938118588184,8.269983291625977,2584.395263671875
Mozambique,2019,793.4326316933418,8.285550117492676,2669.28173828125
Mozambique,2020,760.8600481978019,8.183610916137695,1971.7322998046875
Myanmar,1961,164.00456113588336,7.922399044036865,5418.88427734375
Myanmar,1962,166.99200301212548,7.883370876312256,4444.17041015625
Myanmar,1963,185.13636123197224,7.910039901733398,4978.12646484375
Myanmar,1964,170.37907743821333,7.901120662689209,4858.03271484375
Myanmar,1965,184.38608085565235,7.85215425491333,5063.30322265625
Myanmar,1966,171.50507970107867,7.993068218231201,4991.4375
Myanmar,1967,157.72361294892625,7.822954177856445,4801.3232421875
Myanmar,1968,172.77773381724847,7.863803386688232,5098.2275390625
Myanmar,1969,174.46788996918025,7.94721794128418,4723.158203125
Myanmar,1970,179.06076018749275,7.8675971031188965,5201.63623046875
Myanmar,1971,182.33748349736064,7.7717485427856445,4936.82080078125
Myanmar,1972,182.69816961789226,7.945773601531982,4582.3681640625
Myanmar,1973,177.20152682317774,7.9355974197387695,5206.86279296875
Myanmar,1974,183.06222977745026,7.848579406738281,4993.55859375
Myanmar,1975,187.00978584169653,7.899219036102295,5165.1484375
Myanmar,1976,194.6254927213971,7.9161858558654785,5083.98291015625
Myanmar,1977,202.2830147723693,7.907553195953369,4754.85693359375
Myanmar,1978,211.30939092827248,7.903031826019287,4743.71435546875
Myanmar,1979,218.04756264564594,8.080565452575684,4508.3193359375
Myanmar,1980,230.89025709478463,7.9682722091674805,4880.12451171875
Myanmar,1981,240.98446921023717,7.866703987121582,5118.34521484375
Myanmar,1982,249.8823935695504,7.8730669021606445,4493.8056640625
Myanmar,1983,255.81222873075322,7.920467376708984,5075.2578125
Myanmar,1984,262.9229692399747,7.919591903686523,4639.9267578125
Myanmar,1985,265.07655637238014,7.887486934661865,4824.23876953125
Myanmar,1986,257.40957813599135,7.880932807922363,4331.81884765625
Myanmar,1987,242.8251439562688,8.051325798034668,4727.08349609375
Myanmar,1988,211.7490828761455,8.022953987121582,5088.93017578125
Myanmar,1989,216.1376101710289,7.987821102142334,4475.07568359375
Myanmar,1990,218.86267707831664,8.01679515838623,4862.7001953125
Myanmar,1991,214.33329365517437,8.03102970123291,4853.72509765625
Myanmar,1992,231.84759514745136,7.953390598297119,4692.99365234375
Myanmar,1993,242.57939969710728,7.973333358764648,4388.6806640625
Myanmar,1994,257.2928551062798,8.037117004394531,4917.7060546875
Myanmar,1995,271.6162203302557,8.044928550720215,4717.8076171875
Myanmar,1996,285.43416147901337,8.006409645080566,5016.8310546875
Myanmar,1997,297.7438545071195,7.990866661071777,4800.427734375
Myanmar,1998,311.3001250860234,8.169371604919434,4673.140625
Myanmar,1999,341.28586258801766,8.072731971740723,5020.45361328125
Myanmar,2000,383.88644245527513,7.9663405418396,4817.80126953125
Myanmar,2001,422.9492387304073,8.117624282836914,4637.14306640625
Myanmar,2002,469.0812728288801,8.063213348388672,5052.25
Myanmar,2003,529.0483636000598,8.102134704589844,4353.8583984375
Myanmar,2004,595.6859934436267,8.032682418823242,4758.62890625
Myanmar,2005,671.2435950909053,8.14255428314209,4409.49072265625
Myanmar,2006,753.5080151500177,8.165760040283203,5070.63720703125
Myanmar,2007,837.9042118698744,8.095194816589355,4879.9638671875
Myanmar,2008,918.7603857889043,8.05158519744873,4665.99072265625
Myanmar,2009,1010.0609520353538,8.169705390930176,4525.48193359375
Myanmar,2010,1099.1542816612684,8.2275543212890625,4675.6240234375
Myanmar,2011,1151.3265276025113,8.062416076660156,4882.71923828125
Myanmar,2012,1225.3942192925651,8.151250839233398,4331.4560546875
Myanmar,2013,1317.405870675931,8.097219467163086,4562.1162109375
Myanmar,2014,1413.2561876102743,8.113176345825195,3937.2255859375
Myanmar,2015,1500.024465609596,8.175344467163086,4435.42333984375
Myanmar,2016,1575.4235132066951,8.18008804321289,4328.77197265625
Myanmar,2017,1659.2293333574144,8.098904609680176,4731.6689453125
Myanmar,2018,1750.516770735908,8.0537261962890625,4563.1044921875
Myanmar,2019,1852.6260725410386,8.20311164855957,4614.77294921875
Myanmar,2020,1673.0499093657033,8.155777931213379,4593.74267578125
Namibia,1980,4555.780031625627,6.991513729095459,751.85174560546875
Namibia,1981,4548.748457976334,6.846264362335205,586.630615234375
Namibia,1982,4450.7818497495155,6.898525714874268,766.1429443359375
Namibia,1983,4255.054776427541,7.070801734924316,717.62127685546875
Namibia,1984,4131.569993884125,6.946167469024658,673.62994384765625
Namibia,1985,4033.8149083573394,6.946292877197266,755.1282958984375
Namibia,1986,4098.368101830782,6.974267482757568,772.02349853515625
Namibia,1987,4110.257332767542,7.14523458480835,725.920654296875
Namibia,1988,4000.4745924747035,6.991869926452637,837.91265869140625
Namibia,1989,3824.28916797503,6.907234191894531,708.8314208984375
Namibia,1990,3673.570872835604,7.107592582702637,742.15521240234375
Namibia,1991,3843.3582909081574,6.9601521492004395,826.22021484375
Namibia,1992,3991.010597117402,7.091329097747803,538.08477783203125
Namibia,1993,3804.62774808288,7.039444923400879,784.76654052734375
Namibia,1994,3752.047208884526,7.0322265625,693.66668701171875
Namibia,1995,3786.7406290389595,7.135176658630371,602.84954833984375
Namibia,1996,3803.297819309161,7.127006530761719,627.72259521484375
Namibia,1997,3862.524976440437,7.079403400421143,878.05072021484375
Namibia,1998,3889.547840712147,7.1493024826049805,629.957763671875
Namibia,1999,3921.8620686182053,7.1628923416137695,766.27532958984375
Namibia,2000,3964.463240856872,7.008099555969238,835.59173583984375
Namibia,2001,3928.217687231326,7.150146961212158,336.3923645019531
Namibia,2002,4044.6230948332145,7.197432994842529,340.4346008300781
Namibia,2003,4155.653174003031,7.112171649932861,324.6804504394531
Namibia,2004,4606.392337447345,7.196758270263672,373.39013671875
Namibia,2005,4664.061437325342,7.007911682128906,520.8428955078125
Namibia,2006,4930.512784020042,7.380879878997803,741.76275634765625
Namibia,2007,5126.729265971839,7.497548580169678,385.2187194824219
Namibia,2008,5189.423181574456,7.401856422424316,439.7238464355469
Namibia,2009,5128.7723795055535,7.205651760101318,685.62200927734375
Namibia,2010,5354.949640035718,7.328252792358398,586.7821044921875
Namibia,2011,5531.849816883254,7.625752925872803,430.4648742675781
Namibia,2012,5683.87023160679,7.300563335418701,505.6545104980469
Namibia,2013,5848.820906346611,7.333492279052734,539.71185302734375
Namibia,2014,6045.127817332315,7.211765289306641,728.04083251953125
Namibia,2015,6137.887780569,7.276103496551514,557.937744140625
Namibia,2016,5976.563705512708,7.313597202301025,421.57373046875
Namibia,2017,5755.566245854291,7.145079612731934,328.7125244140625
Namibia,2018,5657.524396775423,7.6674065589904785,314.713134765625
Namibia,2019,5455.1835119346315,7.655594825744629,298.4931335449219
Namibia,2020,4869.444468381638,7.61096715927124,313.87884521484375
Nauru,1970,50800.127616227226,7.695208549499512,3584.8701171875
Nauru,1971,51870.53464568947,7.970208644866943,3418.469970703125
Nauru,1972,52982.179631475934,7.910625457763672,7169.5703125
Nauru,1973,54089.034723497774,8.078125,4597.31005859375
Nauru,1974,55198.49876545773,8.004791259765625,4046.380126953125
Nauru,1975,56278.09964798073,7.933958530426025,3245.0400390625
Nauru,1976,54096.7167261132,7.765208721160889,6435.01025390625
Nauru,1977,51846.33706708581,7.946875095367432,6691.4599609375
Nauru,1978,49453.90622768084,8.01604175567627,3531.340087890625
Nauru,1979,46966.86599814579,7.779375076293945,6648.8701171875
Nauru,1980,44563.84577132749,7.748958110809326,6741.51025390625
Nauru,1981,42258.89040770106,8.024374961853027,4803.6298828125
Nauru,1982,40041.850266443296,8.013541221618652,4848.31982421875
Nauru,1983,38080.372376059946,8.098125457763672,2739.3701171875
Nauru,1984,36296.481866529255,8.148541450500488,3511.590087890625
Nauru,1985,34556.32689125703,8.141458511352539,3422.150146484375
Nauru,1986,32849.2235309381,8.100625038146973,7096.60986328125
Nauru,1987,31195.966587645427,7.9452080726623535,8846.0302734375
Nauru,1988,29592.816700012663,7.95604133605957,2027.2000732421875
Nauru,1989,28070.142066139895,7.837291717529297,1923.9000244140625
Nauru,1990,26621.730486018627,7.900207996368408,2843.199951171875
Nauru,1991,21066.080153950763,8.090455055236816,2545.699951171875
Nauru,1992,17339.64795140301,7.791956901550293,3104.300048828125
Nauru,1993,14428.335842815985,8.819500923156738,3295.300048828125
Nauru,1994,13822.626967730333,8.113409042358398,3203.60009765625
Nauru,1995,12692.334082657935,8.155454635620117,2059.699951171875
Nauru,1996,11167.311726220487,8.095909118652344,1742
Nauru,1997,10153.474500388416,8.878500938415527,2802.5
Nauru,1998,8955.707151577491,7.8708696365356445,1972.0999755859375
Nauru,1999,8376.512765283767,7.500625133514404,2382
Nauru,2000,7816.782098412354,8.880499839782715,2382
Nauru,2001,7315.622566868701,14.420833587646484,2382
Nauru,2002,6617.510196951802,14.416666984558105,2382
Nauru,2003,6651.521465822696,14.420833587646484,2382
Nauru,2004,6363.887198585683,14.425000190734863,2382
Nauru,2005,6370.853340409194,14.416666984558105,2382
Nauru,2006,6919.564048107474,14.416666984558105,2382
Nauru,2007,5399.401637663152,14.404167175292969,2382
Nauru,2008,6486.402766636192,14.40000057220459,2382
Nauru,2009,6121.765674650816,14.3125,2382
Nauru,2010,6105.307676720372,13.866666793823242,2382
Nauru,2011,6965.003538542287,14.34999942779541,2382
Nauru,2012,8519.032543927662,14.429166793823242,2382
Nauru,2013,8659.475841253616,14.416666030883789,2382
Nauru,2014,9821.16073341096,14.375,2382
Nauru,2015,9960.353194473157,14.429166793823242,2382
Nauru,2016,10189.61518024288,14.395833015441895,2382
Nauru,2017,9396.026904961973,14.425000190734863,2382
Nauru,2018,9192.202544070795,14.425000190734863,2382
Nauru,2019,9883.137078898588,9.977777481079102,2382
Nauru,2020,9990.492955439024,9.509210586547852,2382
Nepal,1961,420.5478400176828,5.490513324737549,3179.88427734375
Nepal,1962,420.32377357739034,5.507275104522705,3581.0341796875
Nepal,1963,419.95886894396295,5.50694465637207,3280.210693359375
Nepal,1964,442.6573209742894,5.571730136871338,3326.114990234375
Nepal,1965,428.4457115627937,5.506899356842041,3204.202880859375
Nepal,1966,449.1524192459988,5.673248291015625,3190.35009765625
Nepal,1967,432.83662290478526,5.46536111831665,2895.073974609375
Nepal,1968,426.48062379763417,5.473509788513184,3378.876220703125
Nepal,1969,435.9677249871021,5.661316871643066,2911.7744140625
Nepal,1970,437.51959666530126,5.582671165466309,3345.97802734375
Nepal,1971,422.9747684858758,5.453925609588623,3613.635498046875
Nepal,1972,426.79243195465494,5.559041500091553,3029.694091796875
Nepal,1973,415.60318818729263,5.559207439422607,3250.87890625
Nepal,1974,432.3763577079591,5.575919151306152,3113.63623046875
Nepal,1975,429.1145355454162,5.460884094238281,3466.1689453125
Nepal,1976,438.29007583234386,5.514647960662842,2885.05810546875
Nepal,1977,441.5006548710722,5.496888637542725,2980.88134765625
Nepal,1978,450.3747669983574,5.455635070800781,3458.721435546875
Nepal,1979,450.3937193528909,5.624527931213379,2953.79541015625
Nepal,1980,429.69293021441206,5.620546340942383,2975.476318359375
Nepal,1981,454.7397300280994,5.527373790740967,3093.455322265625
Nepal,1982,461.0511815330672,5.492493629455566,2918.410888671875
Nepal,1983,436.84018003213583,5.434497356414795,3426.444091796875
Nepal,1984,468.02254121661923,5.581129550933838,3164.585693359375
Nepal,1985,485.6271701658467,5.585565090179443,3315.9755859375
Nepal,1986,496.70341358506164,5.492259502410889,3019.47314453125
Nepal,1987,494.54231477216473,5.717068672180176,3350.509033203125
Nepal,1988,521.514596573521,5.685086250305176,3158.195068359375
Nepal,1989,532.1278572248606,5.553982257843018,2956.725341796875
Nepal,1990,543.4811734392032,5.583646297454834,3232.2421875
Nepal,1991,563.3208110164252,5.625761985778809,3300.645751953125
Nepal,1992,570.1423420531074,5.5944294929504395,2885.394775390625
Nepal,1993,576.1449647375913,5.666224956512451,3003.904052734375
Nepal,1994,608.0552804613876,5.637348651885986,3054.611328125
Nepal,1995,614.2136234863182,5.684391021728516,3147.18408203125
Nepal,1996,632.818861913259,5.711207866668701,3235.468505859375
Nepal,1997,651.0938368557855,5.499661922454834,3625.20263671875
Nepal,1998,657.6787884150391,5.770025730133057,3383.059326171875
Nepal,1999,674.0373700686937,5.836760520935059,3638.021240234375
Nepal,2000,703.5414036251565,5.711552143096924,3531.256591796875
Nepal,2001,725.4814161965177,5.744892597198486,3351.13525390625
Nepal,2002,715.3918297714329,5.783895492553711,3503.06787109375
Nepal,2003,733.1998171462386,5.769701957702637,3471.550537109375
Nepal,2004,757.8591440585516,5.818367004394531,3731.10791015625
Nepal,2005,775.49865928712,5.7598090171813965,2839.7041015625
Nepal,2006,793.8675950767355,5.885420799255371,3255.9912109375
Nepal,2007,814.1148324437512,5.839121341705322,3080.929931640625
Nepal,2008,857.3631763401163,5.785106658935547,3582.32470703125
Nepal,2009,890.1924363382068,5.9258880615234375,3126.00048828125
Nepal,2010,927.303356289388,5.967432498931885,3573.859130859375
Nepal,2011,954.754853602725,5.7232818603515625,3741.0009765625
Nepal,2012,996.7874233989858,5.7543158531188965,3170.873291015625
Nepal,2013,1029.865557967801,5.70495080947876,3296.163330078125
Nepal,2014,1088.5257950690502,5.738295078277588,2473.4375
Nepal,2015,1125.6532655462313,5.780187129974365,2728.089599609375
Nepal,2016,1125.1972518151886,5.928658485412598,2630.7919921875
Nepal,2017,1223.7668495883204,5.821849346160889,2980.8671875
Nepal,2018,1313.8372806296295,5.8436408042907715,2502.28173828125
Nepal,2019,1384.8097405251208,5.733458995819092,2917.26220703125
Nepal,2020,1326.2069773834844,5.685515880584717,2456.08740234375
Netherlands,1961,18287.416201705983,4.551543712615967,1962.33447265625
Netherlands,1962,19262.56283915715,4.113158226013184,1741.9947509765625
Netherlands,1963,19693.39535590134,4.070659637451172,1669.1170654296875
Netherlands,1964,21039.649288410703,4.359079360961914,1735.46875
Netherlands,1965,22546.50518636301,4.254126071929932,1996.0863037109375
Netherlands,1966,22864.156221426205,4.444752216339111,2046.8074951171875
Netherlands,1967,23800.163127214037,4.533564567565918,1838.8663330078125
Netherlands,1968,25065.539643962195,4.343568325042725,1894.6533203125
Netherlands,1969,26369.98466529785,4.3960700035095215,1774.5498046875
Netherlands,1970,27644.522104751304,4.34845495223999,1857.8155517578125
Netherlands,1971,28497.040028683445,4.496095180511475,1549.3826904296875
Netherlands,1972,29207.25561396914,4.327694416046143,1703.4979248046875
Netherlands,1973,30543.61873026799,4.427664756774902,1704.721435546875
Netherlands,1974,31347.302353874198,4.5235114097595215,1948.75390625
Netherlands,1975,31069.74766452202,4.542625427246094,1701.5916748046875
Netherlands,1976,32200.54497153041,4.490209102630615,1556.529296875
Netherlands,1977,32816.42420397587,4.4619574546813965,1766.811767578125
Netherlands,1978,33494.520736060746,4.286867618560791,1706.8707275390625
Netherlands,1979,33934.10468396188,4.220203876495361,1878.8699951171875
Netherlands,1980,34118.410267006606,4.313830375671387,1858.8018798828125
Netherlands,1981,33619.61516962958,4.377628326416016,1990.4735107421875
Netherlands,1982,33050.57289429375,4.583195209503174,1738.0650634765625
Netherlands,1983,33607.018504951215,4.599216938018799,1811.9146728515625
Netherlands,1984,34498.74843959355,4.388759613037109,1932.9981689453125
Netherlands,1985,35224.234638393136,4.163409233093262,1788.9532470703125
Netherlands,1986,36005.554479286286,4.292053699493408,1821.8681640625
Netherlands,1987,36468.77130946857,4.212399482727051,1895.8026123046875
Netherlands,1988,37480.79555953893,4.602381229400635,1923.2783203125
Netherlands,1989,38903.40519145949,4.752782821655273,1646.958740234375
Netherlands,1990,40252.683252879724,4.752241134643555,1743.81494140625
Netherlands,1991,40910.83666966554,4.450973987579346,1675.12109375
Netherlands,1992,41295.40465934785,4.695328235626221,1846.0794677734375
Netherlands,1993,41524.28432350573,4.458387851715088,1954.0765380859375
Netherlands,1994,42496.852902940685,4.738031387329102,1954.1739501953125
Netherlands,1995,43605.15949106479,4.658912658691406,1888.3701171875
Netherlands,1996,44889.11268879816,4.180588722229004,1556.915283203125
Netherlands,1997,46555.94492511754,4.59135627746582,1685.5379638671875
Netherlands,1998,48420.26353058597,4.624903678894043,2166.819580078125
Netherlands,1999,50524.891999608764,4.743736267089844,1969.0604248046875
Netherlands,2000,52281.883906704716,4.787684917449951,2037.6373291015625
Netherlands,2001,53094.39884128938,4.637792110443115,2056.08154296875
Netherlands,2002,52886.24910707792,4.808194637298584,1964.2940673828125
Netherlands,2003,52688.808218111095,4.705112457275391,1613.4039306640625
Netherlands,2004,53564.729898336176,4.630490779876709,1894.7117919921875
Netherlands,2005,54526.659201456285,4.6761016845703125,1880.634033203125
Netherlands,2006,56364.8692402741,4.800431251525879,1819.9578857421875
Netherlands,2007,58427.5861910304,4.815412521362305,1955.2958984375
Netherlands,2008,59432.57318850913,4.721571445465088,1940.2581787109375
Netherlands,2009,56960.50310732332,4.673370361328125,1783.5931396484375
Netherlands,2010,57416.734325229525,4.3251633644104,1881.809814453125
Netherlands,2011,58163.008523772805,4.7793498039245605,1863.615234375
Netherlands,2012,57381.509369193736,4.595021724700928,1909.68798828125
Netherlands,2013,57195.289051737745,4.505704402923584,1790.6162109375
Netherlands,2014,57908.878210141804,4.970028877258301,1884.9580078125
Netherlands,2015,58875.37030528951,4.818331241607666,1897.2337646484375
Netherlands,2016,59982.61180871225,4.746738910675049,1874.783447265625
Netherlands,2017,61287.64804457553,4.778832912445068,2006.2447509765625
Netherlands,2018,62307.080696103985,4.941232681274414,1715.250244140625
Netherlands,2019,63324.021300921246,4.888795852661133,1870.9273681640625
Netherlands,2020,60537.43167650326,4.993397235870361,1901.4688720703125
New Caledonia,2015,39673.89140059042,6.334603309631348,3384.67822265625
New Zealand,1961,23148.87599828126,4.571189880371094,3572.984619140625
New Zealand,1962,23263.108472567023,4.714658737182617,3893.981201171875
New Zealand,1963,24197.1478475207,4.497707366943359,3449.162353515625
New Zealand,1964,25141.70102533403,4.523811340332031,3691.220458984375
New Zealand,1965,26241.8438155808,4.478010177612305,3722.068115234375
New Zealand,1966,27386.628998638265,4.569321155548096,3647.884521484375
New Zealand,1967,25667.402997879715,4.610633373260498,3662.6845703125
New Zealand,1968,25430.813047432814,4.581298351287842,3862.230712890625
New Zealand,1969,27773.769577636915,4.568151473999023,3401.1787109375
New Zealand,1970,27016.328737628086,4.704936981201172,3774.40087890625
New Zealand,1971,27623.300007034846,4.813237190246582,3886.689453125
New Zealand,1972,28528.395406574822,4.582464694976807,3717.556884765625
New Zealand,1973,30157.579063220506,4.70438289642334,3338.737548828125
New Zealand,1974,31305.39389523151,4.749272346496582,3777.946044921875
New Zealand,1975,30170.588261681667,4.699583053588867,3805.44482421875
New Zealand,1976,30182.57903746189,4.498469352722168,3791.353515625
New Zealand,1977,28904.353485766165,4.4307861328125,3737.447998046875
New Zealand,1978,28987.14201291727,4.714563846588135,3768.144287109375
New Zealand,1979,29738.716039327002,4.672003746032715,3981.18505859375
New Zealand,1980,30082.899485623217,4.603889465332031,3708.6787109375
New Zealand,1981,31362.554860355453,4.72841739654541,3710.16015625
New Zealand,1982,31341.20683853198,4.570644855499268,3420.715087890625
New Zealand,1983,31997.517953176153,4.54030179977417,3667.97900390625
New Zealand,1984,33242.20794692251,4.686706066131592,3633.566162109375
New Zealand,1985,33571.123300692,4.721858501434326,3620.440673828125
New Zealand,1986,34487.93468053072,4.684528350830078,3690.465087890625
New Zealand,1987,34523.91757228012,4.688445568084717,3729.496826171875
New Zealand,1988,34307.51677631381,4.7506632804870605,3880.123779296875
New Zealand,1989,34198.32885559322,4.769902229309082,3817.19482421875
New Zealand,1990,33935.945329993585,4.759428977966309,3804.091552734375
New Zealand,1991,31978.28828606047,4.546937942504883,3814.44091796875
New Zealand,1992,31993.052957523654,4.4246368408203125,3481.482421875
New Zealand,1993,33651.99164852044,4.513462066650391,3279.73583984375
New Zealand,1994,34907.61803199846,4.582761764526367,3425.328369140625
New Zealand,1995,36024.57188916429,4.673610687255859,3684.079345703125
New Zealand,1996,36739.64572265501,4.622030735015869,3414.4599609375
New Zealand,1997,37014.5976033406,4.587663650512695,3169.01171875
New Zealand,1998,37002.5561618825,4.9083571434021,3387.585693359375
New Zealand,1999,38788.0914240794,4.84271764755249,3153.101806640625
New Zealand,2000,39667.57099496595,4.687750339508057,3514.348388671875
New Zealand,2001,40779.611114802115,4.727382659912109,3550.6201171875
New Zealand,2002,41966.35099743197,4.695867538452148,3426.390625
New Zealand,2003,43091.6513169913,4.662482261657715,3091.062744140625
New Zealand,2004,44191.53496019099,4.545599937438965,3303.8232421875
New Zealand,2005,45160.59640711449,4.775679588317871,2783.962158203125
New Zealand,2006,45853.59291256067,4.413967132568359,3105.676513671875
New Zealand,2007,46816.507510429816,4.546445369720459,2965.84130859375
New Zealand,2008,45948.73850925689,4.550623893737793,3336.9091796875
New Zealand,2009,45474.62068697716,4.416193008422852,3305.7919921875
New Zealand,2010,45627.84328131693,4.720552444458008,3384.063232421875
New Zealand,2011,46229.22470756591,4.5864691734313965,3356.28857421875
New Zealand,2012,47064.42441616532,4.461263179779053,3129.9697265625
New Zealand,2013,47913.616197878284,3.9502851963043213,1951.43896484375
New Zealand,2014,48927.497006711514,3.935485363006592,1946.246337890625
New Zealand,2015,49710.60359715148,3.9081716537475586,2110.542724609375
New Zealand,2016,50443.427462547785,3.805734395980835,1866.064453125
New Zealand,2017,51069.84997390314,3.6597561836242676,1803.205810546875
New Zealand,2018,51904.16597034832,3.689669132232666,1840.8419189453125
New Zealand,2019,52362.29446192777,3.6003079414367676,1926.585693359375
New Zealand,2020,51150.67477392983,3.6345865726470947,1876.146484375
Nicaragua,1961,2243.1214064806077,8.365060806274414,5365.572265625
Nicaragua,1962,2413.976598029412,8.345410346984863,5433.83642578125
Nicaragua,1963,2596.8923804169326,8.391345977783203,5390.5966796875
Nicaragua,1964,2814.084601049786,8.395073890686035,5323.5234375
Nicaragua,1965,2989.1839840207363,8.379889488220215,5029.1826171875
Nicaragua,1966,2993.7744413470427,8.421648979187012,5811.2158203125
Nicaragua,1967,3104.059081552873,8.293323516845703,5093.74072265625
Nicaragua,1968,3048.61692382721,8.291162490844727,5555.5986328125
Nicaragua,1969,3138.707124175007,8.469873428344727,6066.6728515625
Nicaragua,1970,3083.1707738375508,8.456174850463867,6055.71044921875
Nicaragua,1971,3087.2610688264804,8.403264999389648,5282.2490234375
Nicaragua,1972,3065.381809557675,8.4732208251953125,5013.4365234375
Nicaragua,1973,3168.8774703405797,8.467098236083984,5457.5927734375
Nicaragua,1974,3508.953869031713,8.282422065734863,5144.86474609375
Nicaragua,1975,3398.0218212388163,8.42248821258545,5395.05419921875
Nicaragua,1976,3468.0445131998376,8.38640308380127,5022.69482421875
Nicaragua,1977,3646.8918320287366,8.509442329406738,4876.50244140625
Nicaragua,1978,3265.2399771390883,8.455316543579102,5395.201171875
Nicaragua,1979,2336.760573273565,8.438410758972168,5622.60546875
Nicaragua,1980,2378.4760800024646,8.503500938415527,5564.16650390625
Nicaragua,1981,2436.177028016102,8.446512222290039,6120.48974609375
Nicaragua,1982,2350.8911842799344,8.510435104370117,5682.19189453125
Nicaragua,1983,2395.574249507521,8.56704330444336,5290.53271484375
Nicaragua,1984,2300.1845942725304,8.352461814880371,5488.11474609375
Nicaragua,1985,2154.2842035189424,8.440812110900879,4785.58544921875
Nicaragua,1986,2083.0922297843103,8.472212791442871,4856.62109375
Nicaragua,1987,2021.488994997815,8.61387825012207,5016.84716796875
Nicaragua,1988,1729.6493408003753,8.562732696533203,5657.64306640625
Nicaragua,1989,1660.2317782638545,8.498565673828125,5170.97265625
Nicaragua,1990,1621.0576885295384,8.526165962219238,5076.7783203125
Nicaragua,1991,1581.115018057707,8.529561996459961,4950.900390625
Nicaragua,1992,1551.745704898641,8.562219619750977,5265.626953125
Nicaragua,1993,1512.0869396125981,8.540356636047363,5277.751953125
Nicaragua,1994,1529.725967167812,8.586873054504395,5294.64892578125
Nicaragua,1995,1587.4947782450258,8.598443031311035,5521.13525390625
Nicaragua,1996,1657.1425517339117,8.412181854248047,5827.18408203125
Nicaragua,1997,1694.361817697367,8.6050443649292,5086.556640625
Nicaragua,1998,1730.594727703442,8.629363059997559,4890.94482421875
Nicaragua,1999,1826.0494039760183,8.377991676330566,5089.4609375
Nicaragua,2000,1874.9773318118068,8.397424697875977,4683.7978515625
Nicaragua,2001,1905.7564316114867,8.534745216369629,5145.11083984375
Nicaragua,2002,1896.9768786841073,8.5390777587890625,5365.0205078125
Nicaragua,2003,1922.0085055202471,8.533007621765137,5074.22900390625
Nicaragua,2004,2000.328558339794,8.4986724853515625,5468.91162109375
Nicaragua,2005,2058.972042236273,8.513218879699707,4652.10693359375
Nicaragua,2006,2114.106669436203,8.50189208984375,4917.4248046875
Nicaragua,2007,2189.7497139639945,8.52688980102539,5131.234375
Nicaragua,2008,2232.7546008096506,8.50670051574707,5822.96142578125
Nicaragua,2009,2128.6968179898317,8.536524772644043,5518.21142578125
Nicaragua,2010,2191.2551567767314,8.585000038146973,5588.7568359375
Nicaragua,2011,2297.0007146426565,8.472373008728027,4690.16162109375
Nicaragua,2012,2412.1283326930006,8.556385040283203,5281.23583984375
Nicaragua,2013,2496.056757391205,8.495495796203613,5006.2919921875
Nicaragua,2014,2579.872169084073,8.631026268005371,5568.673828125
Nicaragua,2015,2667.0497143651965,8.601670265197754,4270.0888671875
Nicaragua,2016,2751.502097224968,8.605337142944336,3585.097412109375
Nicaragua,2017,2840.841052539018,8.480806350708008,4126.6484375
Nicaragua,2018,2709.326680809017,8.528451919555664,3930.828369140625
Nicaragua,2019,2596.928392083813,8.631340980529785,4021.2001953125
Nicaragua,2020,2507.2876929048184,8.56614875793457,4408.96826171875
Niger,1961,969.364830626747,8.759515762329102,516.439208984375
Niger,1962,1038.394256750402,8.930647850036621,476.7760009765625
Niger,1963,1103.8012726798884,9.055620193481445,454.52630615234375
Niger,1964,1073.8126370543791,8.934661865234375,532.319580078125
Niger,1965,1115.8318241748598,8.863490104675293,459.36016845703125
Niger,1966,1080.6498161521995,8.91773509979248,469.1371765136719
Niger,1967,1052.1607539711263,8.84272575378418,466.1170654296875
Niger,1968,1027.4029138939215,8.901067733764648,444.026611328125
Niger,1969,944.8449295368421,9.159317970275879,438.4992370605469
Niger,1970,947.637878494202,8.888718605041504,409.02862548828125
Niger,1971,975.0486453483788,8.881013870239258,387.1198425292969
Niger,1972,900.4271782682324,8.979582786560059,373.7349548339844
Niger,1973,727.2042342252736,9.063386917114258,341.2599792480469
Niger,1974,770.0635322042623,8.815037727355957,463.61004638671875
Niger,1975,728.5534691963047,8.827994346618652,425.3519287109375
Niger,1976,713.6379767657069,8.959993362426758,426.55230712890625
Niger,1977,747.8711436667359,8.756760597229004,446.20587158203125
Niger,1978,824.6774369673115,8.929747581481934,514.772705078125
Niger,1979,858.0051315111348,9.013955116271973,442.581787109375
Niger,1980,812.3323556398389,8.959052085876465,471.2260437011719
Niger,1981,787.027425160747,8.852930068969727,413.46246337890625
Niger,1982,780.5916741283278,8.934956550598145,396.43939208984375
Niger,1983,728.5176949584165,8.908098220825195,368.8841552734375
Niger,1984,588.3264898780061,9.024872779846191,321.7530822753906
Niger,1985,615.1734124403447,8.926318168640137,386.384033203125
Niger,1986,634.8651848521642,8.95191764831543,422.42315673828125
Niger,1987,616.4885620665974,9.050586700439453,349.3736267089844
Niger,1988,639.1856275373189,8.927482604980469,483.5960388183594
Niger,1989,625.9447555836937,8.800493240356445,433.8621826171875
Niger,1990,599.0206844097683,9.10910701751709,376.4393615722656
Niger,1991,578.1870152474194,9.065193176269531,463.2492980957031
Niger,1992,571.6475058697619,8.832863807678223,465.95599365234375
Niger,1993,555.6431653258093,8.969526290893555,419.6927490234375
Niger,1994,548.0359762132555,9.013258934020996,525.72314453125
Niger,1995,543.2220036603999,8.98705005645752,408.5950927734375
Niger,1996,525.8863992610388,9.054971694946289,397.2008361816406
Niger,1997,516.4825902397122,9.0670013427734375,414.09368896484375
Niger,1998,549.0883209396347,9.128642082214355,464.2574768066406
Niger,1999,529.3529820541132,9.189668655395508,504.14068603515625
Niger,2000,505.1348593818656,8.98181438446045,411.5771789550781
Niger,2001,523.1661117876255,8.9816741943359375,400.5210876464844
Niger,2002,529.8519397778714,9.0490140914917,368.520263671875
Niger,2003,522.4079103505594,9.106531143188477,463.1885986328125
Niger,2004,505.77790193692283,9.12082290649414,409.28192138671875
Niger,2005,523.5099459089996,9.195389747619629,458.4167175292969
Niger,2006,534.6451823884788,9.137563705444336,398.50311279296875
Niger,2007,531.5173004057547,9.111590385437012,426.08148193359375
Niger,2008,551.800441159525,9.019097328186035,412.03216552734375
Niger,2009,542.100581598921,9.253605842590332,391.7154846191406
Niger,2010,567.0787652167002,9.349400520324707,409.67315673828125
Niger,2011,559.2453530400674,9.123641014099121,393.64794921875
Niger,2012,595.3467454967172,9.125144958496094,490.34466552734375
Niger,2013,603.8629052720779,9.316149711608887,429.0909423828125
Niger,2014,620.64726664356,9.191910743713379,405.0218811035156
Niger,2015,624.397963075237,9.36498737335205,375.7434997558594
Niger,2016,636.4251559002104,9.300517082214355,444.1573181152344
Niger,2017,644.907785019811,9.065784454345703,413.559326171875
Niger,2018,667.9618766261412,9.290328025817871,395.9963684082031
Niger,2019,684.2113998245437,10.081439018249512,393.2029113769531
Niger,2020,685.5077384955658,9.229084968566895,479.2226867675781
Nigeria,1961,1836.076014552052,8.675470352172852,2778.107666015625
Nigeria,1962,1871.6892164632857,8.751800537109375,3070.355224609375
Nigeria,1963,1989.5414651493331,8.867944717407227,3124.078369140625
Nigeria,1964,2043.7933267148558,8.77808666229248,2889.710205078125
Nigeria,1965,2097.6346882752628,8.730316162109375,2854.304931640625
Nigeria,1966,1965.2560135443762,8.763479232788086,2926.2265625
Nigeria,1967,1620.8690769318032,8.721321105957031,2747.958984375
Nigeria,1968,1566.4933493292806,8.753324508666992,3117.61279296875
Nigeria,1969,1902.840481134186,8.92577838897705,2883.224609375
Nigeria,1970,2324.9843803569734,8.794651985168457,2665.683837890625
Nigeria,1971,2594.6888052839276,8.68925666809082,2625.87939453125
Nigeria,1972,2618.500248992238,8.785063743591309,2631.34033203125
Nigeria,1973,2691.711960190272,8.87508773803711,2474.15478515625
Nigeria,1974,2914.6526494535456,8.640172004699707,2772.471923828125
Nigeria,1975,2686.847459702918,8.63605785369873,2734.817626953125
Nigeria,1976,2846.8706558523936,8.711553573608398,2853.094482421875
Nigeria,1977,2929.6346410848582,8.680459022521973,2523.671630859375
Nigeria,1978,2677.4591967729716,8.720769882202148,3055.802734375
Nigeria,1979,2771.6170438682407,8.808534622192383,2867.97509765625
Nigeria,1980,2799.420944058626,8.798571586608887,2880.15087890625
Nigeria,1981,2358.2740510834165,8.77989387512207,2654.533203125
Nigeria,1982,2133.039596698928,8.811065673828125,2601.154052734375
Nigeria,1983,1851.3758888551133,8.879871368408203,2354.613525390625
Nigeria,1984,1784.3983991525936,8.897933006286621,2663.122314453125
Nigeria,1985,1837.1178324123737,8.813586235046387,2694.397705078125
Nigeria,1986,1788.9715150283387,8.80267333984375,2571.14306640625
Nigeria,1987,1797.6755253868548,8.913848876953125,2636.6318359375
Nigeria,1988,1878.5982981389136,8.788719177246094,2817.5439453125
Nigeria,1989,1863.7988542482149,8.687640190124512,2721.802490234375
Nigeria,1990,2027.741328979299,8.8999605178833,2625.054443359375
Nigeria,1991,1981.9646825046825,8.824682235717773,2913.626953125
Nigeria,1992,2020.0197194428747,8.697651863098145,2788.10888671875
Nigeria,1993,1927.1547059987117,8.812396049499512,2698.232666015625
Nigeria,1994,1842.8534059379438,8.794341087341309,3020.527587890625
Nigeria,1995,1793.594900206683,8.825942039489746,2887.2802734375
Nigeria,1996,1820.6285301409976,8.8571014404296875,2849.6630859375
Nigeria,1997,1825.9471662524827,8.870390892028809,2953.888427734375
Nigeria,1998,1824.7629809096225,8.959192276000977,2697.86865234375
Nigeria,1999,1787.6735607753305,8.92485237121582,2958.994873046875
Nigeria,2000,1827.7999337808612,8.835886001586914,2757.335205078125
Nigeria,2001,1884.0827797883196,8.8415069580078125,2065.11962890625
Nigeria,2002,2114.1365650961125,8.89885139465332,2108.0185546875
Nigeria,2003,2207.7576076885325,8.920022964477539,2349.187255859375
Nigeria,2004,2346.0796571305823,8.921189308166504,2063.4267578125
Nigeria,2005,2428.9393690134043,8.997849464416504,2217.028076171875
Nigeria,2006,2505.959290079263,8.976456642150879,2149.91650390625
Nigeria,2007,2598.108600053018,8.943939208984375,2145.7919921875
Nigeria,2008,2697.6834240795392,8.854170799255371,2284.149658203125
Nigeria,2009,2834.379985709523,9.031179428100586,2393.057861328125
Nigeria,2010,2976.907854491078,9.1094207763671875,2480.169189453125
Nigeria,2011,3048.2747077933777,8.971369743347168,2230.114013671875
Nigeria,2012,3090.2866841549608,8.936580657958984,2368.939697265625
Nigeria,2013,3208.165424874094,9.060935020446777,2174.714599609375
Nigeria,2014,3321.656608511649,8.976553916931152,2341.174072265625
Nigeria,2015,3324.3796885761108,8.958776473999023,2094.966064453125
Nigeria,2016,3190.775350784855,9.01237964630127,2481.165771484375
Nigeria,2017,3139.217035848856,8.927363395690918,2438.522705078125
Nigeria,2018,3126.4455440796432,8.9634552001953125,2395.277099609375
Nigeria,2019,3126.1327507252404,9.875072479248047,2200.778564453125
Nigeria,2020,2865.3375181344254,8.941215515136719,2237.057373046875
North Macedonia,1990,4543.944667457129,4.755310535430908,1488.628662109375
North Macedonia,1991,4279.50564738476,4.496187210083008,1664.0068359375
North Macedonia,1992,4044.7216945467962,4.702709674835205,1511.8350830078125
North Macedonia,1993,3790.4809388700214,4.657441139221191,1472.432373046875
North Macedonia,1994,3750.352118889563,4.902486801147461,1638.409423828125
North Macedonia,1995,3697.6570499756663,4.616373538970947,1856.031005859375
North Macedonia,1996,3715.415816626429,4.546360969543457,1759.6448974609375
North Macedonia,1997,3798.519301175553,4.519501209259033,1465.537841796875
North Macedonia,1998,3906.021226774325,4.729933738708496,1662.4356689453125
North Macedonia,1999,4056.070012488198,4.807253837585449,1762.3868408203125
North Macedonia,2000,4221.316365536492,4.880478382110596,1433.5089111328125
North Macedonia,2001,4074.6812072213165,4.840476036071777,1593.0098876953125
North Macedonia,2002,4165.687443540037,4.880865573883057,1928.2353515625
North Macedonia,2003,4252.867885680459,4.764095783233643,1630.9647216796875
North Macedonia,2004,4466.088567123203,4.641175746917725,1770.486572265625
North Macedonia,2005,4702.390211910524,4.590187072753906,2002.2088623046875
North Macedonia,2006,4971.329417997912,4.781306266784668,1805.7999267578125
North Macedonia,2007,5323.455606314787,4.987462043762207,1912.447509765625
North Macedonia,2008,5647.335960963717,4.913930892944336,1641.0531005859375
North Macedonia,2009,5663.599253612254,4.8914313316345215,2029.979248046875
North Macedonia,2010,5891.37321580263,4.863778591156006,2071.657470703125
North Macedonia,2011,6056.921628762788,4.795950889587402,1596.531005859375
North Macedonia,2012,6052.963597994443,4.971033573150635,1695.1357421875
North Macedonia,2013,6253.050163153981,4.954891681671143,1744.1810302734375
North Macedonia,2014,6497.414833683415,4.968954563140869,2102.116943359375
North Macedonia,2015,6766.036838242755,4.981184005737305,1846.3897705078125
North Macedonia,2016,6981.076763087972,4.924781799316406,2024.4473876953125
North Macedonia,2017,7085.050629644454,4.907684803009033,1931.4560546875
North Macedonia,2018,7326.2083317099605,5.109521865844727,1860.1480712890625
North Macedonia,2019,7664.583550449774,5.12536096572876,1885.9249267578125
North Macedonia,2020,7384.491443588176,5.040421962738037,1885.8184814453125
Northern Mariana Islands,2002,30941.43332012045,7.491666793823242,4107.47998046875
Northern Mariana Islands,2003,31691.622804724313,7.452500343322754,3227
Northern Mariana Islands,2004,31428.60371291051,7.522916316986084,2456.380126953125
Northern Mariana Islands,2005,28133.234418784108,7.528750419616699,2063.380126953125
Northern Mariana Islands,2006,26921.972538514357,7.5112504959106445,2012.4000244140625
Northern Mariana Islands,2007,25864.569149257266,7.699166774749756,1926.300048828125
Northern Mariana Islands,2008,23722.25344379601,7.710416793823242,1693.800048828125
Northern Mariana Islands,2009,20198.498148797476,8.933500289916992,2025.300048828125
Northern Mariana Islands,2010,20947.685878377695,14.166666984558105,1828.5
Northern Mariana Islands,2011,19575.65934219322,9.366315841674805,2440.89990234375
Northern Mariana Islands,2012,19873.02647790018,7.764166355133057,2146.7001953125
Northern Mariana Islands,2013,20589.923358580814,8.119131088256836,2069.300048828125
Northern Mariana Islands,2014,21688.511491355584,8.016956329345703,2332
Northern Mariana Islands,2015,22711.350455857333,7.741250038146973,2230.800048828125
Northern Mariana Islands,2016,29774.10143115468,7.836666584014893,2083.5
Northern Mariana Islands,2017,37270.50465488176,7.850417137145996,2176.400146484375
Northern Mariana Islands,2018,30542.969898356787,7.90625,2299
Northern Mariana Islands,2019,27579.3035235612,7.855833530426025,2053.800048828125
Northern Mariana Islands,2020,19812.2054980626,7.766250133514404,1984.4000244140625
Oman,1961,3008.9005487575546,8.768106460571289,189.9320068359375
Oman,1962,3550.0005009334222,8.895028114318848,150.75784301757813
Oman,1963,3638.829581608662,8.934011459350586,247.5043487548828
Oman,1964,3566.8200537750727,8.758480072021484,130.01864624023438
Oman,1965,3505.3047764203275,8.827078819274902,162.57403564453125
Oman,1966,3604.178501788238,8.874434471130371,151.39761352539063
Oman,1967,5849.061094018932,8.87099838256836,145.4871368408203
Oman,1968,10376.81989513143,8.84133243560791,166.66012573242188
Oman,1969,12707.567552032897,8.973023414611816,138.73309326171875
Oman,1970,14092.724717599813,8.929418563842773,347.6573791503906
Oman,1971,13834.369265718342,8.835887908935547,121.65860748291016
Oman,1972,14771.29812444136,8.855594635009766,303.82012939453125
Oman,1973,12304.531758059491,8.84144401550293,145.60255432128906
Oman,1974,13245.390202616396,8.831721305847168,105.80184173583984
Oman,1975,15807.168317719143,8.763790130615234,165.39324951171875
Oman,1976,18215.83522287283,8.947749137878418,244.03160095214844
Oman,1977,17525.65139667757,8.981907844543457,159.7344207763672
Oman,1978,16034.891646745016,8.892658233642578,238.89471435546875
Oman,1979,15869.10272258643,8.970630645751953,210.02882385253906
Oman,1980,15950.748380799903,8.922506332397461,108.17573547363281
Oman,1981,17679.77998840867,8.961272239685059,190.47329711914063
Oman,1982,18660.075696572876,8.863578796386719,253.9989776611328
Oman,1983,20594.831994454315,8.865338325500488,223.57496643066406
Oman,1984,22760.152343102374,8.874527931213379,111.35877990722656
Oman,1985,24425.867584098633,8.8782320022583,95.99117279052734
Oman,1986,23364.775905703995,8.850433349609375,157.9475860595703
Oman,1987,21244.511061249974,8.997649192810059,242.4892578125
Oman,1988,21270.559935379963,8.985756874084473,184.6334228515625
Oman,1989,22528.16611277357,8.847369194030762,186.4160919189453
Oman,1990,21379.86081979201,8.993313789367676,185.19244384765625
Oman,1991,21606.479566374466,8.827771186828613,135.2633514404297
Oman,1992,22375.83212844289,8.796159744262695,195.8055877685547
Oman,1993,22748.711494349347,8.914626121520996,146.50563049316406
Oman,1994,22947.549746619996,8.924513816833496,124.60395050048828
Oman,1995,23654.542327638304,8.840781211853027,222.69517517089844
Oman,1996,23963.718007247466,8.885000228881836,128.8116912841797
Oman,1997,25017.604415675392,8.92368221282959,235.7064666748047
Oman,1998,24643.256675703728,9.182703018188477,199.6033477783203
Oman,1999,24382.8570813969,9.144672393798828,146.9710693359375
Oman,2000,25561.1949333734,9.080521583557129,117.13349914550781
Oman,2001,26415.284660592628,9.177999496459961,86.87457275390625
Oman,2002,25906.236768183957,9.18635082244873,117.07606506347656
Oman,2003,25051.954101073625,9.18982982635498,108.5970458984375
Oman,2004,25115.229238973756,9.234782218933105,130.80520629882813
Oman,2005,25236.31933644043,9.116072654724121,112.12408447265625
Oman,2006,25837.175320817078,9.304471969604492,172.24021911621094
Oman,2007,26539.599890929414,9.205585479736328,258.78448486328125
Oman,2008,28294.509289950798,9.23408031463623,115.33990478515625
Oman,2009,29337.77758633658,9.228130340576172,177.31204223632813
Oman,2010,29269.448026719394,9.334342956542969,123.15083312988281
Oman,2011,26991.0716906514,9.205765724182129,104.68704986572266
Oman,2012,25487.121662026657,9.078619003295898,123.99476623535156
Oman,2013,24813.201380014616,8.943927764892578,225.61912536621094
Oman,2014,24075.569007059086,8.818575859069824,163.67066955566406
Oman,2015,24181.128418788332,8.754283905029297,86.82915496826172
Oman,2016,24209.7960205081,8.857237815856934,78.368682861328125
Oman,2017,23499.261804353788,8.80824089050293,114.0986557006836
Oman,2018,23488.63115295775,8.940764427185059,120.4320068359375
Oman,2019,23257.095912439792,8.76534652709961,114.92106628417969
Oman,2020,22812.641512176036,8.728215217590332,91.22552490234375
Pakistan,1961,549.510548449525,7.107877731323242,984.6773681640625
Pakistan,1962,559.4217442377834,7.122922897338867,811.12890625
Pakistan,1963,592.1463542550948,7.285224914550781,695.27850341796875
Pakistan,1964,620.015160044605,7.065618515014648,825.3448486328125
Pakistan,1965,666.1404448705088,7.121276378631592,831.74462890625
Pakistan,1966,685.41555724807165,7.16478157043457,767.41461181640625
Pakistan,1967,702.3337902753815,7.099825382232666,1000.0317993164063
Pakistan,1968,731.9804820864945,7.068470001220703,674.05706787109375
Pakistan,1969,750.4942287420993,7.275941371917725,699.27838134765625
Pakistan,1970,812.0084284104236,7.244197368621826,856.076171875
Pakistan,1971,793.6358595108669,7.230335712432861,676.18548583984375
Pakistan,1972,778.2554720440302,7.079229831695557,809.751708984375
Pakistan,1973,809.320185661669,7.1788482666015625,911.12542724609375
Pakistan,1974,813.688816609036,7.133538722991943,690.45477294921875
Pakistan,1975,822.9836232687267,7.001641750335693,989.4010009765625
Pakistan,1976,839.3291424309876,7.111147880554199,1002.4231567382813
Pakistan,1977,845.527742019576,7.308002948760986,883.83148193359375
Pakistan,1978,884.7801632236554,7.1844401359558105,1009.1861572265625
Pakistan,1979,886.7771944485546,7.172110080718994,907.42108154296875
Pakistan,1980,938.245338516705,7.305508613586426,815.540771484375
Pakistan,1981,971.1272895050444,7.210143089294434,887.75152587890625
Pakistan,1982,996.4396070920264,7.040343284606934,989.76171875
Pakistan,1983,1027.7752519602482,7.07665491104126,983.696533203125
Pakistan,1984,1046.5055619961608,7.1914520263671875,807.07415771484375
Pakistan,1985,1090.8322304962421,7.220394134521484,767.75048828125
Pakistan,1986,1112.5911247223655,7.081422805786133,929.2164306640625
Pakistan,1987,1144.679248309084,7.336925029754639,717.83807373046875
Pakistan,1988,1191.240229527115,7.368557453155518,883.76361083984375
Pakistan,1989,1210.1221317475395,7.134624004364014,888.68804931640625
Pakistan,1990,1222.5163455546442,7.267932891845703,963.021240234375
Pakistan,1991,1242.6213376820767,7.170502185821533,797.85113525390625
Pakistan,1992,1300.6080264800396,7.143346309661865,933.103271484375
Pakistan,1993,1287.2801637421098,7.329068660736084,748.01641845703125
Pakistan,1994,1297.3157167934744,7.232010841369629,1037.6923828125
Pakistan,1995,1322.9024871818576,7.194021224975586,914.831787109375
Pakistan,1996,1347.228127738896,7.18116569519043,889.68524169921875
Pakistan,1997,1322.9437866623991,7.110307216644287,1004.7349853515625
Pakistan,1998,1319.732575107698,7.389517307281494,825.1932373046875
Pakistan,1999,1331.3016631448281,7.466707706451416,741.8131103515625
Pakistan,2000,1349.3567492592001,7.411096096038818,684.2156982421875
Pakistan,2001,1360.060375940368,7.492316722869873,719.09588623046875
Pakistan,2002,1361.5697849729604,7.485171794891357,685.41986083984375
Pakistan,2003,1401.725550222493,7.315473556518555,990.8525390625
Pakistan,2004,1474.6497037383551,7.524759292602539,746.51220703125
Pakistan,2005,1544.3804998565395,7.282576084136963,879.46282958984375
Pakistan,2006,1599.288341116568,7.598698616027832,980.9185791015625
Pakistan,2007,1626.819829850255,7.423467636108398,866.11834716796875
Pakistan,2008,1617.4296289632775,7.49256706237793,946.805908203125
Pakistan,2009,1631.600751760172,7.5409064292907715,799.72686767578125
Pakistan,2010,1615.6848989336836,7.601885795593262,1093.5042724609375
Pakistan,2011,1622.2890842155653,7.515675067901611,849.36883544921875
Pakistan,2012,1639.846664232522,7.287200927734375,792.1951904296875
Pakistan,2013,1683.8326814330417,7.484129905700684,938.75201416015625
Pakistan,2014,1727.0398975981107,7.412547588348389,766.57818603515625
Pakistan,2015,1774.8182216104035,7.494165420532227,1065.91748046875
Pakistan,2016,1867.0212457233338,7.657581806182861,853.7852783203125
Pakistan,2017,1922.4015166796326,7.549252510070801,822.51611328125
Pakistan,2018,2007.7949654265085,7.6078057289123535,653.522705078125
Pakistan,2019,2023.4175398899579,7.405808925628662,986.82244873046875
Pakistan,2020,1961.9280401896017,7.359359264373779,1065.64404296875
Palau,1970,16772.89855238799,7.669464588165283,6787.08251953125
Palau,1971,16235.66697228708,7.652656555175781,8021.36279296875
Palau,1972,15709.923248206942,7.640453815460205,7796.962890625
Palau,1973,15292.687704708122,8.206389427185059,6693.25390625
Palau,1974,15145.928420656574,7.625557899475098,9178.1083984375
Palau,1975,15188.063637871608,7.563592433929443,8714.6962890625
Palau,1976,15250.447215603856,7.8044538497924805,8180.1708984375
Palau,1977,15558.700503908456,9.2204132080078125,7034.61962890625
Palau,1978,15588.471514838895,7.651481628417969,8415.2763671875
Palau,1979,15659.806900887577,7.589212417602539,8616.5908203125
Palau,1980,15685.128236776785,8.229375839233398,8721.1142578125
Palau,1981,15461.38362314989,7.511064529418945,8124.23681640625
Palau,1982,15049.20753542576,7.521555423736572,8741.2451171875
Palau,1983,14971.970328842055,7.565380096435547,6838.91943359375
Palau,1984,15275.223088094774,7.498340129852295,8463.7705078125
Palau,1985,15692.665696614959,7.505818843841553,8791.474609375
Palau,1986,16149.37889856881,7.675521373748779,7886.5849609375
Palau,1987,16659.092195529385,7.897944927215576,8669.640625
Palau,1988,17191.760922104862,7.878010272979736,8366.4345703125
Palau,1989,17762.530098149287,7.709807872772217,7622.37109375
Palau,1990,18342.80215104394,7.768921375274658,8098.49853515625
Palau,1991,18805.05894007382,7.718733787536621,9702.455078125
Palau,1992,17188.70809929067,7.588651180267334,7207.646484375
Palau,1993,14721.84370687278,7.675625801086426,7366.26513671875
Palau,1994,15421.645741208291,7.6629204750061035,7096.30126953125
Palau,1995,16679.8870907668,7.685578346252441,7378.6484375
Palau,1996,17935.8270842935,7.824040412902832,8038.4287109375
Palau,1997,17888.323537795357,7.5829901695251465,7572.31201171875
Palau,1998,17836.328560085043,8.459484100341797,7005.54931640625
Palau,1999,16536.612576530133,7.906796455383301,9212.1640625
Palau,2000,15873.385934383166,7.7037482261657715,8614.9677734375
Palau,2001,16886.221071963962,7.924662113189697,8824.2421875
Palau,2002,17545.49841889182,7.838174819946289,8674.36328125
Palau,2003,17035.905500786328,8.02617359161377,9159.798828125
Palau,2004,17484.28918603624,7.804596900939941,7819.26611328125
Palau,2005,17989.58837549264,7.664398193359375,8527.7919921875
Palau,2006,18238.60027893207,8.421711921691895,6317.9267578125
Palau,2007,18758.427581389024,8.358778953552246,5700.0078125
Palau,2008,18058.062407933547,7.701122760772705,7859.60302734375
Palau,2009,17148.328292223956,7.712306022644043,7744.00048828125
Palau,2010,16979.112239161037,7.99739933013916,6406.09814453125
Palau,2011,18157.568072391983,7.891782283782959,7740.86962890625
Palau,2012,18783.314555381916,7.863142013549805,6595.45458984375
Palau,2013,18425.260041186117,7.936291694641113,7162.07861328125
Palau,2014,19304.21973114028,7.646508693695068,7937.63330078125
Palau,2015,20768.65391600639,7.769660949707031,7072.88671875
Palau,2016,21012.297541081105,7.900867938995361,6897.3359375
Palau,2017,20366.968302007874,8.23586654663086,8878.8212890625
Palau,2018,20111.363948329516,8.493069648742676,5714.29638671875
Palau,2019,20056.56925734175,8.21190357208252,4716.1552734375
Palau,2020,18684.51418442333,7.96510124206543,8504.15234375
Panama,1961,3521.3263648650063,8.345710754394531,5586.2978515625
Panama,1962,3698.6658713215206,8.310742378234863,5956.42578125
Panama,1963,3894.5110160172444,8.3690338134765625,5573.8974609375
Panama,1964,3945.6226059405617,8.34315299987793,5462.62890625
Panama,1965,4179.46085901446,8.34847354888916,5297.92626953125
Panama,1966,4364.4295026934005,8.3985748291015625,5599.0224609375
Panama,1967,4600.425463132229,8.26672077178955,5795.04150390625
Panama,1968,4780.880091937777,8.279172897338867,5710.10009765625
Panama,1969,5038.392154022759,8.432744026184082,5817.6416015625
Panama,1970,5238.780626817451,8.336641311645508,6572.552734375
Panama,1971,5583.821526092993,8.256082534790039,5857.392578125
Panama,1972,5680.4044190554605,8.3650360107421875,5699.51611328125
Panama,1973,5825.023219677724,8.387681007385254,6267.29833984375
Panama,1974,5811.242652880775,8.221833229064941,5733.9306640625
Panama,1975,5760.665440127247,8.230809211730957,6595.71240234375
Panama,1976,5709.731596933156,8.2848482131958,5465.560546875
Panama,1977,5630.841453516448,8.400028228759766,5377.0673828125
Panama,1978,6033.953439384417,8.347596168518066,5428.07275390625
Panama,1979,6157.117539290824,8.354741096496582,5694.451171875
Panama,1980,6799.191276178503,8.457374572753906,5706.625
Panama,1981,7251.5024484557225,8.379755020141602,6532.89111328125
Panama,1982,7461.218536078338,8.41512393951416,5781.13916015625
Panama,1983,6960.479312588515,8.538078308105469,5731.91259765625
Panama,1984,6983.951599353305,8.280580520629883,5775.6484375
Panama,1985,7162.170369873929,8.308075904846191,5592.06201171875
Panama,1986,7251.60977090728,8.355347633361816,5622.484375
Panama,1987,6963.769661375704,8.539320945739746,5855.64453125
Panama,1988,5901.591544316464,8.422595024108887,5736.20166015625
Panama,1989,5866.693187314567,8.426397323608398,5677.72705078125
Panama,1990,6208.152130977242,8.564624786376953,5380.67333984375
Panama,1991,6650.224630031854,8.537837982177734,5350.119140625
Panama,1992,7046.560485313816,8.527846336364746,5261.55908203125
Panama,1993,7278.231155599991,8.49191951751709,5585.19091796875
Panama,1994,7332.996667917928,8.4659271240234375,5054.09228515625
Panama,1995,7310.794587243303,8.494378089904785,5595.75146484375
Panama,1996,7456.693056818007,8.422874450683594,5527.1875
Panama,1997,7871.654703737203,8.547131538391113,5635.310546875
Panama,1998,8363.193490471871,8.61725902557373,5283.6328125
Panama,1999,8626.436204245629,8.381430625915527,5456.96435546875
Panama,2000,8814.691135331283,8.37523078918457,5085.796875
Panama,2001,8726.89773267683,8.461091041564941,5321.96142578125
Panama,2002,8774.871981504932,8.49919605255127,5302.33349609375
Panama,2003,9047.309142711249,8.52971363067627,5699.79931640625
Panama,2004,9602.309266223401,8.43395709991455,5449.61474609375
Panama,2005,10202.848987404423,8.482354164123535,4968.7197265625
Panama,2006,11002.67072798186,8.494675636291504,5054.41357421875
Panama,2007,12223.620601076596,8.46115493774414,5819.4501953125
Panama,2008,13227.090892506243,8.380376815795898,5780.8623046875
Panama,2009,13199.974139327795,8.548882484436035,5139.56689453125
Panama,2010,13754.105348314324,8.566030502319336,5693.6962890625
Panama,2011,15121.313249628043,8.459671974182129,5645.08740234375
Panama,2012,16287.146111665556,8.51693058013916,4966.0576171875
Panama,2013,17018.091437031864,8.559883117675781,4826.115234375
Panama,2014,17499.85270183978,8.591745376586914,5339.97119140625
Panama,2015,18105.535543694685,8.626909255981445,3705.79736328125
Panama,2016,18608.83303783719,8.623035430908203,3815.6171875
Panama,2017,19343.48771715865,8.216378211975098,3738.18505859375
Panama,2018,19767.882031238343,8.34773063659668,3977.466796875
Panama,2019,20059.596942913908,8.454323768615723,3761.5361328125
Panama,2020,16259.874795321328,8.203438758850098,4273.04833984375
Papua New Guinea,1961,1747.139379639099,7.952761650085449,7276.76708984375
Papua New Guinea,1962,1816.0849399801755,8.026482582092285,7247.583984375
Papua New Guinea,1963,1848.1583629284569,7.962120056152344,7004.982421875
Papua New Guinea,1964,1963.5015789022395,8.040706634521484,7292.4296875
Papua New Guinea,1965,2119.1309032250065,7.877545356750488,6440.36328125
Papua New Guinea,1966,2193.327438954488,7.98800802230835,7151.029296875
Papua New Guinea,1967,2232.0641677515546,7.955574035644531,7052.84423828125
Papua New Guinea,1968,2277.4707800087267,7.9735822677612305,6606.14208984375
Papua New Guinea,1969,2409.337275917357,8.026769638061523,7097.8056640625
Papua New Guinea,1970,2608.0116673690923,8.063206672668457,7579.708984375
Papua New Guinea,1971,2706.5237742002455,8.069328308105469,7309.6962890625
Papua New Guinea,1972,2791.8109169772633,7.982131004333496,6347.9892578125
Papua New Guinea,1973,2905.3459861413476,8.121870994567871,7567.83349609375
Papua New Guinea,1974,2913.9984155014886,8.032942771911621,6859.86279296875
Papua New Guinea,1975,2824.5859306352468,8.07430362701416,7661.2099609375
Papua New Guinea,1976,2669.594228409871,7.998812675476074,6734.50390625
Papua New Guinea,1977,2634.2036807762265,8.006265640258789,7396.92431640625
Papua New Guinea,1978,2799.0823156046517,8.093374252319336,6872.55810546875
Papua New Guinea,1979,2791.24623150372,8.069677352905273,6494.6259765625
Papua New Guinea,1980,2671.070503065627,8.074518203735352,6895.4765625
Papua New Guinea,1981,2609.14972447487,8.138566970825195,7294.24755859375
Papua New Guinea,1982,2564.3982399909073,8.093036651611328,6218.14111328125
Papua New Guinea,1983,2591.9923425589513,8.205711364746094,7324.7626953125
Papua New Guinea,1984,2528.516749597838,8.107505798339844,7257.20166015625
Papua New Guinea,1985,2573.9250663601038,8.109541893005371,7298.29248046875
Papua New Guinea,1986,2637.217226283301,8.1372652053833,6995.84375
Papua New Guinea,1987,2652.271043661446,8.143383026123047,6702.84765625
Papua New Guinea,1988,2671.0936390662373,8.161547660827637,6940.146484375
Papua New Guinea,1989,2574.7708155576065,8.09621524810791,7196.55712890625
Papua New Guinea,1990,2432.867117547084,8.133816719055176,7104.30517578125
Papua New Guinea,1991,2582.061424027135,7.901517868041992,6778.95947265625
Papua New Guinea,1992,2837.451531471448,7.977217197418213,6392.55615234375
Papua New Guinea,1993,3234.260931123745,7.783862590789795,6420.861328125
Papua New Guinea,1994,3304.5847399983904,7.8213090896606445,5885.5849609375
Papua New Guinea,1995,3082.246891401314,8.816028594970703,5038.75634765625
Papua New Guinea,1996,3203.9723175179843,8.521374702453613,6697.03125
Papua New Guinea,1997,2971.1493413840467,9.535099029541016,3097.6337890625
Papua New Guinea,1998,2760.374712664484,9.7050018310546875,3147.8134765625
Papua New Guinea,1999,2715.4406099222806,9.60853385925293,3176.972900390625
Papua New Guinea,2000,2557.9260785550373,9.659296989440918,3135.59130859375
Papua New Guinea,2001,2469.4740908079475,9.621702194213867,3117.317138671875
Papua New Guinea,2002,2384.1553408235836,9.523456573486328,3128.350830078125
Papua New Guinea,2003,2356.205542825667,8.9939727783203125,3086.0693359375
Papua New Guinea,2004,2342.280160691729,8.9468412399292,3106.14208984375
Papua New Guinea,2005,2411.6741890015064,9.688411712646484,3111.283447265625
Papua New Guinea,2006,2462.344968085451,10.014278411865234,3094.343994140625
Papua New Guinea,2007,2572.574651007112,10.384174346923828,3178.05908203125
Papua New Guinea,2008,2486.5116549403197,10.382104873657227,3159.314208984375
Papua New Guinea,2009,2575.491147960692,10.39909839630127,3186.529541015625
Papua New Guinea,2010,2751.9717892613244,10.528018951416016,3311.55615234375
Papua New Guinea,2011,2702.5027649589206,10.384051322937012,3188.668212890625
Papua New Guinea,2012,2750.6495839307163,10.37502670288086,3188.555908203125
Papua New Guinea,2013,2779.73763659322,10.351640701293945,3135.786865234375
Papua New Guinea,2014,3074.4780851152855,10.363759994506836,3163.44091796875
Papua New Guinea,2015,3194.3513380816075,10.392423629760742,3080.74951171875
Papua New Guinea,2016,3287.5596421270147,10.481901168823242,3114.650146484375
Papua New Guinea,2017,3323.292991572252,10.455207824707031,3099.099365234375
Papua New Guinea,2018,3237.887267916862,10.410661697387695,3076.556884765625
Papua New Guinea,2019,3307.445169816655,10.397588729858398,3149.873779296875
Papua New Guinea,2020,3135.2302172029254,10.756058692932129,3117.80859375
Paraguay,1961,2025.5915666506885,8.2326202392578125,2846.794921875
Paraguay,1962,2043.9397580631962,7.934518337249756,2412.422607421875
Paraguay,1963,2088.5821105232317,8.335600852966309,2665.64599609375
Paraguay,1964,2122.7978907034562,8.010761260986328,2571.53955078125
Paraguay,1965,2198.524477308673,8.074674606323242,3050.894287109375
Paraguay,1966,2188.3434762780926,8.10937786102295,2633.613525390625
Paraguay,1967,2332.44768734078,8.125064849853516,2435.9833984375
Paraguay,1968,2382.0690878521978,7.976145267486572,2608.593017578125
Paraguay,1969,2437.8695347173207,7.989326477050781,2790.1376953125
Paraguay,1970,2516.105084406583,8.018230438232422,2546.75390625
Paraguay,1971,2596.1903053232622,7.84846305847168,2784.11669921875
Paraguay,1972,2704.8490475482886,7.959023952484131,2764.945068359375
Paraguay,1973,2833.0001691388525,7.886165142059326,2914.64892578125
Paraguay,1974,2994.9991106258653,7.852583408355713,2751.77001953125
Paraguay,1975,3121.727092833344,7.835789203643799,2747.6123046875
Paraguay,1976,3274.919279463284,7.745680332183838,2576.268798828125
Paraguay,1977,3562.1995459075733,8.108879089355469,2543.837890625
Paraguay,1978,3892.415554854797,8.0492582321167,2381.4443359375
Paraguay,1979,4244.773981828716,7.870809555053711,2936.962646484375
Paraguay,1980,4618.819856383905,7.965878963470459,2607.741455078125
Paraguay,1981,4906.798931559833,7.945298194885254,2556.590576171875
Paraguay,1982,4705.3723244051635,7.994140625,3029.463623046875
Paraguay,1983,4435.876011824653,7.832186698913574,3251.826904296875
Paraguay,1984,4434.041691237083,7.923568248748779,2950.67919921875
Paraguay,1985,4505.574912056846,8.067556381225586,2607.787109375
Paraguay,1986,4597.26654284385,8.114250183105469,3166.552490234375
Paraguay,1987,4808.162950538217,7.854960918426514,2941.55712890625
Paraguay,1988,4951.748543045961,7.956475734710693,2400.7724609375
Paraguay,1989,5150.56806148648,7.945092678070068,2823.59912109375
Paraguay,1990,5219.496818859155,7.9306159019470215,3105.9775390625
Paraguay,1991,5260.274185069717,8.062148094177246,2754.39892578125
Paraguay,1992,5212.131041473921,7.910511493682861,3286.409423828125
Paraguay,1993,5332.649193557005,8.030621528625488,2633.67724609375
Paraguay,1994,5479.678220160153,8.248835563659668,2801.62451171875
Paraguay,1995,5715.012012214643,8.043320655822754,2634.860595703125
Paraguay,1996,5671.534801403588,7.90120792388916,3050.73828125
Paraguay,1997,5780.366822828646,8.186016082763672,3116.80078125
Paraguay,1998,5659.627384769048,7.924365997314453,3199.81005859375
Paraguay,1999,5467.26605175025,7.9812822341918945,2457.844970703125
Paraguay,2000,5238.416753492976,7.9354095458984375,2819.53369140625
Paraguay,2001,5107.78672897752,8.162983894348145,2654.32080078125
Paraguay,2002,5035.218746172266,8.10234546661377,2991.427734375
Paraguay,2003,5188.570098942834,8.024456977844238,2787.119873046875
Paraguay,2004,5337.2280042582315,7.962871074676514,2814.903076171875
Paraguay,2005,5391.142266448821,8.058959007263184,2742.241455078125
Paraguay,2006,5591.7455444697825,8.173860549926758,2780.56103515625
Paraguay,2007,5837.397500418743,7.990278244018555,2782.94140625
Paraguay,2008,6156.602751161431,8.001727104187012,2751.006591796875
Paraguay,2009,6078.092085765376,8.054186820983887,2817.09228515625
Paraguay,2010,6673.936406835117,7.913447856903076,2810.432861328125
Paraguay,2011,6868.251394839881,7.979977607727051,2743.600830078125
Paraguay,2012,6724.35018241655,8.215290069580078,2877.097900390625
Paraguay,2013,7178.009290363432,7.989088535308838,2743.607421875
Paraguay,2014,7449.738734090555,8.217732429504395,3237.7236328125
Paraguay,2015,7558.841917437925,8.194050788879395,3200.1904296875
Paraguay,2016,7767.917406772815,7.945719242095947,2998.871337890625
Paraguay,2017,8026.560270299361,8.190805435180664,2872.85009765625
Paraguay,2018,8169.404489201649,8.039226531982422,2920.131591796875
Paraguay,2019,8027.077849044872,8.179353713989258,2814.265869140625
Paraguay,2020,7854.361838538692,8.217659950256348,2445.467041015625
Peru,1961,3625.11004073924,6.958524227142334,3841.46435546875
Peru,1962,3874.429884612191,6.974390029907227,3825.74658203125
Peru,1963,3926.532143520017,7.0019450187683105,3774.526611328125
Peru,1964,4064.336146475522,6.898391246795654,3921.485595703125
Peru,1965,4171.237492190728,7.078380584716797,4114.6201171875
Peru,1966,4387.97190541339,6.9509806632995605,3659.414794921875
Peru,1967,4429.809039063421,6.890741348266602,4041.08056640625
Peru,1968,4313.484206928852,6.872718811035156,3849.3974609375
Peru,1969,4342.056860154243,7.071811676025391,3622.395263671875
Peru,1970,4377.020487232221,6.908126354217529,4190.345703125
Peru,1971,4466.518285243089,6.814074993133545,3851.1904296875
Peru,1972,4500.824198126702,7.159679889678955,4454.84619140625
Peru,1973,4661.081807923519,6.904849052429199,4262.52685546875
Peru,1974,4971.222612839289,6.74481725692749,4015.438720703125
Peru,1975,5057.412272993989,6.780807971954346,4149.232421875
Peru,1976,5005.620349634949,6.943370342254639,3971.91796875
Peru,1977,4900.555331210061,6.893860340118408,4045.44384765625
Peru,1978,4653.702131094158,6.860086917877197,3665.92431640625
Peru,1979,4724.759145877758,6.945738315582275,3529.498046875
Peru,1980,4882.219805132937,6.975252151489258,3813.024169921875
Peru,1981,5026.510373435465,6.913755893707275,4156.12744140625
Peru,1982,4892.258888318207,7.024792194366455,4164.0439453125
Peru,1983,4275.411862100519,7.245887756347656,3845.596435546875
Peru,1984,4321.389782273246,6.923871994018555,3847.1025390625
Peru,1985,4304.174831230233,6.935242652893066,3441.44287109375
Peru,1986,4600.10015381438,6.915313243865967,3650.533447265625
Peru,1987,4933.429632267856,7.142682075500488,3696.615478515625
Peru,1988,4367.415106030516,7.007044792175293,3530.27783203125
Peru,1989,3744.702144342931,6.860562801361084,3665.392822265625
Peru,1990,3480.1876957143813,6.909857749938965,3827.093017578125
Peru,1991,3483.2154474201748,6.951146125793457,3297.671630859375
Peru,1992,3394.551295592848,7.132899761199951,3475.39208984375
Peru,1993,3501.223312537677,7.0136637687683105,3973.775146484375
Peru,1994,3855.1567025306267,6.987301349639893,4061.821044921875
Peru,1995,4061.3852019297665,7.038540363311768,3477.8388671875
Peru,1996,4097.277524092618,6.8945393562316895,3627.5537109375
Peru,1997,4282.735233723962,7.242214679718018,3831.75048828125
Peru,1998,4189.069544548812,7.2739577293396,3632.284423828125
Peru,1999,4178.887822168379,6.9751057624816895,3892.77392578125
Peru,2000,4225.036742257971,7.0117974281311035,4128.22802734375
Peru,2001,4193.398096846138,6.940582275390625,3937.0498046875
Peru,2002,4369.643938547179,7.022700309753418,3761.783203125
Peru,2003,4503.406463519759,6.9887871742248535,3764.066162109375
Peru,2004,4680.585282101381,7.039193630218506,3809.861572265625
Peru,2005,4930.684093525819,7.0518412590026855,3598.185546875
Peru,2006,5260.109926682823,6.999385833740234,3741.223876953125
Peru,2007,5666.930094715529,6.881118297576904,3502.95068359375
Peru,2008,6143.570295264885,6.969497203826904,3900.61669921875
Peru,2009,6172.684262157264,6.980618476867676,3990.428955078125
Peru,2010,6643.520792435506,7.068005561828613,3545.565673828125
Peru,2011,7011.303197797962,6.975415229797363,4078.45068359375
Peru,2012,7379.756309563044,7.002331256866455,3315.815673828125
Peru,2013,7741.5647202110395,6.943224906921387,3772.86181640625
Peru,2014,7847.57684231243,7.017753601074219,3617.003173828125
Peru,2015,8011.875273272064,7.18050479888916,3996.07861328125
Peru,2016,8218.279639454386,6.982173919677734,3187.902099609375
Peru,2017,8302.059363993354,6.717282772064209,2120.814208984375
Peru,2018,8476.555816039627,6.584357738494873,1954.362060546875
Peru,2019,8519.132393871843,6.655261516571045,2262.38818359375
Peru,2020,7497.763099774206,6.54526424407959,2022.3333740234375
Philippines,1961,1479.3201765680008,8.386116027832031,5838.453125
Philippines,1962,1502.4360408583173,8.345608711242676,6256.52099609375
Philippines,1963,1557.992969183011,8.349233627319336,5804.5654296875
Philippines,1964,1561.7056501898203,8.402802467346191,6492.7529296875
Philippines,1965,1595.6470767089384,8.337125778198242,5813.24658203125
Philippines,1966,1617.3428690743433,8.490877151489258,6136.1640625
Philippines,1967,1652.4526222768438,8.349629402160645,5780.568359375
Philippines,1968,1686.173464451202,8.378252029418945,5239.3203125
Philippines,1969,1716.0140176645014,8.43923282623291,4985.97314453125
Philippines,1970,1733.9070643362993,8.43961238861084,6078.18603515625
Philippines,1971,1784.8191182575356,8.319734573364258,6729.22802734375
Philippines,1972,1839.2493242008202,8.437518119812012,6069.98876953125
Philippines,1973,1956.800107020484,8.420185089111328,5705.49462890625
Philippines,1974,1979.9739387677805,8.419445991516113,6098.9951171875
Philippines,1975,2040.9876550522977,8.430219650268555,5950.06396484375
Philippines,1976,2164.617829859335,8.371423721313477,5990.37841796875
Philippines,1977,2224.959234462195,8.11562728881836,5692.09130859375
Philippines,1978,2278.4866244020227,8.389039039611816,5965.9130859375
Philippines,1979,2342.6627891493977,8.480890274047852,5377.6748046875
Philippines,1980,2401.062190987434,8.334653854370117,6027.08056640625
Philippines,1981,2419.378477657795,8.450366020202637,5379.68896484375
Philippines,1982,2440.3657584455814,8.43338394165039,5399.16845703125
Philippines,1983,2415.2470430619233,8.542816162109375,5088.38818359375
Philippines,1984,2181.224405329651,8.438063621520996,6342.53515625
Philippines,1985,1976.9183248040915,8.446391105651855,5991.4345703125
Philippines,1986,1994.5876538491655,8.453973770141602,6376.47607421875
Philippines,1987,2027.4548886068885,8.591046333312988,5067.22314453125
Philippines,1988,2105.961856562243,8.553492546081543,6168.1162109375
Philippines,1989,2180.4859534843536,8.455667495727539,6192.4296875
Philippines,1990,2190.865522094214,8.562469482421875,5973.1123046875
Philippines,1991,2129.549478636221,8.5056734085083,5295.6845703125
Philippines,1992,2088.3644517889293,8.60721206665039,5128.44384765625
Philippines,1993,2083.229080609873,8.596715927124023,5746.93359375
Philippines,1994,2127.444389493017,8.556434631347656,5662.35986328125
Philippines,1995,2177.665683127435,8.471270561218262,6209.4765625
Philippines,1996,2252.7859811594735,8.403428077697754,6040.56884765625
Philippines,1997,2314.52492823374,8.446751594543457,5492.68408203125
Philippines,1998,2245.442155955564,8.55431842803955,5848.99365234375
Philippines,1999,2262.0209578351746,8.466313362121582,7162.72314453125
Philippines,2000,2305.639049057253,8.516096115112305,7203.607421875
Philippines,2001,2324.102845837465,8.461283683776855,6257.9130859375
Philippines,2002,2362.0882051008666,8.405917167663574,5697.1220703125
Philippines,2003,2433.529011307596,8.395445823669434,5899.52490234375
Philippines,2004,2543.4830396497455,8.349814414978027,5792.25439453125
Philippines,2005,2620.02206456321,8.355436325073242,5870.5654296875
Philippines,2006,2713.28757642973,8.325042724609375,5969.1533203125
Philippines,2007,2840.4730659641336,8.413900375366211,6272.0087890625
Philippines,2008,2911.955595523141,8.270710945129395,6564.72900390625
Philippines,2009,2901.386498651482,8.330255508422852,6268.423828125
Philippines,2010,3051.0601586586054,8.269697189331055,6304.29931640625
Philippines,2011,3107.1265970026043,8.4313201904296875,6869.13427734375
Philippines,2012,3257.535304372838,8.38616943359375,5471.38623046875
Philippines,2013,3412.6808417685515,8.445161819458008,5636.48828125
Philippines,2014,3570.1808636705364,8.39704418182373,5762.19287109375
Philippines,2015,3741.0943669676312,8.49901008605957,5453.86474609375
Philippines,2016,3955.1304137759507,8.52218246459961,5903.439453125
Philippines,2017,4175.123872363696,8.440752029418945,6300.658203125
Philippines,2018,4385.3117439788375,8.391507148742676,6457.162109375
Philippines,2019,4597.375573426209,8.383451461791992,5616.990234375
Philippines,2020,4112.404791248945,8.523428916931152,5628.78857421875
Poland,1990,6571.4629500196725,4.394645690917969,1389.16015625
Poland,1991,6088.802730949813,4.240828990936279,1337.1009521484375
Poland,1992,6222.82128873844,4.3554606437683105,1370.4295654296875
Poland,1993,6439.0445872152795,4.09385347366333,1407.8741455078125
Poland,1994,6765.559235265247,4.317232131958008,1440.52880859375
Poland,1995,7292.14136134443,4.177269458770752,1405.9197998046875
Poland,1996,7730.632268300936,3.775319814682007,1400.16064453125
Poland,1997,8216.835813694881,4.078108787536621,1484.451416015625
Poland,1998,8593.513015328823,4.168328762054443,1537.6505126953125
Poland,1999,8998.085129791007,4.330065727233887,1468.7601318359375
Poland,2000,9515.926969472002,4.481259346008301,1457.8154296875
Poland,2001,9635.98713393517,4.178697109222412,1556.3023681640625
Poland,2002,9823.735175833524,4.395864009857178,1483.943115234375
Poland,2003,10176.728060410709,4.211823463439941,1272.7408447265625
Poland,2004,10701.06412468459,4.15452766418457,1425.7989501953125
Poland,2005,11054.864287484834,4.152638912200928,1444.6292724609375
Poland,2006,11747.941190799065,4.276432514190674,1396.635986328125
Poland,2007,12548.967498154296,4.499673843383789,1541.741455078125
Poland,2008,13097.299207363381,4.448183536529541,1446.071044921875
Poland,2009,13430.706259572487,4.283353805541992,1513.514404296875
Poland,2010,13895.947071208951,4.050969123840332,1688.907470703125
Poland,2011,14618.380993243969,4.338428974151611,1404.0902099609375
Poland,2012,14839.414475929492,4.274909973144531,1459.8751220703125
Poland,2013,14949.97285901502,4.2861714363098145,1507.0146484375
Poland,2014,15547.720362858317,4.580163478851318,1557.721435546875
Poland,2015,16247.583064793624,4.574221611022949,1379.5623779296875
Poland,2016,16747.27346595886,4.428313255310059,1526.1688232421875
Poland,2017,17607.97202336821,4.41472864151001,1649.148193359375
Poland,2018,18707.778476166735,4.575323104858398,1353.1064453125
Poland,2019,19569.460113472607,4.632161617279053,1396.405029296875
Poland,2020,19400.92753112059,4.644597053527832,1480.9635009765625
Portugal,1961,5473.904225394035,6.057245254516602,2220.38232421875
Portugal,1962,5794.01065856784,5.8184027671813965,2005.4742431640625
Portugal,1963,6109.62739012613,5.76230525970459,2571.058349609375
Portugal,1964,6491.589036576415,5.878255367279053,1829.445556640625
Portugal,1965,7004.952181348016,5.762852668762207,2169.750244140625
Portugal,1966,7345.795570349166,5.802911758422852,2307.73974609375
Portugal,1967,7950.266792276189,5.7646307945251465,1803.9833984375
Portugal,1968,8692.988812389685,5.801036834716797,2080.178466796875
Portugal,1969,8957.368077336052,5.700965404510498,2327.69482421875
Portugal,1970,9860.735082717625,5.84177827835083,1962.7791748046875
Portugal,1971,10559.277847345997,5.690153121948242,1909.0836181640625
Portugal,1972,11423.288656909506,5.569373607635498,2110.473388671875
Portugal,1973,12698.845092147001,5.767545700073242,1711.924560546875
Portugal,1974,12666.061007395576,5.778934001922607,1836.5457763671875
Portugal,1975,11663.592023235904,5.713156223297119,1870.99755859375
Portugal,1976,12118.788482401538,5.777987957000732,2121.77685546875
Portugal,1977,12662.593468510691,5.771484851837158,2345.86572265625
Portugal,1978,12879.45173259045,5.806362628936768,2280.406494140625
Portugal,1979,13460.642516696871,5.782448768615723,2317.16796875
Portugal,1980,13926.96916769493,5.798344135284424,1664.89794921875
Portugal,1981,14030.140345406586,5.969635963439941,1783.1844482421875
Portugal,1982,14242.401368754689,5.9231743812561035,1777.541259765625
Portugal,1983,14151.933406397777,5.958421230316162,2004.4268798828125
Portugal,1984,13832.583870774028,5.759943008422852,2103.849853515625
Portugal,1985,14182.078722973907,5.934302806854248,2057.24169921875
Portugal,1986,14755.92520098707,5.851630687713623,1770.651123046875
Portugal,1987,15701.789259639405,5.995967388153076,2247.281982421875
Portugal,1988,16895.26695693176,5.93634557723999,1949.26025390625
Portugal,1989,18009.690866123983,6.118737697601318,2404.04931640625
Portugal,1990,18762.014874347704,6.062137603759766,1827.3084716796875
Portugal,1991,19626.762380868644,5.886682033538818,1787.8251953125
Portugal,1992,19856.023335562146,5.921453475952148,1733.2076416015625
Portugal,1993,19426.533306889734,5.774968147277832,2103.39404296875
Portugal,1994,19561.259763605787,6.031435012817383,1824.8280029296875
Portugal,1995,20328.525396022043,6.10757303237915,2125.870849609375
Portugal,1996,20961.922653445345,5.898476600646973,2585.819580078125
Portugal,1997,21786.941558421735,6.18851900100708,2379.576416015625
Portugal,1998,22719.33796459005,6.035214900970459,1818.50830078125
Portugal,1999,23473.735765735975,5.9412522315979,2021.054931640625
Portugal,2000,24198.851935610513,5.971573352813721,2160.149169921875
Portugal,2001,24495.83555529472,6.0474653244018555,2252.16455078125
Portugal,2002,24549.85946494354,6.01906681060791,2278.557373046875
Portugal,2003,24230.28364834404,6.086142063140869,2259.467529296875
Portugal,2004,24604.791746385203,5.991349220275879,2088.06787109375
Portugal,2005,24751.199624931935,6.0182576179504395,1779.4471435546875
Portugal,2006,25108.096469902615,6.156965255737305,2308.47802734375
Portugal,2007,25686.976651382032,5.9503021240234375,1927.599365234375
Portugal,2008,25731.85179320733,6.0043158531188965,2153.33935546875
Portugal,2009,24904.73002510447,6.211485385894775,2261.90234375
Portugal,2010,25325.85094786232,6.081687927246094,2836.604736328125
Portugal,2011,24928.524675961304,6.239009380340576,2099.29638671875
Portugal,2012,24015.86283908631,6.109170436859131,2129.419189453125
Portugal,2013,23910.385556639456,5.989323139190674,2292.661865234375
Portugal,2014,24217.884219788488,6.170734405517578,2221.822998046875
Portugal,2015,24705.001664766507,6.210848331451416,1771.13232421875
Portugal,2016,25279.746392173896,6.173000335693359,2363.84033203125
Portugal,2017,26181.47526498045,6.311285972595215,1720.955810546875
Portugal,2018,26996.042902433335,6.120916843414307,2284.85546875
Portugal,2019,27730.686779046657,6.195559978485107,1862.738037109375
Portugal,2020,25428.74283694903,6.287176609039307,2051.59521484375
Puerto Rico (US),1961,8529.306827805529,8.057455062866211,4811.95947265625
Puerto Rico (US),1962,9048.43443240695,8.043978691101074,4368.126953125
Puerto Rico (US),1963,9618.432035855114,8.076216697692871,4657.466796875
Puerto Rico (US),1964,10097.861022395444,8.045239448547363,3825.710693359375
Puerto Rico (US),1965,10857.589797166997,8.03398609161377,4817.90087890625
Puerto Rico (US),1966,11533.999942176526,8.10903263092041,4380.740234375
Puerto Rico (US),1967,12156.024648730434,8.049371719360352,3484.17236328125
Puerto Rico (US),1968,12707.039209378001,8.068843841552734,4224.7236328125
Puerto Rico (US),1969,13783.994005079094,8.18420124053955,5152.533203125
Puerto Rico (US),1970,14755.480137647148,8.093722343444824,5473.96044921875
Puerto Rico (US),1971,15443.645552895961,7.991010665893555,4234.73583984375
Puerto Rico (US),1972,16227.991792998097,8.1478853225708,3923.73681640625
Puerto Rico (US),1973,16888.78317803901,8.167764663696289,3859.762451171875
Puerto Rico (US),1974,17023.650345363792,8.053640365600586,4506.658203125
Puerto Rico (US),1975,16603.229337591893,8.05247688293457,4453.5458984375
Puerto Rico (US),1976,17350.86895534668,8.045021057128906,3793.0703125
Puerto Rico (US),1977,18116.507691818028,8.195181846618652,4513.701171875
Puerto Rico (US),1978,19120.193516424362,8.173513412475586,4457.14892578125
Puerto Rico (US),1979,20380.177049849975,8.224306106567383,5925.40625
Puerto Rico (US),1980,20993.77367602048,8.319846153259277,3908.708984375
Puerto Rico (US),1981,20995.3999831819,8.282262802124023,5146.68115234375
Puerto Rico (US),1982,20448.480608683698,8.20733642578125,4362.46142578125
Puerto Rico (US),1983,19766.42703517224,8.329399108886719,4413.30078125
Puerto Rico (US),1984,20731.37457045604,8.188572883605957,4808.1015625
Puerto Rico (US),1985,21165.857814745494,8.200072288513184,4502.9765625
Puerto Rico (US),1986,22007.21262710472,8.224715232849121,4654.4248046875
Puerto Rico (US),1987,23058.394604067307,8.382569313049316,5163.765625
Puerto Rico (US),1988,24190.910686871037,8.266810417175293,4706.4404296875
Puerto Rico (US),1989,25010.970756945884,8.240581512451172,4464.4736328125
Puerto Rico (US),1990,24085.137622990056,8.312583923339844,4350.45458984375
Puerto Rico (US),1991,24466.4602210377,8.288466453552246,4007.90380859375
Puerto Rico (US),1992,25418.527630347082,8.301433563232422,4677.64599609375
Puerto Rico (US),1993,26376.027377637034,8.295970916748047,4010.71240234375
Puerto Rico (US),1994,27226.042164003262,8.328523635864258,3805.869384765625
Puerto Rico (US),1995,28202.82103136401,8.319438934326172,4417.9072265625
Puerto Rico (US),1996,28533.44346600169,8.28823471069336,4056.029052734375
Puerto Rico (US),1997,29649.083642982507,8.421478271484375,4301.05517578125
Puerto Rico (US),1998,31109.56396980149,8.517711639404297,5072.38671875
Puerto Rico (US),1999,32622.520777735197,8.375548362731934,4195.05810546875
Puerto Rico (US),2000,33596.874406579016,8.354776382446289,3831.10107421875
Puerto Rico (US),2001,35641.59670477501,8.427445411682129,3091.82275390625
Puerto Rico (US),2002,35921.89088551548,8.426478385925293,3401.76708984375
Puerto Rico (US),2003,35918.591838371445,8.455348014831543,3848.201171875
Puerto Rico (US),2004,39053.001294477275,8.3253936767578125,3510.795654296875
Puerto Rico (US),2005,38332.293638853764,8.394730567932129,3134.162109375
Puerto Rico (US),2006,37952.40910027074,8.3746795654296875,3523.705810546875
Puerto Rico (US),2007,37731.41320753805,8.353271484375,2866.985595703125
Puerto Rico (US),2008,37253.513383038844,8.254888534545898,3366.273193359375
Puerto Rico (US),2009,36725.925058019944,8.379955291748047,2969.606689453125
Puerto Rico (US),2010,36730.7331633072,8.481664657592773,3543.2158203125
Puerto Rico (US),2011,36906.242807901035,8.343283653259277,3089.7587890625
Puerto Rico (US),2012,37243.95212117568,8.392086029052734,2882.38525390625
Puerto Rico (US),2013,37432.508228082006,8.405656814575195,3921.46484375
Puerto Rico (US),2014,37465.741240467454,8.432618141174316,3282.391845703125
Puerto Rico (US),2015,37595.38432206022,8.495512962341309,3263.63720703125
Puerto Rico (US),2016,37704.06572456218,8.440884590148926,3766.40185546875
Puerto Rico (US),2017,37363.34148961708,8.2569122314453125,3467.879638671875
Puerto Rico (US),2018,37038.448871299,8.110123634338379,3222.75634765625
Puerto Rico (US),2019,37522.17297718451,8.313841819763184,3185.9130859375
Puerto Rico (US),2020,36184.60268795521,8.171031951904297,3341.160400390625
Qatar,1970,97418.0561620025,9.017998695373535,105.83734893798828
Qatar,1971,94932.01065678043,8.755315780639648,148.127685546875
Qatar,1972,94538.25976042554,8.623979568481445,246.2942657470703
Qatar,1973,94810.18910257905,8.884642601013184,119.69213104248047
Qatar,1974,91650.70182150281,8.806904792785645,211.2608184814453
Qatar,1975,89136.11707492487,8.752461433410645,219.9490966796875
Qatar,1976,89202.4894710636,8.686822891235352,431.6156921386719
Qatar,1977,76727.89868828833,8.978431701660156,277.694091796875
Qatar,1978,77820.97641684182,8.95373821258545,150.7279815673828
Qatar,1979,76551.11186454921,9.005388259887695,284.0272216796875
Qatar,1980,71037.64443907049,8.95279312133789,239.7190704345703
Qatar,1981,67370.4646531438,8.95775318145752,166.91775512695313
Qatar,1982,59117.36620470405,8.787811279296875,412.1437072753906
Qatar,1983,54839.575790185336,8.797968864440918,268.8293151855469
Qatar,1984,54396.28829283963,8.909131050109863,192.8082733154297
Qatar,1985,50615.03632524852,8.817059516906738,202.4225616455078
Qatar,1986,51017.89207594171,8.949297904968262,272.387939453125
Qatar,1987,49165.98609370101,8.996490478515625,169.23309326171875
Qatar,1988,50263.67542454294,8.946064949035645,245.73751831054688
Qatar,1989,51587.17174703881,8.873953819274902,255.50914001464844
Qatar,1990,51587.7016266859,8.91786003112793,204.058349609375
Qatar,1991,49093.14256722936,8.965447425842285,223.2434844970703
Qatar,1992,52932.86058303659,8.67880630493164,228.4666748046875
Qatar,1993,50626.57925125677,8.840679168701172,263.0461730957031
Qatar,1994,49811.65052644272,9.00883674621582,174.1521453857422
Qatar,1995,49532.4555326744,8.876398086547852,205.69210815429688
Qatar,1996,50262.973606843174,9.070390701293945,245.64906311035156
Qatar,1997,62797.983365874075,8.880626678466797,269.68389892578125
Qatar,1998,66229.04624875875,9.15195083618164,196.93348693847656
Qatar,1999,65462.4877435764,9.238551139831543,236.18759155273438
Qatar,2000,67155.73871793367,9.089603424072266,228.94752502441406
Qatar,2001,66383.74616009131,9.184420585632324,125.30398559570313
Qatar,2002,67822.07560499865,9.155847549438477,192.3343963623047
Qatar,2003,67182.68495997194,9.192166328430176,205.40142822265625
Qatar,2004,77127.17027954548,9.202118873596191,217.54736328125
Qatar,2005,77675.47420642823,9.06975269317627,202.73876953125
Qatar,2006,83151.89183177768,9.267213821411133,203.9468231201172
Qatar,2007,78969.23977281353,9.199328422546387,157.98971557617188
Qatar,2008,78700.16040369903,9.197404861450195,137.83653259277344
Qatar,2009,78144.858617244,9.2369966506958,292.8525390625
Qatar,2010,92996.82844806268,9.475706100463867,153.22048950195313
Qatar,2011,104920.8369664547,9.204588890075684,206.87437438964844
Qatar,2012,103652.33515402047,9.288396835327148,174.05690002441406
Qatar,2013,98336.32761514302,9.362679481506348,106.75231170654297
Qatar,2014,92254.00353493687,9.201752662658691,130.03297424316406
Qatar,2015,88691.71254476228,9.2407808303833,95.00182342529297
Qatar,2016,86517.79734576208,9.4496917724609375,84.7099380493164
Qatar,2017,82922.15078753099,9.2507476806640625,184.03318786621094
Qatar,2018,82810.41763411158,9.41354751586914,117.2447509765625
Qatar,2019,81550.0246681841,9.134044647216797,211.8165283203125
Qatar,2020,74272.16394453592,9.330851554870605,106.97856140136719
Romania,1990,6453.299929621272,4.620490074157715,1279.8609619140625
Romania,1991,5668.679243103231,4.352079391479492,1658.905517578125
Romania,1992,5218.629219904077,4.596318244934082,1468.51953125
Romania,1993,5305.629958799454,4.463862895965576,1523.891845703125
Romania,1994,5522.266677014101,4.746642589569092,1479.107177734375
Romania,1995,5878.378846973149,4.428619861602783,1677.5548095703125
Romania,1996,6125.712962167216,4.449062347412109,1589.7271728515625
Romania,1997,5845.478107253548,4.307652473449707,1689.35107421875
Romania,1998,5738.691511770918,4.448205947875977,1727.1539306640625
Romania,1999,5726.05775056358,4.600066184997559,1766.15380859375
Romania,2000,5874.590270382692,4.7705512046813965,1376.455322265625
Romania,2001,6267.992410026831,4.533880233764648,1687.78564453125
Romania,2002,6747.86172508789,4.7154011726379395,1584.2657470703125
Romania,2003,6955.828383641349,4.471538543701172,1429.9306640625
Romania,2004,7725.081319712465,4.449325084686279,1711.5389404296875
Romania,2005,8135.785740250366,4.388672828674316,1776.79931640625
Romania,2006,8841.213349875832,4.500511169433594,1620.1131591796875
Romania,2007,9621.861388573687,4.831964492797852,1683.5240478515625
Romania,2008,10694.141721928901,4.738316059112549,1542.67529296875
Romania,2009,10188.705721514807,4.7555131912231445,1596.144775390625
Romania,2010,9849.080202493595,4.617463111877441,1823.8717041015625
Romania,2011,10342.601233846357,4.5429863929748535,1387.4615478515625
Romania,2012,10586.508799237243,4.777023792266846,1561.6533203125
Romania,2013,10655.514020893994,4.7642107009887695,1622.3074951171875
Romania,2014,11135.72878246468,4.866124629974365,1876.1776123046875
Romania,2015,11541.411111426516,4.858184814453125,1568.1502685546875
Romania,2016,11939.785469545437,4.719061851501465,1753.335205078125
Romania,2017,12993.192930805282,4.732443332672119,1593.32275390625
Romania,2018,13774.802408138934,4.897510528564453,1583.24853515625
Romania,2019,14395.965133297914,4.993200778961182,1498.14501953125
Romania,2020,13954.63994296217,4.916020393371582,1593.2879638671875
Russian Federation,1989,10421.441980971671,0.9768672585487366,1084.1253662109375
Russian Federation,1990,10091.829105573792,1.0252412557601929,1113.189208984375
Russian Federation,1991,9555.068319306702,0.9903423190116882,1069.4462890625
Russian Federation,1992,8158.698663731461,0.871364951133728,1065.08935546875
Russian Federation,1993,7455.444636029093,0.9726483225822449,1072.1845703125
Russian Federation,1994,6520.547319045939,0.8503502607345581,1084.5982666015625
Russian Federation,1995,6251.720271331669,1.2421016693115234,1086.09375
Russian Federation,1996,6025.721842191244,0.8862369656562805,1065.1104736328125
Russian Federation,1997,6120.1878735437285,1.049800992012024,1094.63916015625
Russian Federation,1998,5805.4191221315,0.9380805492401123,1104.525634765625
Russian Federation,1999,6196.094669443629,0.9146568179130554,1073.7945556640625
Russian Federation,2000,6844.436235951846,0.9896530508995056,1109.5296630859375
Russian Federation,2001,7224.078190978945,1.0280581712722778,1086.2061767578125
Russian Federation,2002,7598.483960682339,1.1385172605514526,1078.241943359375
Russian Federation,2003,8190.2507450831845,1.1019479036331177,1074.87890625
Russian Federation,2004,8815.371295511335,0.9599770903587341,1105.64208984375
Russian Federation,2005,9415.39883553796,1.142045021057129,1096.6370849609375
Russian Federation,2006,10220.881205050504,0.9763808250427246,1090.7410888671875
Russian Federation,2007,11108.642809885192,1.2760441303253174,1103.2855224609375
Russian Federation,2008,11691.425653731243,1.1657639741897583,1098.637939453125
Russian Federation,2009,10776.250192416415,0.8994789123535156,1072.398681640625
Russian Federation,2010,11256.126080816643,1.007986307144165,1069.9498291015625
Russian Federation,2011,11726.292960438977,1.1761324405670166,1074.33642578125
Russian Federation,2012,12167.519887606835,1.0469309091567993,1090.4766845703125
Russian Federation,2013,12344.332325103864,1.0712884664535522,1111.864990234375
Russian Federation,2014,12205.834878021293,1.103254795074463,1061.4747314453125
Russian Federation,2015,11928.00505681137,1.224184274673462,1091.9642333984375
Russian Federation,2016,11917.212526169345,1.2878351211547852,1088.94677734375
Russian Federation,2017,12109.540795876022,1.2114412784576416,1090.0638427734375
Russian Federation,2018,12438.507073637717,1.0824087858200073,1077.037353515625
Russian Federation,2019,12704.944221156884,1.2089543342590332,1082.6016845703125
Russian Federation,2020,12383.915400202877,1.4634709358215332,1080.998291015625
Rwanda,1961,401.50590685898135,6.790277004241943,3045.74951171875
Rwanda,1962,435.89325283132086,6.66140079498291,3229.905517578125
Rwanda,1963,384.29763789041795,6.653380393981934,3330.450439453125
Rwanda,1964,328.7342605203609,6.670749664306641,2799.1318359375
Rwanda,1965,342.69526232319424,6.633713245391846,2658.22021484375
Rwanda,1966,356.466198516239,6.695944309234619,2690.09130859375
Rwanda,1967,369.7841954562169,6.683661937713623,2856.109375
Rwanda,1968,383.6251472815062,6.596843719482422,3030.778564453125
Rwanda,1969,412.9196960027259,6.744577884674072,2700.846923828125
Rwanda,1970,424.5721667415167,6.725039005279541,2826.985595703125
Rwanda,1971,417.1844182180114,6.608473300933838,2862.0537109375
Rwanda,1972,406.35972887265547,6.697412490844727,3027.46826171875
Rwanda,1973,408.2663571805676,6.778652667999268,2809.826416015625
Rwanda,1974,402.0684429976093,6.667778491973877,2771.737548828125
Rwanda,1975,382.16650593847226,6.679421424865723,2967.3818359375
Rwanda,1976,443.4048825280027,6.748863697052002,2938.860595703125
Rwanda,1977,439.0829420242797,6.745640277862549,3107.971435546875
Rwanda,1978,465.2773885051315,6.655414581298828,2864.03515625
Rwanda,1979,505.02224149764567,6.665129661560059,2886.04150390625
Rwanda,1980,533.4022684799565,6.75312614440918,2773.0498046875
Rwanda,1981,544.6974226930759,6.753085136413574,2746.0986328125
Rwanda,1982,536.6646611946144,6.774535655975342,2787.681640625
Rwanda,1983,550.0972579367253,6.8878302574157715,2869.580810546875
Rwanda,1984,509.31958746148916,6.799220561981201,2563.16162109375
Rwanda,1985,514.10078220169,6.692981719970703,2736.933349609375
Rwanda,1986,524.414027091311,6.697777271270752,2747.3193359375
Rwanda,1987,507.3842856656268,6.878102779388428,2963.35693359375
Rwanda,1988,513.5787000569048,6.812345027923584,3150.240234375
Rwanda,1989,497.9111756663362,6.723610877990723,2910.179931640625
Rwanda,1990,473.40598585166373,6.784920692443848,2673.82666015625
Rwanda,1991,452.2040556005916,5.900714874267578,2814.977783203125
Rwanda,1992,469.02136961784123,5.907721519470215,2751.576904296875
Rwanda,1993,414.904781566049,6.28302526473999,2732.523681640625
Rwanda,1994,242.55079773451217,6.115291595458984,2870.260009765625
Rwanda,1995,392.625550499021,6.363396167755127,2791.813720703125
Rwanda,1996,374.39873956005925,5.950514793395996,2951.7880859375
Rwanda,1997,368.7345674584143,6.126441955566406,3010.38623046875
Rwanda,1998,385.18582923310936,6.4259233474731445,2874.464111328125
Rwanda,1999,398.6814120471597,6.491386413574219,2773.13720703125
Rwanda,2000,428.5820039140637,6.585508346557617,2738.412841796875
Rwanda,2001,460.8405111292636,6.363339424133301,3278.62060546875
Rwanda,2002,514.6125087803795,6.5679826736450195,2811.296142578125
Rwanda,2003,514.511197815007,6.476627349853516,2910.21875
Rwanda,2004,538.4108547353052,6.195174217224121,1983.0345458984375
Rwanda,2005,573.4436199469094,6.297976016998291,2571.468994140625
Rwanda,2006,609.8725852262021,6.5284881591796875,2885.943603515625
Rwanda,2007,639.1947097926601,6.5279035568237305,3171.685302734375
Rwanda,2008,692.104526193454,6.618913650512695,2802.2607421875
Rwanda,2009,716.6252301152066,6.646855354309082,2880.525390625
Rwanda,2010,750.0185179951268,6.721472263336182,3120.037353515625
Rwanda,2011,790.0903346678242,6.346499919891357,2997.677490234375
Rwanda,2012,838.0624611459227,6.233043670654297,2620.77685546875
Rwanda,2013,856.7765201966653,5.995704650878906,2639.129150390625
Rwanda,2014,887.8916079010282,6.152278900146484,1440.582763671875
Rwanda,2015,943.6742169744333,6.2010178565979,1604.826904296875
Rwanda,2016,976.5970125835034,6.065715312957764,1464.6844482421875
Rwanda,2017,991.3344920823498,6.3422369956970215,1492.6558837890625
Rwanda,2018,1051.129607364257,6.338140487670898,1366.7294921875
Rwanda,2019,1124.4910571744922,6.160665988922119,2186.7060546875
Rwanda,2020,1062.4599807959933,6.342498302459717,1978.822265625
Samoa,1970,3119.660887579562,8.49602222442627,7104.45458984375
Samoa,1971,3488.976589164814,8.47321605682373,7329.10791015625
Samoa,1972,3494.4549512589374,8.33405590057373,7515.79345703125
Samoa,1973,3698.6430882767604,8.4187164306640625,8422.7998046875
Samoa,1974,3239.197127349466,8.33012866973877,7113.82373046875
Samoa,1975,3036.4542133939053,8.365254402160645,6863.46826171875
Samoa,1976,3239.8813522738506,8.35642147064209,6640.63623046875
Samoa,1977,3161.6403431864505,8.476696968078613,5924.20654296875
Samoa,1978,3325.478699812902,8.506549835205078,7385.00732421875
Samoa,1979,3654.13410781791,8.603832244873047,7219.314453125
Samoa,1980,3397.791654978727,8.596902847290039,7503.3427734375
Samoa,1981,3065.7024360320775,8.550360679626465,7751.6640625
Samoa,1982,3021.5564873743647,8.622446060180664,6988.3125
Samoa,1983,3030.393950217555,8.63979434967041,6006.33837890625
Samoa,1984,3067.9030545337587,8.572547912597656,6717.93212890625
Samoa,1985,3187.1366808023863,8.615204811096191,6651.9423828125
Samoa,1986,3358.308014154604,8.607213973999023,6985.609375
Samoa,1987,3362.4555998499586,8.532429695129395,5552.04931640625
Samoa,1988,3300.474412045589,8.661859512329102,7466.65966796875
Samoa,1989,3414.2746439506723,8.529210090637207,6918.072265625
Samoa,1990,3258.024665017739,8.648818016052246,6519.744140625
Samoa,1991,3176.9628742245927,8.41538143157959,7702.158203125
Samoa,1992,3152.683689726359,8.40890884399414,8792.55859375
Samoa,1993,3254.373232660311,8.306721687316895,7308.35107421875
Samoa,1994,3146.275626753591,8.407449722290039,7379.669921875
Samoa,1995,3329.1001690611033,8.51416301727295,6812.34130859375
Samoa,1996,3537.69759225023,8.399792671203613,7812.59619140625
Samoa,1997,3530.860880406871,8.272866249084473,7174.38623046875
Samoa,1998,3580.969695324786,8.082709312438965,5163.5068359375
Samoa,1999,3631.4211210631724,8.088658332824707,7147.6806640625
Samoa,2000,3786.753369526024,8.281867027282715,7060.83642578125
Samoa,2001,4033.7185908595725,8.197775840759277,6243.68359375
Samoa,2002,4231.554230081513,8.479413032531738,6740.77490234375
Samoa,2003,4429.104091866582,8.309988975524902,4919.5419921875
Samoa,2004,4545.764505818018,8.1998138427734375,4283.513671875
Samoa,2005,4828.6671088863595,8.0489044189453125,5700.7939453125
Samoa,2006,4912.415094503275,7.966981410980225,5531.3837890625
Samoa,2007,4908.985775369976,8.27031135559082,5801.52294921875
Samoa,2008,5047.347823688519,8.722005844116211,3358.7060546875
Samoa,2009,4983.152894566817,8.342584609985352,4912.06103515625
Samoa,2010,5246.986754059723,8.809802055358887,5446.2138671875
Samoa,2011,5401.653546785097,7.973171234130859,5027.4404296875
Samoa,2012,5152.819164977097,7.736459732055664,5176.490234375
Samoa,2013,5112.297621024813,7.7416205406188965,5335.328125
Samoa,2014,5100.526628599135,7.968652248382568,5570.50146484375
Samoa,2015,5251.107916163044,7.862398147583008,5926.66015625
Samoa,2016,5622.50623630651,8.02102279663086,4714.60791015625
Samoa,2017,5648.3933487977865,7.943824291229248,5167.712890625
Samoa,2018,5555.352581090069,7.675415515899658,5725.10498046875
Samoa,2019,5741.870744260632,7.951444625854492,5756.88232421875
Samoa,2020,5506.572943132477,7.96351957321167,6720.56298828125
San Marino,1997,62238.32054273032,5.364630699157715,2005.8583984375
San Marino,1998,66052.7366722506,5.276920318603516,1970.0218505859375
San Marino,1999,71120.8290200747,5.203986644744873,2389.425537109375
San Marino,2000,71748.84427530019,5.38015079498291,2126.057861328125
San Marino,2001,74791.19858655697,5.260567665100098,2029.427734375
San Marino,2002,74073.94886560668,5.459174633026123,2434.703857421875
San Marino,2003,75970.07294949837,5.3788557052612305,1948.8997802734375
San Marino,2004,75073.95433453654,5.198940277099609,2414.582763671875
San Marino,2005,75917.80351196595,5.126601219177246,2402.084716796875
San Marino,2006,77916.71679493613,5.3473663330078125,2028.7677001953125
San Marino,2007,80709.9401819727,5.396252632141113,2206.5400390625
San Marino,2008,79161.74256081713,5.3824462890625,2663.027099609375
San Marino,2009,67977.15680009512,5.373084545135498,2210.2578125
San Marino,2010,63862.30473931785,5.138308525085449,2494.43505859375
San Marino,2011,59719.03672138828,5.546520709991455,2249.965087890625
San Marino,2012,54103.946441797336,5.411680698394775,2139.4375
San Marino,2013,54375.133232777014,5.283719062805176,2301.498046875
San Marino,2014,54631.44777477346,5.5273942947387695,2562.8603515625
San Marino,2015,55472.2362366565,5.581179141998291,2239.850341796875
San Marino,2016,56422.8427645631,5.403724193572998,2163.329345703125
San Marino,2017,55357.75372758926,5.387828350067139,2075.52392578125
San Marino,2018,55050.37479513237,5.674831867218018,2259.171630859375
San Marino,2019,55958.98601396444,5.691926002502441,2335.206787109375
San Marino,2020,52078.12439200227,5.608370780944824,2222.04638671875
Sao Tome and Principe,1970,1266.4951914107837,8.200825691223145,5288.7998046875
Sao Tome and Principe,1971,1305.906990124103,8.047513008117676,5261.7255859375
Sao Tome and Principe,1972,1307.6227643962832,7.974307060241699,4959.15380859375
Sao Tome and Principe,1973,1300.2540481361718,8.084141731262207,5552.07373046875
Sao Tome and Principe,1974,1343.7440748489676,7.949289321899414,4735.65966796875
Sao Tome and Principe,1975,1382.7623971680214,7.944155693054199,5296.6103515625
Sao Tome and Principe,1976,1370.4379037222432,7.886654376983643,5050.43212890625
Sao Tome and Principe,1977,1647.289371835506,8.039263725280762,5365.63818359375
Sao Tome and Principe,1978,1649.9635580807044,8.03636360168457,5189.826171875
Sao Tome and Principe,1979,1870.5981345036696,8.170390129089355,4998.59814453125
Sao Tome and Principe,1980,1807.33313920038,8.173190116882324,4661.1533203125
Sao Tome and Principe,1981,1587.5623671137755,8.098894119262695,4631.62451171875
Sao Tome and Principe,1982,1606.4382374218935,8.085939407348633,4732.65234375
Sao Tome and Principe,1983,1516.5107741353988,8.17901611328125,4525.3212890625
Sao Tome and Principe,1984,1398.082361392961,8.187555313110352,5933.91455078125
Sao Tome and Principe,1985,1496.262858763748,8.068060874938965,5477.20703125
Sao Tome and Principe,1986,1377.409056588225,8.057560920715332,4740.4931640625
Sao Tome and Principe,1987,1304.550089985931,8.181073188781738,4876.96435546875
Sao Tome and Principe,1988,1296.2605724009863,8.179725646972656,5889.8984375
Sao Tome and Principe,1989,1303.0283099982291,8.151543617248535,5541.833984375
Sao Tome and Principe,1990,1243.8662594592881,8.096158027648926,5418.34423828125
Sao Tome and Principe,1991,1231.595483295724,8.151841163635254,5179.18798828125
Sao Tome and Principe,1992,1216.8566685057588,8.0868377685546875,4731.259765625
Sao Tome and Principe,1993,1208.0166800690445,8.147284507751465,4842.2021484375
Sao Tome and Principe,1994,1213.5254012660125,8.127716064453125,5124.2890625
Sao Tome and Principe,1995,1217.948251464046,8.19803237915039,5308.51416015625
Sao Tome and Principe,1996,1217.5607693323313,8.14181137084961,5417.693359375
Sao Tome and Principe,1997,1212.3423105787128,8.129150390625,5350.4345703125
Sao Tome and Principe,1998,1226.5029986184372,8.334175109863281,5319.263671875
Sao Tome and Principe,1999,1242.2412100916767,8.27844524383545,5557.10986328125
Sao Tome and Principe,2000,1234.1561338280655,8.205313682556152,5061.1669921875
Sao Tome and Principe,2001,1251.4946642773168,8.197924613952637,5399.56787109375
Sao Tome and Principe,2002,1262.9432454353719,8.275188446044922,5789.35888671875
Sao Tome and Principe,2003,1333.0541241278943,8.299154281616211,5613.22607421875
Sao Tome and Principe,2004,1346.1627332477383,8.230181694030762,4795.50537109375
Sao Tome and Principe,2005,1400.276027985494,8.261727333068848,4175.6318359375
Sao Tome and Principe,2006,1487.6217980179645,8.286567687988281,4435.86767578125
Sao Tome and Principe,2007,1504.888214370245,8.239258766174316,5945.25634765625
Sao Tome and Principe,2008,1560.9752522413357,8.20576000213623,4759.53369140625
Sao Tome and Principe,2009,1575.7144319300503,8.225560188293457,4152.35693359375
Sao Tome and Principe,2010,1563.81541470104,8.3525972366333,4554.49755859375
Sao Tome and Principe,2011,1562.0296951054615,8.197790145874023,2967.8046875
Sao Tome and Principe,2012,1575.8289928201466,8.235698699951172,4591.0947265625
Sao Tome and Principe,2013,1624.6966418938016,8.15826416015625,4002.6083984375
Sao Tome and Principe,2014,1673.0596815878735,8.22924518585205,3818.50927734375
Sao Tome and Principe,2015,1668.9301368815213,8.169439315795898,4138.4111328125
Sao Tome and Principe,2016,1726.044829178281,8.315394401550293,3970.423095703125
Sao Tome and Principe,2017,1768.5491075435425,8.288264274597168,3376.732666015625
Sao Tome and Principe,2018,1817.7249799008664,8.338343620300293,5430.67041015625
Sao Tome and Principe,2019,1826.4888202561474,9.107093811035156,2738.584716796875
Sao Tome and Principe,2020,1839.5782872601135,8.358687400817871,3733.87451171875
Saudi Arabia,1961,22239.759639869942,8.317180633544922,212.7472686767578
Saudi Arabia,1962,23993.245879941198,8.524768829345703,183.4476776123047
Saudi Arabia,1963,25135.726411989875,8.442121505737305,221.8144073486328
Saudi Arabia,1964,26347.48966182738,8.262604713439941,226.9180145263672
Saudi Arabia,1965,28467.80163787165,8.360936164855957,206.8551788330078
Saudi Arabia,1966,29671.088709134005,8.477057456970215,191.9645538330078
Saudi Arabia,1967,31113.462845763395,8.1995267868042,232.99371337890625
Saudi Arabia,1968,32216.50739187278,8.345660209655762,236.09693908691406
Saudi Arabia,1969,32818.04471302455,8.472495079040527,221.4121856689453
Saudi Arabia,1970,48034.4682937954,8.401668548583984,177.47698974609375
Saudi Arabia,1971,52948.43308551649,8.286712646484375,237.92141723632813
Saudi Arabia,1972,59969.040951267736,8.236371994018555,240.34176635742188
Saudi Arabia,1973,69870.17408481882,8.336012840270996,170.26126098632813
Saudi Arabia,1974,77042.33492299618,8.295877456665039,244.59091186523438
Saudi Arabia,1975,69096.06209444004,8.261677742004395,233.89468383789063
Saudi Arabia,1976,75447.91414937197,8.25898265838623,253.99305725097656
Saudi Arabia,1977,75568.71817518647,8.38660717010498,197.32447814941406
Saudi Arabia,1978,71495.45836875026,8.37536334991455,169.24197387695313
Saudi Arabia,1979,74858.21844179054,8.472399711608887,239.1184844970703
Saudi Arabia,1980,74689.62945826455,8.371219635009766,193.86663818359375
Saudi Arabia,1981,72454.27823677585,8.402626037597656,217.5486297607422
Saudi Arabia,1982,57184.88986979442,8.275785446166992,291.1967468261719
Saudi Arabia,1983,47891.57328352082,8.253475189208984,219.47108459472656
Saudi Arabia,1984,43318.33174195608,8.37873363494873,206.56698608398438
Saudi Arabia,1985,37953.415332794815,8.376333236694336,233.46002197265625
Saudi Arabia,1986,36217.409979553115,8.417730331420898,237.32371520996094
Saudi Arabia,1987,33155.48487232781,8.47594165802002,207.7753143310547
Saudi Arabia,1988,33512.3864532755,8.438824653625488,232.5680694580078
Saudi Arabia,1989,31992.842352598716,8.353755950927734,254.6337432861328
Saudi Arabia,1990,33323.0309763842,8.479679107666016,216.65182495117188
Saudi Arabia,1991,34382.05292973483,8.428746223449707,200.6309051513672
Saudi Arabia,1992,34338.791116482964,8.248188018798828,198.04412841796875
Saudi Arabia,1993,32976.02998584516,8.37429141998291,271.43487548828125
Saudi Arabia,1994,31895.54467777421,8.504072189331055,189.96363830566406
Saudi Arabia,1995,30696.784644447158,8.424442291259766,217.52719116210938
Saudi Arabia,1996,30469.079856013257,8.54920482635498,206.03175354003906
Saudi Arabia,1997,30092.251586203252,8.402522087097168,205.395751953125
Saudi Arabia,1998,29801.464971353693,8.659832000732422,198.5690460205078
Saudi Arabia,1999,28560.245036167475,8.703421592712402,204.2520294189453
Saudi Arabia,2000,28603.22607537783,8.555384635925293,180.31101989746094
Saudi Arabia,2001,27247.155454092976,8.663323402404785,161.57484436035156
Saudi Arabia,2002,25745.938878710545,8.643004417419434,209.2386474609375
Saudi Arabia,2003,26697.980363439205,8.645074844360352,154.9373779296875
Saudi Arabia,2004,27700.74051179242,8.610544204711914,172.9698944091797
Saudi Arabia,2005,28076.535102209808,8.582864761352539,173.76431274414063
Saudi Arabia,2006,27791.303306635782,8.664454460144043,162.89173889160156
Saudi Arabia,2007,27251.912807839555,8.63637638092041,159.32041931152344
Saudi Arabia,2008,27808.66616836159,8.676074028015137,165.02565002441406
Saudi Arabia,2009,26455.770078708934,8.723588943481445,160.19602966308594
Saudi Arabia,2010,28066.18666958992,8.964007377624512,170.62953186035156
Saudi Arabia,2011,29974.642994897455,8.610045433044434,172.31597900390625
Saudi Arabia,2012,30396.955004768086,8.71707820892334,153.50543212890625
Saudi Arabia,2013,29643.9602186297,8.637672424316406,155.0624237060547
Saudi Arabia,2014,30090.575005223873,8.584450721740723,146.2633056640625
Saudi Arabia,2015,29899.55692538868,8.604448318481445,128.70578002929688
Saudi Arabia,2016,29291.281772718085,8.663020133972168,147.4061279296875
Saudi Arabia,2017,29615.380658528422,8.590662956237793,144.3027801513672
Saudi Arabia,2018,31361.822549264103,8.76899242401123,152.5892333984375
Saudi Arabia,2019,32020.275564514144,8.635369300842285,157.45164489746094
Saudi Arabia,2020,29348.6725480348,8.617786407470703,156.1795196533203
Senegal,1961,1481.7550126311955,9.196846961975098,1944.9266357421875
Senegal,1962,1438.5801057540782,9.165399551391602,1883.9263916015625
Senegal,1963,1424.6185432078855,9.239821434020996,1857.614013671875
Senegal,1964,1438.5411592428584,9.155375480651855,1939.50146484375
Senegal,1965,1416.3370866172645,9.0614013671875,1963.83154296875
Senegal,1966,1414.9930965369522,9.17713737487793,2014.9755859375
Senegal,1967,1356.8090994531278,9.014094352722168,2046.523681640625
Senegal,1968,1399.7585195392278,9.086825370788574,1453.036865234375
Senegal,1969,1269.5791420038047,9.34780502319336,2148.02197265625
Senegal,1970,1337.7460572620184,9.259892463684082,1563.7000732421875
Senegal,1971,1296.5226876561487,9.009288787841797,1687.296630859375
Senegal,1972,1338.6259293318292,9.147637367248535,1449.087158203125
Senegal,1973,1226.7481733302957,9.176264762878418,1467.672119140625
Senegal,1974,1241.6170225388212,8.96837329864502,1673.2698974609375
Senegal,1975,1298.676452321524,8.967907905578613,1899.918701171875
Senegal,1976,1377.8188735463707,8.94564151763916,1657.941650390625
Senegal,1977,1308.5653877728275,9.193486213684082,1400.5
Senegal,1978,1227.8100988368587,9.094185829162598,1791.9786376953125
Senegal,1979,1282.7238188911103,9.24846363067627,1694.221435546875
Senegal,1980,1301.304251513581,9.204378128051758,1454.35107421875
Senegal,1981,1334.1333645691964,9.184073448181152,1609.7457275390625
Senegal,1982,1403.602037315474,9.02189826965332,1484.8162841796875
Senegal,1983,1289.2511150495197,9.370030403137207,1330.3448486328125
Senegal,1984,1303.9425798051707,9.203100204467773,1527.2001953125
Senegal,1985,1311.9722160048834,9.130568504333496,1551.395263671875
Senegal,1986,1314.6579680318932,9.073808670043945,1550.1395263671875
Senegal,1987,1356.7907620439428,9.328469276428223,1631.674560546875
Senegal,1988,1307.2971245871645,9.122964859008789,1763.9798583984375
Senegal,1989,1320.729506157321,9.162278175354004,1860.485107421875
Senegal,1990,1273.8051064261647,9.336312294006348,1462.3277587890625
Senegal,1991,1271.046966812083,9.269013404846191,1566.1112060546875
Senegal,1992,1252.3054129861177,9.227503776550293,1582.0986328125
Senegal,1993,1234.8868793880126,9.235756874084473,1635.631591796875
Senegal,1994,1201.6981633760681,9.1315155029296875,1825.51318359375
Senegal,1995,1235.3246873168828,9.245522499084473,1776.999267578125
Senegal,1996,1229.8499503306366,9.321806907653809,1645.860595703125
Senegal,1997,1237.754070088268,9.368431091308594,1617.0887451171875
Senegal,1998,1280.4925589051097,9.443936347961426,1675.3887939453125
Senegal,1999,1329.0711455440658,9.18701171875,1870.7486572265625
Senegal,2000,1347.8556663216011,9.304023742675781,1739.1116943359375
Senegal,2001,1372.2756928585375,9.3832244873046875,1516.3009033203125
Senegal,2002,1339.9878757428144,9.3773832321167,1373.618896484375
Senegal,2003,1381.2970798674498,9.336005210876465,1874.87451171875
Senegal,2004,1411.9149436987996,9.276670455932617,1570.9095458984375
Senegal,2005,1438.7208509284524,9.355986595153809,2178.25439453125
Senegal,2006,1438.3769520675119,9.169360160827637,1781.9085693359375
Senegal,2007,1445.0824236894834,9.247941017150879,1794.5360107421875
Senegal,2008,1463.9433666158966,9.339369773864746,1810.1663818359375
Senegal,2009,1469.0658725801518,9.280498504638672,1956.97265625
Senegal,2010,1483.0553403948568,9.465700149536133,2131.66162109375
Senegal,2011,1465.3262757097777,9.31350326538086,1537.540771484375
Senegal,2012,1483.7270586088862,9.270852088928223,2067.959716796875
Senegal,2013,1475.1505890673109,9.374319076538086,1846.5845947265625
Senegal,2014,1518.1081455760382,9.295729637145996,1822.7216796875
Senegal,2015,1565.9443212085328,9.332254409790039,1646.10693359375
Senegal,2016,1616.6031794165547,9.416423797607422,1862.5635986328125
Senegal,2017,1686.9292285429126,9.3900909423828125,1820.48486328125
Senegal,2018,1742.1957033461417,9.330223083496094,1668.6435546875
Senegal,2019,1773.7106804322268,10.326570510864258,1577.1976318359375
Senegal,2020,1750.8036338681627,9.496269226074219,1923.3985595703125
Serbia,1995,3873.0547081310324,4.762914180755615,1947.294677734375
Serbia,1996,4115.106427932009,4.6077446937561035,1909.690673828125
Serbia,1997,4496.668093376447,4.69167423248291,1767.9361572265625
Serbia,1998,4756.183253792091,4.775848865509033,1902.263427734375
Serbia,1999,4280.549895513435,4.801314353942871,2045.804443359375
Serbia,2000,4554.2698302837625,5.123927593231201,1504.6956787109375
Serbia,2001,4871.350976371014,4.810398578643799,1889.9495849609375
Serbia,2002,5192.342453662918,5.036370754241943,1854.7275390625
Serbia,2003,5443.205903602219,4.837195873260498,1644.425537109375
Serbia,2004,5820.7515544834205,4.700807571411133,2018.592041015625
Serbia,2005,6182.92696525358,4.617682933807373,1954.097412109375
Serbia,2006,6449.411914828845,4.843442916870117,1752.0272216796875
Serbia,2007,6982.789381587122,5.112823963165283,1871.36376953125
Serbia,2008,7374.490577331781,5.0549798011779785,1734.2049560546875
Serbia,2009,7171.438566395381,5.026358604431152,1914.304443359375
Serbia,2010,7316.321496314961,4.808082580566406,2243.74267578125
Serbia,2011,7375.844989952057,4.917457580566406,1551.230712890625
Serbia,2012,7378.810113209204,5.120483875274658,1772.457763671875
Serbia,2013,7448.272691488572,5.041701793670654,1906.08642578125
Serbia,2014,7349.539404647281,5.167982578277588,2307.0283203125
Serbia,2015,7482.966813399482,5.145932674407959,1805.106689453125
Serbia,2016,7746.059547745352,4.977256774902344,2120.534423828125
Serbia,2017,7971.440792196239,5.060652256011963,1794.058349609375
Serbia,2018,8387.76274998802,5.226726055145264,1887.7891845703125
Serbia,2019,8833.473271652218,5.27839469909668,1961.686279296875
Serbia,2020,8808.029135168948,5.1367597579956055,1848.6407470703125
Seychelles,1961,3768.9479516602532,7.701725482940674,3236.5478515625
Seychelles,1962,3978.896924609922,7.6360344886779785,2230.368896484375
Seychelles,1963,4272.181354472303,7.3201212882995605,2528.2392578125
Seychelles,1964,4413.112869239815,7.5905866622924805,2750.7119140625
Seychelles,1965,4258.024215884408,7.528888702392578,3030.09521484375
Seychelles,1966,4730.337202339236,7.604497909545898,2082.78466796875
Seychelles,1967,4638.765459212915,7.575686454772949,2375.538330078125
Seychelles,1968,4869.814284486431,7.5780229568481445,2542.673095703125
Seychelles,1969,4755.334357355656,7.636638641357422,1795.362060546875
Seychelles,1970,5057.932842208126,7.6670427322387695,1597.468994140625
Seychelles,1971,5742.393065973217,7.493576526641846,1917.0770263671875
Seychelles,1972,5959.294905482334,7.5617451667785645,2267.596923828125
Seychelles,1973,6400.2787536713595,7.616818428039551,1677.0712890625
Seychelles,1974,6366.719984465528,7.256299018859863,2747.889404296875
Seychelles,1975,6418.894744512042,7.473026275634766,1843.9141845703125
Seychelles,1976,7314.228172370276,7.4945292472839355,1920.7291259765625
Seychelles,1977,6719.092153481469,7.646892547607422,2410.748291015625
Seychelles,1978,8092.617808768319,7.6517744064331055,2512.257080078125
Seychelles,1979,9290.667958666849,7.635970592498779,1845.61279296875
Seychelles,1980,8736.64237797195,7.654233455657959,1771.4849853515625
Seychelles,1981,8296.434606348674,7.48129940032959,2233.980712890625
Seychelles,1982,8076.930971312696,7.671789169311523,2018.091064453125
Seychelles,1983,8036.890232943209,7.640809059143066,2485.21875
Seychelles,1984,8333.447158387724,7.447503089904785,1938.4674072265625
Seychelles,1985,9117.029375283631,7.5355000495910645,2083.349853515625
Seychelles,1986,9129.40600175306,7.580674648284912,1533.1607666015625
Seychelles,1987,9176.48525357,7.722712516784668,1861.0570068359375
Seychelles,1988,9629.27521180157,7.587536334991455,1894.7037353515625
Seychelles,1989,10556.451864719102,7.491942882537842,2120.905029296875
Seychelles,1990,11287.923328004805,7.597122669219971,2144.781005859375
Seychelles,1991,11446.041347920698,7.386201858520508,2278.259033203125
Seychelles,1992,12210.904128867094,7.2681803703308105,2706.89208984375
Seychelles,1993,12832.50785789744,7.426051616668701,2110.7548828125
Seychelles,1994,12190.494392061459,7.491469860076904,2660.232666015625
Seychelles,1995,12070.849585402182,7.683769702911377,2351.036865234375
Seychelles,1996,13084.299461460474,7.593114376068115,2162.189208984375
Seychelles,1997,14508.49873167523,7.747890472412109,2336.2236328125
Seychelles,1998,14578.5700839967,7.746187686920166,1970.7916259765625
Seychelles,1999,14562.61563270509,7.43363618850708,2070.69384765625
Seychelles,2000,15047.072287815894,7.412993907928467,2253.51708984375
Seychelles,2001,14692.470975685135,7.647947788238525,2147.06005859375
Seychelles,2002,14422.892496449376,7.5015153884887695,2598.590087890625
Seychelles,2003,13728.26027341454,7.533345699310303,2697.168212890625
Seychelles,2004,13386.425459626911,7.610848426818848,2490.619384765625
Seychelles,2005,14524.525592730437,7.519874572753906,2101.22900390625
Seychelles,2006,15563.515040316139,7.351873397827148,2168.11865234375
Seychelles,2007,16858.656944369104,7.437730312347412,1913.0736083984375
Seychelles,2008,16036.438964504918,7.371817111968994,1791.2244873046875
Seychelles,2009,15577.568409864181,7.634615898132324,2171.486328125
Seychelles,2010,15831.073106066655,7.7056474685668945,1891.5535888671875
Seychelles,2011,17798.33528295265,7.637754440307617,1761.5233154296875
Seychelles,2012,18172.835086346553,7.602269649505615,1706.601318359375
Seychelles,2013,18063.955578960053,7.746426105499268,2201.618408203125
Seychelles,2014,18507.897598273015,7.666253566741943,2274.19140625
Seychelles,2015,19713.192134923513,7.782431125640869,2230.759765625
Seychelles,2016,21808.268805455096,7.697946071624756,1928.479736328125
Seychelles,2017,23041.087361415466,7.666741847991943,1976.373046875
Seychelles,2018,23949.55295061552,8.244335174560547,1797.1331787109375
Seychelles,2019,25046.813965858717,8.193586349487305,2680.833251953125
Seychelles,2020,21918.432475316928,8.208212852478027,2743.916015625
Sierra Leone,1961,1139.146216693043,8.529790878295898,6545.93701171875
Sierra Leone,1962,1171.5463685782254,8.500818252563477,6836.3359375
Sierra Leone,1963,1171.4457718444544,8.637041091918945,6525.7109375
Sierra Leone,1964,1228.0409045919214,8.494560241699219,6325.59521484375
Sierra Leone,1965,1292.6095645621494,8.512176513671875,6085.73779296875
Sierra Leone,1966,1290.5510236182977,8.563262939453125,7129.64306640625
Sierra Leone,1967,1266.9631401207707,8.5476713180542,6453.22021484375
Sierra Leone,1968,1268.2294593528973,8.567605972290039,6717.37841796875
Sierra Leone,1969,1350.5800498009799,8.656786918640137,6632.248046875
Sierra Leone,1970,1439.4648341531897,8.602731704711914,5862.65087890625
Sierra Leone,1971,1461.9013696587303,8.47998046875,6145.46337890625
Sierra Leone,1972,1448.2450633659978,8.548731803894043,5940.7138671875
Sierra Leone,1973,1453.7729270442956,8.597538948059082,5987.49267578125
Sierra Leone,1974,1477.0866362196614,8.493416786193848,5998.4951171875
Sierra Leone,1975,1474.380790534009,8.451911926269531,5886.40771484375
Sierra Leone,1976,1441.5109731500697,8.412020683288574,6648.615234375
Sierra Leone,1977,1415.7581811751625,8.54651165008545,5854.38671875
Sierra Leone,1978,1422.0958041734973,8.539280891418457,6478.689453125
Sierra Leone,1979,1457.5298876615948,8.659282684326172,6254.91064453125
Sierra Leone,1980,1497.9606915228965,8.651297569274902,5957.02001953125
Sierra Leone,1981,1510.2675668405439,8.578697204589844,6329.4306640625
Sierra Leone,1982,1550.3340139398174,8.519060134887695,5925.51806640625
Sierra Leone,1983,1485.7092695851895,8.69394588470459,6168.44677734375
Sierra Leone,1984,1513.0095053676985,8.600123405456543,5649.984375
Sierra Leone,1985,1401.2741243584824,8.585699081420898,5805.30712890625
Sierra Leone,1986,1384.372902761049,8.519257545471191,5569.3134765625
Sierra Leone,1987,1445.199851064919,8.73024845123291,5572.2451171875
Sierra Leone,1988,1307.1110290789677,8.599507331848145,5827.26171875
Sierra Leone,1989,1284.1710111662985,8.575616836547852,5950.8232421875
Sierra Leone,1990,1275.710238168839,8.650605201721191,5475.8212890625
Sierra Leone,1991,1290.512104459449,8.694628715515137,5791.10791015625
Sierra Leone,1992,1065.1916614583188,8.638175010681152,6180.35986328125
Sierra Leone,1993,1082.2323457919065,8.677129745483398,5920.15185546875
Sierra Leone,1994,1057.0949155925985,8.58973217010498,6502.7421875
Sierra Leone,1995,971.1164656091263,8.678570747375488,6135.7822265625
Sierra Leone,1996,983.4344592253548,8.73069953918457,6127.525390625
Sierra Leone,1997,913.7763486702936,8.746927261352539,5828.20458984375
Sierra Leone,1998,920.9789421881,8.835850715637207,5416.7509765625
Sierra Leone,1999,898.0967675941763,8.619230270385742,5229.22705078125
Sierra Leone,2000,934.9860786219072,8.727993965148926,5006.03369140625
Sierra Leone,2001,825.4421798212478,8.754447937011719,2856.300537109375
Sierra Leone,2002,985.831159206008,8.798133850097656,3147.796630859375
Sierra Leone,2003,1036.3291317991159,8.768953323364258,3007.94091796875
Sierra Leone,2004,1066.7906837178405,8.759746551513672,2782.59619140625
Sierra Leone,2005,1083.6923344455713,8.787656784057617,2741.818603515625
Sierra Leone,2006,1105.4434612442149,8.666537284851074,3453.084716796875
Sierra Leone,2007,1121.982349110834,8.753460884094238,3257.793701171875
Sierra Leone,2008,1134.6501266644775,8.735515594482422,2807.5791015625
Sierra Leone,2009,1121.4053840473719,8.739558219909668,3096.31787109375
Sierra Leone,2010,1160.6570308205148,8.865519523620605,3353.551513671875
Sierra Leone,2011,1222.3570754473915,8.773916244506836,3141.262939453125
Sierra Leone,2012,1317.8597804909361,8.66595458984375,2914.588623046875
Sierra Leone,2013,1474.4226637037066,8.733255386352539,3121.137939453125
Sierra Leone,2014,1327.1091338298795,8.704070091247559,3059.7958984375
Sierra Leone,2015,1240.1187773654074,8.779744148254395,3322.48876953125
Sierra Leone,2016,1289.2344660643025,8.82548999786377,3980.170654296875
Sierra Leone,2017,1299.221897927845,8.800374031066895,3963.227783203125
Sierra Leone,2018,1305.805630823936,8.814338684082031,3171.0615234375
Sierra Leone,2019,1346.0467915162194,9.670771598815918,3138.8720703125
Sierra Leone,2020,1298.84392025983,8.89156436920166,3504.984375
Singapore,1961,4856.4531038399155,8.682916641235352,4961.009765625
Singapore,1962,5080.6286487907555,8.649582862854004,5348.0302734375
Singapore,1963,5451.19785233171,8.733750343322754,4919.669921875
Singapore,1964,5148.38088593845,8.68125057220459,6120.6103515625
Singapore,1965,5418.434843057735,8.655416488647461,5246.91015625
Singapore,1966,5823.439930000594,8.6929168701171875,5707.10986328125
Singapore,1967,6408.748073240148,8.630000114440918,6525.91015625
Singapore,1968,7151.264088903058,8.671667098999023,5463.68994140625
Singapore,1969,8018.9971126418,8.725417137145996,5036.669921875
Singapore,1970,8996.033570331687,8.7024993896484375,5453.8701171875
Singapore,1971,9928.99417554883,8.634166717529297,5655.830078125
Singapore,1972,11044.619920682035,8.74416732788086,5007.3701171875
Singapore,1973,11989.526875951562,8.760000228881836,6186.81005859375
Singapore,1974,12512.998275485359,8.65333366394043,5033.22998046875
Singapore,1975,12823.477771728414,8.601666450500488,5324.7099609375
Singapore,1976,13592.748526387659,8.620416641235352,5176.89013671875
Singapore,1977,14324.306834849158,8.724165916442871,4854.18994140625
Singapore,1978,15252.70165311627,8.717499732971191,5667.18994140625
Singapore,1979,16500.393161501135,8.748749732971191,5165.89013671875
Singapore,1980,17939.987684741416,8.71208381652832,5527.1904296875
Singapore,1981,18947.18876040727,8.832500457763672,4424.72998046875
Singapore,1982,19421.53402351933,8.883749961853027,5697.5703125
Singapore,1983,20810.902442046183,8.920416831970215,5375.31005859375
Singapore,1984,22216.717205711902,8.689167022705078,6027.169921875
Singapore,1985,22048.224913006412,8.762083053588867,5661.25
Singapore,1986,22365.413996317515,8.78833293914795,5117.990234375
Singapore,1987,24410.548273462533,8.87541675567627,5997.25
Singapore,1988,26479.4645667874,8.827500343322754,5725.2099609375
Singapore,1989,28325.575043597975,8.78083324432373,5290.4501953125
Singapore,1990,29920.82838201239,8.89958381652832,5395.490234375
Singapore,1991,31026.517372744118,8.892499923706055,5420.77001953125
Singapore,1992,32107.393819010776,8.87166690826416,5136.52978515625
Singapore,1993,34892.8081244792,8.859582901000977,5822.41015625
Singapore,1994,37567.39716361243,8.90583324432373,5585.6904296875
Singapore,1995,39058.28477253386,8.931249618530273,6493.08984375
Singapore,1996,40304.628835260744,8.917500495910645,5794.77001953125
Singapore,1997,42215.03871777189,9.045833587646484,5075.2900390625
Singapore,1998,39910.94752993697,8.970833778381348,5478.5498046875
Singapore,1999,41857.361274080286,8.920833587646484,5877.2099609375
Singapore,2000,44856.85484446733,8.943333625793457,6225.650390625
Singapore,2001,43195.50678443436,8.967917442321777,5960.77001953125
Singapore,2002,44482.400117336365,9.085000038146973,5497.4501953125
Singapore,2003,47196.3939177709,9.007083892822266,6329.35009765625
Singapore,2004,51242.16569463352,9.007083892822266,5930.7900390625
Singapore,2005,53738.73180007927,9.035416603088379,5691.08984375
Singapore,2006,56774.07985390253,8.941666603088379,6097.77001953125
Singapore,2007,59370.350731088445,8.947500228881836,6112.48974609375
Singapore,2008,57342.56073919122,8.94041633605957,6166.52978515625
Singapore,2009,55710.14880509083,9.019583702087402,5772.0703125
Singapore,2010,62678.66477383202,9.142916679382324,6240.330078125
Singapore,2011,65200.4666699668,9.061249732971191,6272.68994140625
Singapore,2012,66442.18493579768,9.06208324432373,6331.75
Singapore,2013,68524.46915782073,9.075416564941406,6089.08984375
Singapore,2014,70302.4894258087,9.134583473205566,5480.1298828125
Singapore,2015,71541.44755210583,9.11916732788086,5108.490234375
Singapore,2016,73265.74984777323,9.108750343322754,5847.8896484375
Singapore,2017,76477.99752154425,9.030416488647461,6186.41015625
Singapore,2018,78747.25036413016,9.070833206176758,6426.01025390625
Singapore,2019,78869.62162991993,9.170416831970215,4812.330078125
Singapore,2020,76097.95872446086,9.127500534057617,5701.90966796875
Sint Maarten (Dutch part),2009,48275.258498495845,9.050416946411133,1868.760009765625
Sint Maarten (Dutch part),2010,49373.37213876495,9.15666675567627,2248.85009765625
Sint Maarten (Dutch part),2011,50931.68024554329,9.045833587646484,1770.5499267578125
Sint Maarten (Dutch part),2012,50525.218456793424,9.106249809265137,1407.800048828125
Sint Maarten (Dutch part),2013,49999.10515195371,9.102916717529297,1884.239990234375
Sint Maarten (Dutch part),2014,49656.38419081317,9.114167213439941,1830.080078125
Sint Maarten (Dutch part),2015,48648.97593779907,9.189583778381348,1820.93994140625
Sint Maarten (Dutch part),2016,48120.66443641045,9.086250305175781,2214.9599609375
Sint Maarten (Dutch part),2017,43642.33792262955,8.78083324432373,1984.6700439453125
Sint Maarten (Dutch part),2018,39916.88204973034,8.631250381469727,2026.7799072265625
Sint Maarten (Dutch part),2019,43555.63046310762,8.829584121704102,1723.1300048828125
Sint Maarten (Dutch part),2020,37181.832898281216,8.641249656677246,1844.080078125
Slovak Republic,1990,11053.433477816294,4.304093837738037,1663.0928955078125
Slovak Republic,1991,9435.215370674992,4.054271697998047,1829.2012939453125
Slovak Republic,1992,8798.171645908104,4.335376262664795,1672.7996826171875
Slovak Republic,1993,8931.296127803462,4.150228500366211,1677.80859375
Slovak Republic,1994,9448.22583036139,4.43914270401001,1781.11181640625
Slovak Republic,1995,9971.11095138721,4.189486503601074,1860.27392578125
Slovak Republic,1996,10558.926725548054,3.8771936893463135,1866.6571044921875
Slovak Republic,1997,11117.62713632686,4.074568748474121,1733.2547607421875
Slovak Republic,1998,11527.528250207226,4.23123025894165,1941.4444580078125
Slovak Republic,1999,11461.270371460669,4.263299465179443,1942.00390625
Slovak Republic,2000,11567.374433088387,4.520384311676025,1686.33740234375
Slovak Republic,2001,11927.54764565116,4.225404739379883,1828.1090087890625
Slovak Republic,2002,12458.945980989029,4.42350959777832,1823.2149658203125
Slovak Republic,2003,13072.641203774823,4.251034736633301,1567.333740234375
Slovak Republic,2004,13779.996573223583,4.138657569885254,1879.5660400390625
Slovak Republic,2005,14672.180726810479,4.099844455718994,1898.055419921875
Slovak Republic,2006,15981.03897731888,4.250828266143799,1764.65625
Slovak Republic,2007,17704.801643920135,4.515017986297607,1908.8255615234375
Slovak Republic,2008,18638.386681184984,4.4485907554626465,1795.506591796875
Slovak Republic,2009,17588.826490852793,4.39906644821167,1881.767333984375
Slovak Republic,2010,18765.71394575843,4.179811000823975,2211.783447265625
Slovak Republic,2011,19221.771384381067,4.365476131439209,1584.30224609375
Slovak Republic,2012,19490.196447643095,4.458285808563232,1696.441650390625
Slovak Republic,2013,19606.19583657888,4.386507511138916,1848.3387451171875
Slovak Republic,2014,20117.58943793705,4.639726638793945,2009.9759521484375
Slovak Republic,2015,21138.954003736708,4.611299991607666,1804.314453125
Slovak Republic,2016,21522.93667688245,4.450222015380859,2061.49365234375
Slovak Republic,2017,22107.33113318859,4.463047504425049,1847.1549072265625
Slovak Republic,2018,22973.51517257075,4.644752502441406,1847.49462890625
Slovak Republic,2019,23464.593519599286,4.666205406188965,1872.3702392578125
Slovak Republic,2020,22838.316833091252,4.588927745819092,1927.20263671875
Slovenia,1990,17505.042649090592,4.47304630279541,3086.613037109375
Slovenia,1991,15936.961627224578,4.2254228591918945,3181.482666015625
Slovenia,1992,15088.332474962986,4.5750412940979,3181.989013671875
Slovenia,1993,15554.379064900415,4.397070407867432,3115.783935546875
Slovenia,1994,16402.001566012343,4.695446968078613,3114.847900390625
Slovenia,1995,17071.97637278018,4.4115519523620605,3315.541259765625
Slovenia,1996,17580.379159603002,4.218560695648193,3466.109619140625
Slovenia,1997,18514.39671847516,4.4227213859558105,2939.219482421875
Slovenia,1998,19123.311473162124,4.514979839324951,3257.094970703125
Slovenia,1999,20116.354445879213,4.468616485595703,3299.7109375
Slovenia,2000,20758.45664801034,4.759598731994629,3201.667724609375
Slovenia,2001,21312.055288691696,4.480503082275391,2821.075927734375
Slovenia,2002,21984.382414469055,4.671339988708496,3314.714111328125
Slovenia,2003,22673.1150050944,4.5232110023498535,2851.898681640625
Slovenia,2004,23688.658547436822,4.3603596687316895,3352.571044921875
Slovenia,2005,24559.074335715115,4.274272918701172,3118.44970703125
Slovenia,2006,25927.346241819672,4.499171257019043,2964.591796875
Slovenia,2007,27623.45422540533,4.710476398468018,3034.80078125
Slovenia,2008,28509.861624364457,4.637286186218262,3236.2353515625
Slovenia,2009,26108.73579312442,4.636693477630615,3580.1298828125
Slovenia,2010,26284.23033719884,4.394824028015137,3659.571533203125
Slovenia,2011,26401.605431433454,4.736703872680664,2835.322265625
Slovenia,2012,25578.08000266072,4.751789093017578,3236.5458984375
Slovenia,2013,25332.966986476193,4.630756855010986,3581.842041015625
Slovenia,2014,26007.283382546724,4.783729076385498,4174.87744140625
Slovenia,2015,26609.70176959951,4.802566051483154,3674.01220703125
Slovenia,2016,27397.08927061228,4.665578842163086,3887.527099609375
Slovenia,2017,28795.95556618973,4.679202079772949,3893.155029296875
Slovenia,2018,29948.170007682882,4.888334274291992,3681.510498046875
Slovenia,2019,30782.83910643492,4.902701377868652,3843.103271484375
Slovenia,2020,29328.273099946433,4.795177459716797,3954.212158203125
Solomon Islands,1980,2843.3336458234076,7.406417369842529,6011.349609375
Solomon Islands,1981,2696.8817859590285,7.686487674713135,5623.052734375
Solomon Islands,1982,2562.02293004721,7.545383453369141,6972.90576171875
Solomon Islands,1983,2572.3148547248175,7.610167980194092,5648.8076171875
Solomon Islands,1984,2490.9015932046486,7.455081939697266,5560.4013671875
Solomon Islands,1985,2333.501382395292,7.478846073150635,6570.9765625
Solomon Islands,1986,2253.8959036873453,7.57195520401001,5997.97705078125
Solomon Islands,1987,2366.0988136797237,7.638508319854736,4844.4013671875
Solomon Islands,1988,2319.8605668565856,7.645709037780762,6716.87451171875
Solomon Islands,1989,2343.3719608027527,7.443811416625977,5684.71875
Solomon Islands,1990,2321.561275570039,7.827350616455078,5879.1064453125
Solomon Islands,1991,2386.6630957806256,9.0145902633667,3021.154541015625
Solomon Islands,1992,2609.8333919523434,9.382871627807617,3170.670654296875
Solomon Islands,1993,2634.678797840061,9.719491958618164,3170.579833984375
Solomon Islands,1994,2765.4976487547074,10.027670860290527,3170.6533203125
Solomon Islands,1995,2956.9930740490095,12.233196258544922,3170.680908203125
Solomon Islands,1996,2919.044708338369,12.14698314666748,3170.70556640625
Solomon Islands,1997,2810.9806670713133,12.940020561218262,3170.70458984375
Solomon Islands,1998,2768.4915861046693,12.334274291992188,3170.73095703125
Solomon Islands,1999,2681.902708727882,12.238676071166992,3170.795166015625
Solomon Islands,2000,2246.9747378834372,11.760104179382324,3170.74462890625
Solomon Islands,2001,2028.3314841950291,12.94192886352539,3170.771484375
Solomon Islands,2002,1934.724400663466,12.541391372680664,3170.737548828125
Solomon Islands,2003,2023.4309129150597,12.292951583862305,3170.769775390625
Solomon Islands,2004,2140.078617604011,12.257418632507324,3170.6650390625
Solomon Islands,2005,2257.28942845596,12.442666053771973,3170.76611328125
Solomon Islands,2006,2309.9675990287656,12.381702423095703,3170.81787109375
Solomon Islands,2007,2353.061470201039,12.718500137329102,3170.829345703125
Solomon Islands,2008,2457.144142947001,12.941853523254395,3170.752685546875
Solomon Islands,2009,2481.9229476490555,12.341574668884277,3170.7255859375
Solomon Islands,2010,2647.122864878839,12.420637130737305,3170.7578125
Solomon Islands,2011,2741.06815551948,12.940799713134766,3170.752685546875
Solomon Islands,2012,2707.494112741519,12.94161605834961,3170.752685546875
Solomon Islands,2013,2747.101407463292,12.94866943359375,3170.759033203125
Solomon Islands,2014,2680.8120410527035,12.946414947509766,3170.752685546875
Solomon Islands,2015,2629.7925239515307,12.944002151489258,3170.752685546875
Solomon Islands,2016,2679.63924044558,12.946969985961914,3170.752685546875
Solomon Islands,2017,2668.220755411486,12.94386100769043,3170.752685546875
Solomon Islands,2018,2650.9062863249833,12.931013107299805,3170.752685546875
Solomon Islands,2019,2626.7251688450633,12.94487190246582,3170.752685546875
Solomon Islands,2020,2482.170086517496,12.935629844665527,3170.752685546875
"Somalia, Fed. Rep.",1961,386.3587262039361,8.135202407836914,1011.7778930664063
"Somalia, Fed. Rep.",1962,403.04556717798596,8.014416694641113,696.20831298828125
"Somalia, Fed. Rep.",1963,403.67264804974974,8.433143615722656,881.75494384765625
"Somalia, Fed. Rep.",1964,369.22016026813407,8.304841041564941,868.53863525390625
"Somalia, Fed. Rep.",1965,338.26128749508985,8.511756896972656,874.51885986328125
"Somalia, Fed. Rep.",1966,359.47210881819865,8.50745964050293,774.2325439453125
"Somalia, Fed. Rep.",1967,370.96927106262405,8.511314392089844,1105.1419677734375
"Somalia, Fed. Rep.",1968,368.6757650975507,8.440699577331543,1136.3848876953125
"Somalia, Fed. Rep.",1969,353.01123383821175,8.6932220458984375,842.2669677734375
"Somalia, Fed. Rep.",1970,359.56228710603995,8.715080261230469,721.4000244140625
"Somalia, Fed. Rep.",1971,357.7538987735409,8.552630424499512,741.15826416015625
"Somalia, Fed. Rep.",1972,400.37629553363456,8.582592964172363,940.86572265625
"Somalia, Fed. Rep.",1973,342.5036671922741,8.667763710021973,664.47003173828125
"Somalia, Fed. Rep.",1974,336.24999281504773,8.579041481018066,673.9757080078125
"Somalia, Fed. Rep.",1975,376.0885416556522,8.373724937438965,640.53692626953125
"Somalia, Fed. Rep.",1976,359.9835982107359,8.575108528137207,737.9053955078125
"Somalia, Fed. Rep.",1977,398.31704156858876,8.507952690124512,979.98834228515625
"Somalia, Fed. Rep.",1978,392.46060157768176,8.484112739562988,834.348388671875
"Somalia, Fed. Rep.",1979,329.4881104285717,8.410863876342773,847.02294921875
"Somalia, Fed. Rep.",1980,307.8778151598443,8.540152549743652,656.88653564453125
"Somalia, Fed. Rep.",1981,324.61045906914893,8.67432689666748,917.5479736328125
"Somalia, Fed. Rep.",1982,332.426135367569,8.441489219665527,981.2470703125
"Somalia, Fed. Rep.",1983,284.7150045996807,8.54633617401123,696.51861572265625
"Somalia, Fed. Rep.",1984,283.4952971508841,8.532292366027832,732.61431884765625
"Somalia, Fed. Rep.",1985,298.22303090095005,8.53753662109375,708.65521240234375
"Somalia, Fed. Rep.",1986,280.0455469034225,8.586799621582031,749.033935546875
"Somalia, Fed. Rep.",1987,297.48307921918473,8.688700675964355,810.64385986328125
"Somalia, Fed. Rep.",1988,307.3427616714436,8.527216911315918,824.64349365234375
"Somalia, Fed. Rep.",1989,324.4507787058102,8.407999992370605,966.481689453125
"Somalia, Fed. Rep.",1990,333.50077582649584,8.48497486114502,714.35015869140625
"Somalia, Fed. Rep.",1991,356.8982580839414,8.224052429199219,599.4239501953125
"Somalia, Fed. Rep.",1992,342.62690444317,8.396153450012207,562.56121826171875
"Somalia, Fed. Rep.",1993,346.36534571730016,8.097796440124512,629.4647216796875
"Somalia, Fed. Rep.",1994,270.5626956522684,8.126147270202637,657.472412109375
"Somalia, Fed. Rep.",1995,271.3872373466664,8.203606605529785,499.503173828125
"Somalia, Fed. Rep.",1996,282.7638697118087,8.187070846557617,507.8236389160156
"Somalia, Fed. Rep.",1997,276.2275242942605,8.190500259399414,762.94525146484375
"Somalia, Fed. Rep.",1998,282.4755971112541,8.448145866394043,630.73114013671875
"Somalia, Fed. Rep.",1999,291.13061041779156,8.230988502502441,489.42645263671875
"Somalia, Fed. Rep.",2000,299.6009149370815,8.636165618896484,372.5495300292969
"Somalia, Fed. Rep.",2001,308.3520067007992,9.19069766998291,450.74078369140625
"Somalia, Fed. Rep.",2002,319.6624645989255,8.718433380126953,528.8863525390625
"Somalia, Fed. Rep.",2003,331.58554475741244,8.4401702880859375,328.3486022949219
"Somalia, Fed. Rep.",2004,342.31688221718997,8.119146347045898,309.26239013671875
"Somalia, Fed. Rep.",2005,354.1446764374057,8.0467987060546875,316.8540344238281
"Somalia, Fed. Rep.",2006,365.7333119561124,8.258015632629395,376.4110412597656
"Somalia, Fed. Rep.",2007,378.255165279027,8.128491401672363,355.2705078125
"Somalia, Fed. Rep.",2008,391.7945298242905,8.232068061828613,347.6581115722656
"Somalia, Fed. Rep.",2009,407.60397720875983,8.435564994812012,296.85992431640625
"Somalia, Fed. Rep.",2010,424.2305710037576,9.618420600891113,298.38763427734375
"Somalia, Fed. Rep.",2011,449.4384759044453,9.476250648498535,372.3767395019531
"Somalia, Fed. Rep.",2012,475.20283019025334,9.770318031311035,317.6120300292969
"Somalia, Fed. Rep.",2013,510.54772745881826,8.444952964782715,392.4416198730469
"Somalia, Fed. Rep.",2014,536.7855202364497,8.243735313415527,335.3948059082031
"Somalia, Fed. Rep.",2015,572.869276680576,8.431751251220703,357.0467834472656
"Somalia, Fed. Rep.",2016,590.0179478053526,8.465912818908691,432.7582092285156
"Somalia, Fed. Rep.",2017,651.1892644244883,8.432363510131836,489.52252197265625
"Somalia, Fed. Rep.",2018,641.5210419226764,9.431733131408691,427.8461608886719
"Somalia, Fed. Rep.",2019,635.6879604637876,8.892194747924805,470.61376953125
"Somalia, Fed. Rep.",2020,595.0906264888748,9.333703994750977,356.1876525878906
South Africa,1961,5184.075919626315,6.418907165527344,1273.6251220703125
South Africa,1962,5343.027968840828,6.476938724517822,1129.9046630859375
South Africa,1963,5565.726249542692,6.4046406745910645,1282.6004638671875
South Africa,1964,5826.921856871172,6.348776340484619,1110.4881591796875
South Africa,1965,5996.452713614505,6.380282402038574,1041.1168212890625
South Africa,1966,6071.5385028974015,6.471400260925293,1089.214599609375
South Africa,1967,6308.559863777681,6.31294059753418,1295.5335693359375
South Africa,1968,6368.91372482511,6.286079406738281,1081.3863525390625
South Africa,1969,6466.426393241655,6.458965301513672,1157.848876953125
South Africa,1970,6602.596765814676,6.480027675628662,1094.628173828125
South Africa,1971,6686.398426649623,6.34427547454834,1236.41259765625
South Africa,1972,6604.930784666752,6.4436469078063965,1166.6767578125
South Africa,1973,6712.212655210748,6.431480884552002,1220.540283203125
South Africa,1974,6924.359205282487,6.333725929260254,1462.7452392578125
South Africa,1975,6849.388517414277,6.32354211807251,1324.285400390625
South Africa,1976,6816.562942669132,6.299931526184082,1485.370849609375
South Africa,1977,6628.469759049015,6.428560256958008,1351.688720703125
South Africa,1978,6644.390812680375,6.420982360839844,1247.2274169921875
South Africa,1979,6712.088319016905,6.479536533355713,1134.087890625
South Africa,1980,6941.98478656663,6.446568489074707,1188.375244140625
South Africa,1981,7069.331359427344,6.347075462341309,1319.16455078125
South Africa,1982,6802.930058499104,6.480515480041504,1095.9697265625
South Africa,1983,6448.0729369674345,6.624521255493164,1145.283935546875
South Africa,1984,6546.230589454709,6.564586162567139,1122.3355712890625
South Africa,1985,6254.819303865815,6.565079689025879,1242.52880859375
South Africa,1986,6059.092361141203,6.559592247009277,1141.544677734375
South Africa,1987,5996.495301250826,6.6070966720581055,1199.611083984375
South Africa,1988,6060.897619849867,6.479715824127197,1393.719970703125
South Africa,1989,6026.272438469007,6.438077926635742,1252.76611328125
South Africa,1990,5842.344565051104,6.5307841300964355,1063.1263427734375
South Africa,1991,5652.23430538114,6.5080156326293945,1264.065673828125
South Africa,1992,5432.969306973815,6.7148213386535645,992.7413330078125
South Africa,1993,5391.550330579774,6.6948347091674805,1208.1630859375
South Africa,1994,5474.6858520681435,6.5185065269470215,1095.721435546875
South Africa,1995,5576.298733778771,6.6118083000183105,1284.1806640625
South Africa,1996,5741.1324447379575,6.470526218414307,1385.3375244140625
South Africa,1997,5820.256494150907,6.564006328582764,1305.276611328125
South Africa,1998,5778.867416364208,6.664618492126465,1246.591552734375
South Africa,1999,5853.426776395073,6.770431041717529,1253.12890625
South Africa,2000,6043.737519204496,6.535525798797607,1522.538330078125
South Africa,2001,6153.799059850624,6.612293720245361,1402.0968017578125
South Africa,2002,6321.362653837731,6.605701446533203,1193.198974609375
South Africa,2003,6443.252742639507,6.6660003662109375,1113.38134765625
South Africa,2004,6669.1880603406535,6.746815204620361,1286.6353759765625
South Africa,2005,6950.386762011476,6.769588947296143,1117.5250244140625
South Africa,2006,7265.261485090742,6.608226299285889,1396.1534423828125
South Africa,2007,7574.376278293893,6.712222099304199,1241.3104248046875
South Africa,2008,7726.46873781263,6.729038715362549,1234.418212890625
South Africa,2009,7517.340986370838,6.731687068939209,1278.591796875
South Africa,2010,7654.761492052288,6.822772026062012,1281.1842041015625
South Africa,2011,7800.272422273669,6.64583683013916,1226.50390625
South Africa,2012,7870.254881723812,6.720398902893066,1222.5543212890625
South Africa,2013,7933.66228353581,6.793267726898193,1144.566162109375
South Africa,2014,7913.257779531925,6.732268333435059,1217.414794921875
South Africa,2015,7858.318777149814,6.921249866485596,1026.08740234375
South Africa,2016,7836.489823282584,6.939485549926758,1123.1824951171875
South Africa,2017,7875.570081572441,6.744645595550537,1128.08251953125
South Africa,2018,7864.742350922884,6.810600757598877,1124.1881103515625
South Africa,2019,7756.180510475835,6.9614434242248535,1106.1710205078125
South Africa,2020,7160.604110633331,6.646574974060059,1180.7100830078125
South Sudan,2008,2943.11729730539,9.423666954040527,2064.712158203125
South Sudan,2009,2949.0538614855973,9.584033966064453,1660.186279296875
South Sudan,2010,2950.684842231267,9.53479290008545,1729.44287109375
South Sudan,2011,2665.4858502191532,9.108405113220215,1327.574951171875
South Sudan,2012,1374.6250157382651,9.182068824768066,1333.0789794921875
South Sudan,2013,1498.0046539382797,9.074522018432617,1319.3907470703125
South Sudan,2014,1539.0595635960544,9.017328262329102,1477.278564453125
South Sudan,2015,1388.7042954869953,9.222039222717285,1391.4945068359375
Spain,1961,8953.219679890415,5.557206153869629,1685.1767578125
Spain,1962,9754.21681853123,5.309502601623535,1686.6732177734375
Spain,1963,10596.931696697438,5.272514343261719,1870.4815673828125
Spain,1964,11049.12877882295,5.408663272857666,1460.0377197265625
Spain,1965,11613.256649418878,5.301610469818115,1605.8031005859375
Spain,1966,12327.870816737579,5.391077518463135,1627.1826171875
Spain,1967,12705.612385175406,5.303639888763428,1458.753662109375
Spain,1968,13367.850793361891,5.348304271697998,1575.9930419921875
Spain,1969,14415.767719198462,5.228002071380615,1906.1446533203125
Spain,1970,14861.733753971494,5.347800254821777,1452.8504638671875
Spain,1971,15366.427387866963,5.242697238922119,1762.12890625
Spain,1972,16436.267737458795,5.13985013961792,1795.5238037109375
Spain,1973,17521.723093718185,5.3304901123046875,1425.7674560546875
Spain,1974,18305.131282893264,5.299192905426025,1487.8331298828125
Spain,1975,18206.448956925564,5.263683319091797,1549.0594482421875
Spain,1976,18610.226560739255,5.309574604034424,1699.98828125
Spain,1977,18942.54139764644,5.300958156585693,1764.7861328125
Spain,1978,19035.497805775325,5.324079513549805,1561.3812255859375
Spain,1979,18876.260521344997,5.346217632293701,1719.488525390625
Spain,1980,19138.888843513305,5.326188087463379,1401.8907470703125
Spain,1981,18978.143709288943,5.481175422668457,1435.19873046875
Spain,1982,19099.6814841563,5.482886791229248,1547.9892578125
Spain,1983,19343.30072493994,5.51029109954834,1467.087158203125
Spain,1984,19606.930020208278,5.267879486083984,1600.78369140625
Spain,1985,19989.525749702894,5.445733070373535,1440.15234375
Spain,1986,20578.273131894137,5.402065753936768,1435.79296875
Spain,1987,21663.522481222168,5.507849216461182,1698.315185546875
Spain,1988,22718.902572236973,5.473930835723877,1531.3330078125
Spain,1989,23778.243023623665,5.63435697555542,1770.084228515625
Spain,1990,24652.276059098374,5.5954060554504395,1386.1669921875
Spain,1991,25215.66061024562,5.403358459472656,1494.22998046875
Spain,1992,25325.629927788996,5.454405784606934,1518.9029541015625
Spain,1993,24934.764703240042,5.356739521026611,1556.4913330078125
Spain,1994,25407.753987118132,5.585575103759766,1413.3306884765625
Spain,1995,25993.391797682685,5.627772808074951,1476.7889404296875
Spain,1996,26560.28789271288,5.435611724853516,1912.9442138671875
Spain,1997,27398.013629522524,5.716210842132568,1853.0926513671875
Spain,1998,28458.65054825539,5.5634894371032715,1417.7425537109375
Spain,1999,29593.162840711786,5.501081943511963,1578.8662109375
Spain,2000,30993.304251682017,5.528916358947754,1633.4786376953125
Spain,2001,31985.18818939367,5.610393047332764,1598.4598388671875
Spain,2002,32405.518727016235,5.573770523071289,1714.6800537109375
Spain,2003,32760.168477490493,5.641063213348389,1723.3599853515625
Spain,2004,33202.62301606732,5.528571605682373,1594.679443359375
Spain,2005,33805.774338043375,5.528270244598389,1334.508056640625
Spain,2006,34583.14319437581,5.702508449554443,1619.7333984375
Spain,2007,35148.45301957876,5.516914367675781,1522.2347412109375
Spain,2008,34857.547383542675,5.541453838348389,1682.6846923828125
Spain,2009,33248.26866548813,5.687750816345215,1576.0797119140625
Spain,2010,33126.69301636795,5.552221775054932,1892.7314453125
Spain,2011,32797.95742776352,5.7347798347473145,1482.8203125
Spain,2012,31837.58109283898,5.618894100189209,1486.318115234375
Spain,2013,31496.8647932918,5.527620315551758,1715.6895751953125
Spain,2014,32074.506730162873,5.7194623947143555,1600.5968017578125
Spain,2015,33404.6403527384,5.745551586151123,1396.9178466796875
Spain,2016,34351.91953691893,5.68988037109375,1625.39111328125
Spain,2017,35260.92993604365,5.777372360229492,1352.5616455078125
Spain,2018,35942.89850732204,5.6724700927734375,1810.5386962890625
Spain,2019,36386.087893052805,5.7284088134765625,1464.5047607421875
Spain,2020,32240.5739447536,5.808354377746582,1646.4638671875
Sri Lanka,1961,847.6380791528974,8.464757919311523,5712.81591796875
Sri Lanka,1962,858.800195728094,8.564888000488281,4473.4228515625
Sri Lanka,1963,859.1312217538837,8.655157089233398,5577.2001953125
Sri Lanka,1964,871.0438027853381,8.732026100158691,4099.80859375
Sri Lanka,1965,871.578680757083,8.70785140991211,4505.1162109375
Sri Lanka,1966,893.5149809456209,8.737772941589355,4212.26611328125
Sri Lanka,1967,928.3542714886047,8.646051406860352,5063.24853515625
Sri Lanka,1968,958.879177946292,8.722773551940918,3726.3232421875
Sri Lanka,1969,1008.9932788153318,8.75780963897705,4562.8994140625
Sri Lanka,1970,1024.5034572971842,8.704964637756348,4280.5576171875
Sri Lanka,1971,1015.9969571302485,8.6368560791015625,4353.4345703125
Sri Lanka,1972,991.5022114832717,8.737410545349121,4365.8916015625
Sri Lanka,1973,1041.0196198567196,8.696166038513184,4386.623046875
Sri Lanka,1974,1061.1679323685871,8.565950393676758,4165.71923828125
Sri Lanka,1975,1105.9554575291593,8.645190238952637,4690.51953125
Sri Lanka,1976,1122.3151715165823,8.7116117477417,3553.058349609375
Sri Lanka,1977,1158.3519451535658,8.655842781066895,4681.53076171875
Sri Lanka,1978,1201.5425863065345,8.728059768676758,4302.03759765625
Sri Lanka,1979,1254.8528650167389,8.786227226257324,4367.76123046875
Sri Lanka,1980,1304.2059985728442,8.59890079498291,3380.27783203125
Sri Lanka,1981,1355.583685867157,8.733675956726074,4323.59326171875
Sri Lanka,1982,1394.4414158553218,8.788110733032227,3629.70263671875
Sri Lanka,1983,1451.8605642188763,8.864593505859375,3656.2890625
Sri Lanka,1984,1520.649325942469,8.711623191833496,4825.0703125
Sri Lanka,1985,1586.165275117013,8.741021156311035,4396.232421875
Sri Lanka,1986,1635.5644720350997,8.823439598083496,4239.55810546875
Sri Lanka,1987,1644.416118838217,8.902002334594727,3808.437255859375
Sri Lanka,1988,1668.0946525077875,8.861089706420898,5039.3623046875
Sri Lanka,1989,1688.6022286900268,8.75562572479248,4108.02294921875
Sri Lanka,1990,1785.2569105306648,8.867892265319824,4764.67578125
Sri Lanka,1991,1853.449006474279,8.84417724609375,4038.728759765625
Sri Lanka,1992,1904.4912485720681,8.7765655517578125,3561.838623046875
Sri Lanka,1993,2001.627613965663,8.798367500305176,4627.380859375
Sri Lanka,1994,2083.1469938059913,8.8221588134765625,4466.439453125
Sri Lanka,1995,2161.6486492284394,8.856099128723145,4034.146484375
Sri Lanka,1996,2201.0639968625937,8.811196327209473,4141.3984375
Sri Lanka,1997,2298.005518289665,8.888833999633789,4453.66064453125
Sri Lanka,1998,2360.976325633471,8.973939895629883,4097.4013671875
Sri Lanka,1999,2417.18202388284,8.803096771240234,4350.33935546875
Sri Lanka,2000,2515.9547160266065,8.833173751831055,4082.543212890625
Sri Lanka,2001,2438.2356883195757,8.883112907409668,3759.12255859375
Sri Lanka,2002,2508.61631615282,8.890917778015137,3983.268798828125
Sri Lanka,2003,2638.2177704676956,8.90622329711914,4148.46630859375
Sri Lanka,2004,2763.0244920856767,8.843987464904785,4525.1396484375
Sri Lanka,2005,2916.766185636021,8.88621997833252,3845.5068359375
Sri Lanka,2006,3119.4645974105993,8.831259727478027,4874.71728515625
Sri Lanka,2007,3308.7074871793,8.792576789855957,3802.973876953125
Sri Lanka,2008,3482.326279745761,8.759764671325684,4500.48095703125
Sri Lanka,2009,3583.4919027582105,8.8557710647583,3469.496337890625
Sri Lanka,2010,3848.004800667552,8.812621116638184,4209.46923828125
Sri Lanka,2011,4155.740094061768,8.78593921661377,4180.18359375
Sri Lanka,2012,4480.263046018103,8.858360290527344,3587.5361328125
Sri Lanka,2013,4794.15150204068,8.879164695739746,3936.600830078125
Sri Lanka,2014,5052.5499819360775,8.89767837524414,4432.9931640625
Sri Lanka,2015,5216.851445016627,8.901009559631348,5115.396484375
Sri Lanka,2016,5418.73297958123,9.01291275024414,3737.924560546875
Sri Lanka,2017,5703.207214001595,8.9195709228515625,4125.8759765625
Sri Lanka,2018,5776.5257655769865,8.8670501708984375,3917.587890625
Sri Lanka,2019,5728.629891949277,8.939200401306152,4660.7021484375
Sri Lanka,2020,5434.793435958439,8.977091789245605,4332.87841796875
St. Kitts and Nevis,1977,5752.619993654272,8.785416603088379,2471.1298828125
St. Kitts and Nevis,1978,5997.044281509601,8.783750534057617,2331.14990234375
St. Kitts and Nevis,1979,6480.270512218045,8.842082977294922,3225.18994140625
St. Kitts and Nevis,1980,7057.2243891722555,8.927083015441895,2209.929931640625
St. Kitts and Nevis,1981,7191.904371498339,8.920000076293945,2660.2900390625
St. Kitts and Nevis,1982,7259.520513360398,8.835833549499512,2614.530029296875
St. Kitts and Nevis,1983,7380.027104877845,8.991666793823242,2476.030029296875
St. Kitts and Nevis,1984,8076.48852006049,8.817500114440918,2641.2900390625
St. Kitts and Nevis,1985,8817.072515381538,8.84375,2401.670166015625
St. Kitts and Nevis,1986,9834.46531501256,8.862083435058594,2453.449951171875
St. Kitts and Nevis,1987,10547.081754693128,9.057499885559082,2883.969970703125
St. Kitts and Nevis,1988,11600.327908939793,8.891249656677246,2569.7900390625
St. Kitts and Nevis,1989,12327.26614988503,8.879166603088379,2694.429931640625
St. Kitts and Nevis,1990,13032.739375491228,8.947500228881836,2434.2900390625
St. Kitts and Nevis,1991,12813.170394577499,8.907083511352539,2340.81005859375
St. Kitts and Nevis,1992,13243.015820635932,8.897916793823242,3004.2099609375
St. Kitts and Nevis,1993,13963.066258736913,8.948750495910645,2340.72998046875
St. Kitts and Nevis,1994,14515.40385200023,8.932500839233398,2180.449951171875
St. Kitts and Nevis,1995,15098.016509032766,8.954166412353516,2376.7900390625
St. Kitts and Nevis,1996,15774.81259916112,8.939582824707031,2557.22998046875
St. Kitts and Nevis,1997,16637.477134481793,9.076666831970215,2427.969970703125
St. Kitts and Nevis,1998,16342.003301180706,9.165416717529297,2774.949951171875
St. Kitts and Nevis,1999,16640.14130743112,9.069999694824219,2511.35009765625
St. Kitts and Nevis,2000,18049.44630931782,9.015417098999023,2051.669921875
St. Kitts and Nevis,2001,18784.69312536166,9.069999694824219,2272.7900390625
St. Kitts and Nevis,2002,18934.44823153389,9.064583778381348,2430.010009765625
St. Kitts and Nevis,2003,18128.229990875338,9.12166690826416,2592.010009765625
St. Kitts and Nevis,2004,18796.116426186403,8.96541690826416,2667.75
St. Kitts and Nevis,2005,20571.321083563103,9.082500457763672,2866.75
St. Kitts and Nevis,2006,21159.249659982972,9.011250495910645,3070.730224609375
St. Kitts and Nevis,2007,21223.894641283387,8.949999809265137,2360.949951171875
St. Kitts and Nevis,2008,23560.736641826923,8.864583015441895,2906.550048828125
St. Kitts and Nevis,2009,22719.262365964685,8.981250762939453,2622.31005859375
St. Kitts and Nevis,2010,22740.879878475218,9.102499961853027,2640.2099609375
St. Kitts and Nevis,2011,23088.79596762455,8.986666679382324,2541.400146484375
St. Kitts and Nevis,2012,22846.853602824453,9.040416717529297,2249.85009765625
St. Kitts and Nevis,2013,24136.882226173562,9.029582977294922,2536.590087890625
St. Kitts and Nevis,2014,25954.697230092443,9.05541706085205,2617.170166015625
St. Kitts and Nevis,2015,26135.96807153207,9.123333930969238,1965.8499755859375
St. Kitts and Nevis,2016,27170.742515693764,9.038333892822266,2624.2900390625
St. Kitts and Nevis,2017,27245.2429275032,8.725000381469727,2478.2900390625
St. Kitts and Nevis,2018,27815.93869753437,8.5649995803833,2278.110107421875
St. Kitts and Nevis,2019,28667.390643196053,8.757917404174805,2473.010009765625
St. Kitts and Nevis,2020,24323.217933901513,8.577083587646484,2401.2900390625
St. Lucia,1977,5441.511640746709,8.637042045593262,4274.06787109375
St. Lucia,1978,5914.5931690525185,8.661206245422363,3976.898681640625
St. Lucia,1979,6050.434153357279,8.712047576904297,4442.9580078125
St. Lucia,1980,5828.697722938899,8.779548645019531,4490.3603515625
St. Lucia,1981,6100.56351820913,8.755383491516113,4519.48974609375
St. Lucia,1982,6130.645162988886,8.687458038330078,4440.81982421875
St. Lucia,1983,6334.34346186072,8.848716735839844,4035.082275390625
St. Lucia,1984,6686.395307218661,8.672883987426758,4378.05029296875
St. Lucia,1985,7123.272231810295,8.689117431640625,4031.34423828125
St. Lucia,1986,8020.011548872056,8.704964637756348,4356.58837890625
St. Lucia,1987,8210.325767767165,8.840388298034668,4944.365234375
St. Lucia,1988,9228.716642947024,8.770377159118652,4802.97119140625
St. Lucia,1989,9946.151180413497,8.704126358032227,4504.96728515625
St. Lucia,1990,10823.257927171948,8.807887077331543,4730.22705078125
St. Lucia,1991,10734.426725732927,8.765372276306152,4595.765625
St. Lucia,1992,11416.551820565199,8.761216163635254,5064.67431640625
St. Lucia,1993,11314.63244997695,8.799964904785156,4521.15185546875
St. Lucia,1994,11324.989777079483,8.7941255569458,4762.18701171875
St. Lucia,1995,11342.754740273494,8.820378303527832,4845.50830078125
St. Lucia,1996,11501.357657760509,8.78912353515625,5147.28759765625
St. Lucia,1997,11261.843980568967,8.877038955688477,3870.84375
St. Lucia,1998,11806.687114757118,8.999953269958496,5090.41259765625
St. Lucia,1999,11965.348986513987,8.901198387145996,4641.7265625
St. Lucia,2000,11826.727123337387,8.811629295349121,4410.71630859375
St. Lucia,2001,11308.099875793414,8.95830249786377,4505.8984375
St. Lucia,2002,11256.56227555193,8.927041053771973,4319.119140625
St. Lucia,2003,11640.471764405052,8.948721885681152,4961.3837890625
St. Lucia,2004,12390.411617542466,8.89036750793457,5697.11328125
St. Lucia,2005,12249.254508139373,9.01996898651123,5562.91796875
St. Lucia,2006,12915.311953391858,8.896212577819824,4353.2412109375
St. Lucia,2007,13046.18315294201,8.852885246276855,4391.2431640625
St. Lucia,2008,13606.716104789517,8.827051162719727,4716.3564453125
St. Lucia,2009,13139.212576034852,8.901640892028809,4522.54052734375
St. Lucia,2010,13102.586996302829,9.03246021270752,5897.39208984375
St. Lucia,2011,13598.316819161022,8.877440452575684,5700.556640625
St. Lucia,2012,13521.665373970325,8.906630516052246,5328.8505859375
St. Lucia,2013,13215.85488998755,8.8562164306640625,4298.84716796875
St. Lucia,2014,13332.236554699364,8.879146575927734,4485.037109375
St. Lucia,2015,13287.299869080254,8.927470207214355,3888.977783203125
St. Lucia,2016,13684.79471625656,8.903719902038574,4948.56591796875
St. Lucia,2017,14091.479284477733,8.753302574157715,4744.62744140625
St. Lucia,2018,14442.984452662236,8.597484588623047,4505.4208984375
St. Lucia,2019,14289.849544062748,8.760845184326172,3568.326171875
St. Lucia,2020,10772.91619664146,8.666703224182129,4327.30322265625
St. Vincent and the Grenadines,1961,2493.753374631228,8.33437442779541,5049.66015625
St. Vincent and the Grenadines,1962,2545.3877157226134,8.32479190826416,5145.68017578125
St. Vincent and the Grenadines,1963,2351.2227697098997,8.360625267028809,5145.77978515625
St. Vincent and the Grenadines,1964,2404.209081130749,8.298125267028809,5173.89990234375
St. Vincent and the Grenadines,1965,2394.0615291101603,8.288958549499512,5138.22021484375
St. Vincent and the Grenadines,1966,2364.8028577043387,8.361458778381348,6428.10009765625
St. Vincent and the Grenadines,1967,2114.9535587608198,8.29729175567627,6055.61962890625
St. Vincent and the Grenadines,1968,2228.721908228644,8.309374809265137,5294.34033203125
St. Vincent and the Grenadines,1969,2269.9331012919174,8.454792022705078,6282.83984375
St. Vincent and the Grenadines,1970,2490.1241756340783,8.406458854675293,6498.64013671875
St. Vincent and the Grenadines,1971,2539.9991503027727,8.285208702087402,5465.7802734375
St. Vincent and the Grenadines,1972,3166.1152994503686,8.373958587646484,5852.47998046875
St. Vincent and the Grenadines,1973,2788.9380177571816,8.3960418701171875,5127.16015625
St. Vincent and the Grenadines,1974,2520.8426784819294,8.327291488647461,5082.39990234375
St. Vincent and the Grenadines,1975,2309.7593829157618,8.29395866394043,5171.1796875
St. Vincent and the Grenadines,1976,2529.032767808561,8.26895809173584,5363.50048828125
St. Vincent and the Grenadines,1977,2841.0928638450905,8.42145824432373,5428.89990234375
St. Vincent and the Grenadines,1978,3095.3309535729427,8.45354175567627,5063.240234375
St. Vincent and the Grenadines,1979,3178.2817248096867,8.491874694824219,6090.84033203125
St. Vincent and the Grenadines,1980,3232.954712873994,8.556875228881836,5488.23974609375
St. Vincent and the Grenadines,1981,3354.438214326665,8.546042442321777,6317.6201171875
St. Vincent and the Grenadines,1982,3474.9788019608973,8.488541603088379,5860.80029296875
St. Vincent and the Grenadines,1983,3521.4592895568994,8.6147918701171875,5499.57958984375
St. Vincent and the Grenadines,1984,3723.802923990362,8.465209007263184,5838.759765625
St. Vincent and the Grenadines,1985,3924.0656084609814,8.482707977294922,5570.60009765625
St. Vincent and the Grenadines,1986,4114.41603944022,8.496874809265137,5810.4404296875
St. Vincent and the Grenadines,1987,4105.388951095836,8.629375457763672,5472.4599609375
St. Vincent and the Grenadines,1988,4655.404695797667,8.561458587646484,6206.8798828125
St. Vincent and the Grenadines,1989,4694.7919175809775,8.504374504089355,5693.1201171875
St. Vincent and the Grenadines,1990,4865.973167524019,8.577291488647461,5704.4599609375
St. Vincent and the Grenadines,1991,4903.25037337779,8.5443754196167,5910.89990234375
St. Vincent and the Grenadines,1992,5202.671299131035,8.561041831970215,6206.60009765625
St. Vincent and the Grenadines,1993,5412.949704445951,8.583958625793457,5703.580078125
St. Vincent and the Grenadines,1994,5336.753456362715,8.568958282470703,5465.2998046875
St. Vincent and the Grenadines,1995,5744.6775860515245,8.601875305175781,6086.76025390625
St. Vincent and the Grenadines,1996,5814.96041112715,8.567292213439941,6161.81982421875
St. Vincent and the Grenadines,1997,6017.613208492231,8.673125267028809,4829.43994140625
St. Vincent and the Grenadines,1998,6261.586933579525,8.783541679382324,6200.60009765625
St. Vincent and the Grenadines,1999,6420.743545774988,8.667291641235352,6036.3798828125
St. Vincent and the Grenadines,2000,6515.693583224199,8.594791412353516,5514.66015625
St. Vincent and the Grenadines,2001,6632.173003335137,8.720624923706055,5000.27978515625
St. Vincent and the Grenadines,2002,6995.964351007611,8.711041450500488,5491.39990234375
St. Vincent and the Grenadines,2003,7477.678018540487,8.728541374206543,5154.0400390625
St. Vincent and the Grenadines,2004,7806.475260308003,8.661458015441895,6488.9404296875
St. Vincent and the Grenadines,2005,8028.136371266564,8.803125381469727,6622.2998046875
St. Vincent and the Grenadines,2006,8623.294069024234,8.67145824432373,5727.56005859375
St. Vincent and the Grenadines,2007,8948.42869867997,8.636041641235352,5093.81982421875
St. Vincent and the Grenadines,2008,9025.34159428088,8.620625495910645,5322.98046875
St. Vincent and the Grenadines,2009,8942.838727884058,8.70687484741211,5700.2001953125
St. Vincent and the Grenadines,2010,8585.70548403008,8.796875,6324.26025390625
St. Vincent and the Grenadines,2011,8581.257070920374,8.666041374206543,6915.46044921875
St. Vincent and the Grenadines,2012,8730.524072959146,8.689374923706055,6246.9599609375
St. Vincent and the Grenadines,2013,8995.229815789115,8.64020824432373,5455.56005859375
St. Vincent and the Grenadines,2014,9149.055238261231,8.66812515258789,4941.6201171875
St. Vincent and the Grenadines,2015,9454.419074382084,8.69979190826416,5166.83984375
St. Vincent and the Grenadines,2016,9903.319184355933,8.709375381469727,6221.7998046875
St. Vincent and the Grenadines,2017,10121.923707013046,8.54729175567627,4749.2900390625
St. Vincent and the Grenadines,2018,10516.710789430279,8.389792442321777,4314.2900390625
St. Vincent and the Grenadines,2019,10664.148404068625,8.552708625793457,4201.68017578125
St. Vincent and the Grenadines,2020,10272.114256760413,8.45270824432373,5093.68017578125
Sudan,1961,1065.5142769041393,8.58121395111084,706.505615234375
Sudan,1962,1107.5674491380817,8.780858039855957,705.65362548828125
Sudan,1963,1045.6200998269467,8.8343048095703125,662.63006591796875
Sudan,1964,1003.6672130030818,8.565598487854004,726.62591552734375
Sudan,1965,1039.9134833346827,8.680148124694824,657.712890625
Sudan,1966,973.9132851505293,8.83419132232666,636.95263671875
Sudan,1967,959.6208878614816,8.56344985961914,670.158447265625
Sudan,1968,950.1993168434595,8.708613395690918,649.55047607421875
Sudan,1969,935.4838061497629,8.942684173583984,584.01300048828125
Sudan,1970,961.987874645204,8.72365665435791,613.1832275390625
Sudan,1971,953.9991765442609,8.61629581451416,601.4197998046875
Sudan,1972,877.661106298672,8.733325004577637,632.728759765625
Sudan,1973,851.0972432160007,8.875500679016113,559.91204833984375
Sudan,1974,914.1235630972259,8.777446746826172,637.13232421875
Sudan,1975,1023.327233848918,8.788108825683594,623.32879638671875
Sudan,1976,1154.785006108702,8.93297004699707,607.7633056640625
Sudan,1977,1186.9240474505534,8.775498390197754,622.58575439453125
Sudan,1978,1076.4229440147992,8.8480987548828125,704.841796875
Sudan,1979,984.3968770918679,9.024855613708496,624.3223876953125
Sudan,1980,961.5716666522036,8.964996337890625,644.2862548828125
Sudan,1981,994.5172286863743,8.950542449951172,627.8662109375
Sudan,1982,1016.4406551412043,8.897721290588379,554.87646484375
Sudan,1983,1005.6772370869242,8.918168067932129,536.5908203125
Sudan,1984,934.6302031052943,9.132641792297363,459.52197265625
Sudan,1985,860.2407929445806,9.023305892944336,578.21026611328125
Sudan,1986,889.9310026805575,8.942402839660645,568.05029296875
Sudan,1987,998.3562452100457,9.092825889587402,566.7655029296875
Sudan,1988,982.829741000576,9.111035346984863,733.198974609375
Sudan,1989,1058.1986994977576,8.89498233795166,605.8485107421875
Sudan,1990,982.8249542947743,9.16039752960205,500.9718017578125
Sudan,1991,1035.4302232924335,8.942580223083496,628.9322509765625
Sudan,1992,1082.5385492060661,8.791414260864258,616.61907958984375
Sudan,1993,1109.4982963997277,9.077260971069336,633.430908203125
Sudan,1994,1093.1977583209225,8.852336883544922,704.72869873046875
Sudan,1995,1128.417005610972,9.1251802444458,628.10888671875
Sudan,1996,1168.229921059061,9.14049243927002,570.26922607421875
Sudan,1997,1350.3565436431843,9.165764808654785,581.79205322265625
Sudan,1998,1374.722445586353,9.14793872833252,697.4300537109375
Sudan,1999,1381.9337355827201,9.205820083618164,713.5582275390625
Sudan,2000,1428.523135505084,9.04146957397461,603.97943115234375
Sudan,2001,1478.7380334841193,9.11978816986084,581.05224609375
Sudan,2002,1523.786428020631,9.120434761047363,563.76287841796875
Sudan,2003,1576.7627059532301,9.17827320098877,651.2640380859375
Sudan,2004,1614.368793085495,9.156707763671875,497.9185791015625
Sudan,2005,1658.818300102667,9.2665252685546875,580.2857666015625
Sudan,2006,1717.8040125224272,9.184298515319824,595.93402099609375
Sudan,2007,1764.0693289208327,9.1283540725708,683.40838623046875
Sudan,2008,1776.3036781268354,9.212737083435059,581.56109619140625
Sudan,2009,1673.0928845684755,9.284849166870117,489.8598937988281
Sudan,2010,1685.7898963549455,9.499310493469238,607.78643798828125
Sudan,2011,1784.7794431607706,9.052752494812012,512.55609130859375
Sudan,2012,1656.2651810867808,9.243827819824219,577.95635986328125
Sudan,2013,1650.0948818964328,9.196639060974121,576.7857666015625
Sudan,2014,1680.86131573195,9.240364074707031,672.703125
Sudan,2015,1661.5635151153226,9.273906707763672,565.55694580078125
Sudan,2016,1667.7024260709045,9.342686653137207,546.384033203125
Sudan,2017,1622.3429741278526,9.25688362121582,562.2127685546875
Sudan,2018,1524.7238376519217,9.310076713562012,685.37481689453125
Sudan,2019,1448.3664636419614,9.294707298278809,654.205810546875
Sudan,2020,1358.7709446781482,9.383818626403809,471.7156677246094
Suriname,1961,5136.085973554551,8.556126594543457,4529.85400390625
Suriname,1962,5127.363662064338,8.54332160949707,4828.16357421875
Suriname,1963,5175.301130723677,8.60977840423584,5470.7509765625
Suriname,1964,5297.552822794047,8.740523338317871,4335.87890625
Suriname,1965,5730.06357672887,8.604135513305664,4650.37841796875
Suriname,1966,6600.557024897821,8.649222373962402,5118.91845703125
Suriname,1967,7149.963026899073,8.535806655883789,5367.29638671875
Suriname,1968,7434.388143264968,8.511298179626465,5749.97607421875
Suriname,1969,7508.70487275185,8.708555221557617,5145.47509765625
Suriname,1970,7456.669450353909,8.617932319641113,6079.4013671875
Suriname,1971,7500.584639150325,8.53693675994873,5763.68408203125
Suriname,1972,7352.756009175411,8.65899658203125,5580.939453125
Suriname,1973,7250.344565230643,8.678840637207031,5386.265625
Suriname,1974,7318.10245614741,8.619405746459961,5245.11865234375
Suriname,1975,7571.204895442801,8.597114562988281,5871.0224609375
Suriname,1976,8298.59074660277,8.652579307556152,6115.0048828125
Suriname,1977,9221.56704049746,8.700538635253906,4938.73193359375
Suriname,1978,9922.050085687664,8.672122955322266,5243.3857421875
Suriname,1979,9964.381174708138,8.707409858703613,5583.32470703125
Suriname,1980,9141.380737989914,8.726567268371582,4952.66259765625
Suriname,1981,9788.280549380086,8.774806022644043,5441.2578125
Suriname,1982,9349.879591729701,8.715653419494629,4989.888671875
Suriname,1983,8933.255788842655,8.734902381896973,5162.4189453125
Suriname,1984,8684.48567652752,8.599632263183594,5487.16943359375
Suriname,1985,8748.779309544041,8.633564949035645,4984.36181640625
Suriname,1986,8698.332749932317,8.813830375671387,4635.89208984375
Suriname,1987,8064.867542009568,8.86358642578125,5040.1923828125
Suriname,1988,8579.024637068207,8.738758087158203,5045.74609375
Suriname,1989,8804.030731423889,8.597530364990234,6171.99462890625
Suriname,1990,8324.605131873981,8.693869590759277,6066.2548828125
Suriname,1991,8497.4567815441,8.6962308883667,5285.59130859375
Suriname,1992,8478.81829192126,8.686943054199219,4937.5732421875
Suriname,1993,7877.480048630223,8.694245338439941,5281.5341796875
Suriname,1994,8087.0170710439625,8.74256706237793,5684.6025390625
Suriname,1995,7950.898812824297,8.757135391235352,4772.30078125
Suriname,1996,7861.612504852335,8.682625770568848,6077.53125
Suriname,1997,8138.417438159528,8.807523727416992,4893.0380859375
Suriname,1998,8155.61479529019,8.898829460144043,4857.630859375
Suriname,1999,7877.650677090871,8.752360343933105,5127.7431640625
Suriname,2000,7878.943624271314,8.71820068359375,5890.501953125
Suriname,2001,8042.527049892581,8.782844543457031,4940.09619140625
Suriname,2002,8101.364821050153,8.845344543457031,5248.0048828125
Suriname,2003,8444.026924728041,8.812385559082031,4947.34912109375
Suriname,2004,9027.905352166335,8.781018257141113,5154.77734375
Suriname,2005,9336.243038761813,8.899712562561035,5610.912109375
Suriname,2006,9770.205209485264,8.747528076171875,5497.56298828125
Suriname,2007,10153.203330700719,8.827981948852539,5794.6376953125
Suriname,2008,10451.294575370684,8.694173812866211,5562.14599609375
Suriname,2009,10641.027639108863,8.82347583770752,5200.40185546875
Suriname,2010,11061.71822288542,8.8812255859375,5293.69140625
Suriname,2011,11575.183519982225,8.824617385864258,5668.2041015625
Suriname,2012,11752.145919907589,8.860047340393066,5153.06689453125
Suriname,2013,11961.105996714885,8.891585350036621,5740.6630859375
Suriname,2014,11859.26059772148,8.859869003295898,4786.16357421875
Suriname,2015,11331.333375108072,8.8829927444458,5170.7470703125
Suriname,2016,10662.401427702833,8.843476295471191,5167.58642578125
Suriname,2017,10720.740689977809,8.567818641662598,5409.11474609375
Suriname,2018,11142.381742128344,8.4517059326171875,5038.236328125
Suriname,2019,11156.082417275955,8.548277854919434,4562.33154296875
Suriname,2020,9273.619121625026,8.58906078338623,5404.4326171875
Sweden,1961,22735.666711406742,2.8320043087005615,1477.090576171875
Sweden,1962,23573.61357562475,2.3482494354248047,1408.02880859375
Sweden,1963,24690.045752549413,2.5321788787841797,1371.0081787109375
Sweden,1964,26177.882498641186,2.6551473140716553,1402.0767822265625
Sweden,1965,26923.496596692865,2.387258529663086,1448.56298828125
Sweden,1966,27226.113883884565,2.2494428157806396,1506.0032958984375
Sweden,1967,27927.288364785392,2.649325132369995,1528.513427734375
Sweden,1968,28781.219442987345,2.492872953414917,1377.160400390625
Sweden,1969,30011.2467893987,2.43233585357666,1318.89208984375
Sweden,1970,31657.17847545359,2.3767549991607666,1401.44970703125
Sweden,1971,31737.092219353795,2.520099639892578,1384.584716796875
Sweden,1972,32367.68327487888,2.7589306831359863,1414.6380615234375
Sweden,1973,33594.07280179255,2.6595661640167236,1416.829345703125
Sweden,1974,34568.027049484335,2.8995046615600586,1503.3203125
Sweden,1975,35309.94444834182,2.953235626220703,1358.546875
Sweden,1976,35554.02025059406,2.420344829559326,1270.8148193359375
Sweden,1977,34862.449347259826,2.4736030101776123,1487.7193603515625
Sweden,1978,35369.95378602016,2.3382229804992676,1358.5870361328125
Sweden,1979,36648.099246946265,2.370161533355713,1487.731201171875
Sweden,1980,37195.52406263748,2.4028260707855225,1422.158203125
Sweden,1981,37319.91958185425,2.3560051918029785,1539.34130859375
Sweden,1982,37764.31599408346,2.6391680240631104,1410.519775390625
Sweden,1983,38464.66091019259,2.6871819496154785,1508.8748779296875
Sweden,1984,40055.12282716405,2.716935634613037,1489.767822265625
Sweden,1985,40852.930391249276,2.1331238746643066,1570.93408203125
Sweden,1986,41854.95988618059,2.447502613067627,1489.3082275390625
Sweden,1987,43114.60489019011,2.2492568492889404,1538.370361328125
Sweden,1988,44015.16574181152,2.6777501106262207,1511.8173828125
Sweden,1989,44883.22898933173,3.023759126663208,1442.1578369140625
Sweden,1990,44873.91159953665,3.014190435409546,1533.54052734375
Sweden,1991,44058.32145552906,2.771346092224121,1431.959716796875
Sweden,1992,43293.191270581534,2.9199440479278564,1561.2889404296875
Sweden,1993,42153.36447199505,2.6586220264434814,1559.4010009765625
Sweden,1994,43535.63266511469,2.66135573387146,1380.726318359375
Sweden,1995,45080.98784513351,2.7045130729675293,1487.465087890625
Sweden,1996,45776.58229911713,2.514974355697632,1378.4783935546875
Sweden,1997,47152.62245955308,2.8138110637664795,1458.9066162109375
Sweden,1998,49127.36428229512,2.6328654289245605,1676.2557373046875
Sweden,1999,51151.387109943884,2.802485466003418,1569.3106689453125
Sweden,2000,53434.398457083444,3.0157389640808105,1774.042724609375
Sweden,2001,54016.32443459446,2.735748529434204,1603.52587890625
Sweden,2002,55067.168294335526,2.8386645317077637,1506.8155517578125
Sweden,2003,55894.62958989405,2.864405632019043,1454.1068115234375
Sweden,2004,58002.22135191765,2.808812379837036,1592.0960693359375
Sweden,2005,59384.3244574614,2.9165425300598145,1518.03369140625
Sweden,2006,61812.514819915756,3.022127151489258,1567.690673828125
Sweden,2007,63334.482773404605,2.9759902954101563,1599.5103759765625
Sweden,2008,62262.8908624468,3.035818338394165,1637.1617431640625
Sweden,2009,59107.53204455953,2.8223369121551514,1552.8753662109375
Sweden,2010,61976.04749044452,2.4393770694732666,1566.6295166015625
Sweden,2011,63455.89762794048,3.1015169620513916,1667.4093017578125
Sweden,2012,62727.184561037844,2.6786956787109375,1663.3111572265625
Sweden,2013,62905.5171121424,2.9250316619873047,1496.4598388671875
Sweden,2014,63714.35150090591,3.139491558074951,1551.530029296875
Sweden,2015,65810.68377821319,3.0966193675994873,1625.3076171875
Sweden,2016,66374.00732125084,2.9529292583465576,1566.811767578125
Sweden,2017,66718.63070015116,2.8642666339874268,1565.474365234375
Sweden,2018,67115.53058436739,3.007352113723755,1460.382080078125
Sweden,2019,68171.47403609168,2.941838026046753,1595.9498291015625
Sweden,2020,66371.76724496704,3.2828688621520996,1612.2105712890625
Switzerland,1961,54380.88997490534,3.6428945064544678,2639.55419921875
Switzerland,1962,55559.26456565102,3.2025961875915527,2513.029541015625
Switzerland,1963,57037.71238281725,3.2402172088623047,2838.559814453125
Switzerland,1964,59050.83671382751,3.483567237854004,2605.810546875
Switzerland,1965,59601.30307262473,3.2635295391082764,3186.862060546875
Switzerland,1966,60433.430510872975,3.4943509101867676,2974.410888671875
Switzerland,1967,61513.308711143356,3.4779279232025146,2709.36474609375
Switzerland,1968,62923.04977989946,3.35153865814209,3018.802001953125
Switzerland,1969,65723.60513997209,3.306877851486206,2652.90478515625
Switzerland,1970,69411.81743379841,3.282484769821167,2993.493896484375
Switzerland,1971,71862.53620535726,3.4252490997314453,2519.7216796875
Switzerland,1972,73599.17907384214,3.3577370643615723,2644.424072265625
Switzerland,1973,75286.04851983608,3.3160622119903564,2719.073486328125
Switzerland,1974,75971.1670312722,3.5060994625091553,2864.70703125
Switzerland,1975,70468.86942276674,3.4834096431732178,2772.953369140625
Switzerland,1976,69877.99507881653,3.4967100620269775,2638.160400390625
Switzerland,1977,71821.6533903429,3.503854513168335,3088.820556640625
Switzerland,1978,72108.9892907365,3.2711570262908936,2834.14306640625
Switzerland,1979,73757.33293425108,3.4227054119110107,3092.347900390625
Switzerland,1980,76845.88668948766,3.21260142326355,2832.182373046875
Switzerland,1981,77650.48487937255,3.4239771366119385,3105.662353515625
Switzerland,1982,76187.2569262704,3.603624105453491,2920.811767578125
Switzerland,1983,76346.08831991868,3.611795663833618,2895.989501953125
Switzerland,1984,78361.01780513134,3.33709716796875,2777.3017578125
Switzerland,1985,80881.84863360306,3.3212523460388184,2687.638427734375
Switzerland,1986,81957.53352334216,3.4718592166900635,2880.21875
Switzerland,1987,82735.64107102557,3.386676073074341,2963.6884765625
Switzerland,1988,84821.69381448661,3.610039710998535,2956.524658203125
Switzerland,1989,87782.51647681938,3.776946544647217,2591.16748046875
Switzerland,1990,90078.43844331696,3.712217092514038,2917.13720703125
Switzerland,1991,88144.9138876439,3.4923903942108154,2659.04833984375
Switzerland,1992,87140.30949065866,3.7209458351135254,2908.145263671875
Switzerland,1993,86241.52479274219,3.6008388996124268,2913.74951171875
Switzerland,1994,86643.1399534995,3.8635122776031494,2936.634521484375
Switzerland,1995,86479.946890978,3.611684799194336,3083.875732421875
Switzerland,1996,86504.62882418068,3.432584762573242,2823.046630859375
Switzerland,1997,88247.9420942263,3.7858669757843018,2756.27392578125
Switzerland,1998,90652.06735995371,3.6786646842956543,2764.298095703125
Switzerland,1999,91720.86040308764,3.6877331733703613,3281.4697265625
Switzerland,2000,94817.50109450551,3.857522964477539,2947.31494140625
Switzerland,2001,95703.99701043316,3.6725192070007324,3056.658447265625
Switzerland,2002,94913.21344988784,3.8508129119873047,3151.63232421875
Switzerland,2003,94181.11640075875,3.786489725112915,2441.468994140625
Switzerland,2004,96062.97940290201,3.6578593254089355,2804.852294921875
Switzerland,2005,98074.14119006689,3.609306812286377,2610.288330078125
Switzerland,2006,101430.77832515657,3.7731404304504395,2984.5087890625
Switzerland,2007,104465.40664352657,3.7712597846984863,3001.328125
Switzerland,2008,106042.78283940344,3.662631034851074,2933.342529296875
Switzerland,2009,102320.0886407989,3.756239891052246,2816.5966796875
Switzerland,2010,104544.15695570846,3.4532268047332764,2855.34619140625
Switzerland,2011,105262.73074421461,3.9247004985809326,2639.0107421875
Switzerland,2012,105379.14777007101,3.7807652950286865,2973.326904296875
Switzerland,2013,106041.30884277148,3.6062774658203125,3033.04248046875
Switzerland,2014,107216.98218789871,3.9636588096618652,2930.540283203125
Switzerland,2015,107746.77308234466,3.9666054248809814,2650.007568359375
Switzerland,2016,108781.28400236391,3.7985877990722656,2975.08837890625
Switzerland,2017,109239.60811774705,3.817413091659546,2905.76123046875
Switzerland,2018,111539.6750705879,4.034126281738281,2676.323974609375
Switzerland,2019,112011.58787337887,3.9581985473632813,2915.655517578125
Switzerland,2020,108814.59991228608,4.066478729248047,2695.3798828125
Syrian Arab Republic,1961,715.1559665341671,6.526251792907715,843.9339599609375
Syrian Arab Republic,1962,864.6868211678219,6.840851306915283,721.59210205078125
Syrian Arab Republic,1963,766.5096528406856,6.641728401184082,942.298583984375
Syrian Arab Republic,1964,812.3612715264512,6.415829658508301,782.88714599609375
Syrian Arab Republic,1965,805.6319340703292,6.515369415283203,856.0374755859375
Syrian Arab Republic,1966,720.8796103328898,6.797692775726318,792.04302978515625
Syrian Arab Republic,1967,755.9918827996938,6.251529693603516,965.36212158203125
Syrian Arab Republic,1968,759.453628904158,6.5436177253723145,916.15460205078125
Syrian Arab Republic,1969,873.2962008647111,6.576879024505615,921.14617919921875
Syrian Arab Republic,1970,829.9911876610486,6.64361047744751,663.21630859375
Syrian Arab Republic,1971,874.5155312335346,6.448801517486572,840.91351318359375
Syrian Arab Republic,1972,1062.2279914158412,6.402416229248047,822.26788330078125
Syrian Arab Republic,1973,919.4548199191389,6.452178001403809,634.93316650390625
Syrian Arab Republic,1974,1118.328888315109,6.490355491638184,910.89764404296875
Syrian Arab Republic,1975,1257.7526808191346,6.4237284660339355,777.96893310546875
Syrian Arab Republic,1976,1364.390924307128,6.3654465675354,918.51641845703125
Syrian Arab Republic,1977,1294.5979531701516,6.509861946105957,791.505126953125
Syrian Arab Republic,1978,1375.3324989712785,6.5618062019348145,745.80816650390625
Syrian Arab Republic,1979,1341.2265564594286,6.678721904754639,806.796142578125
Syrian Arab Republic,1980,1485.1055257746682,6.458984375,839.25982666015625
Syrian Arab Republic,1981,1548.0001559508635,6.589232444763184,876.4259033203125
Syrian Arab Republic,1982,1539.2600002524146,6.305680274963379,813.71697998046875
Syrian Arab Republic,1983,1522.136944266494,6.3374199867248535,785.89715576171875
Syrian Arab Republic,1984,1357.8202844077491,6.533815860748291,757.13128662109375
Syrian Arab Republic,1985,1433.4660938971836,6.6218953132629395,769.610595703125
Syrian Arab Republic,1986,1274.233001863578,6.610903739929199,808.7647705078125
Syrian Arab Republic,1987,1251.7466373986015,6.600230693817139,856.01116943359375
Syrian Arab Republic,1988,1427.8853791641789,6.485766887664795,982.759033203125
Syrian Arab Republic,1989,1192.8458860519024,6.644639492034912,622.08990478515625
Syrian Arab Republic,1990,1198.0893102406278,6.61237907409668,657.0987548828125
Syrian Arab Republic,1991,1250.031040305258,6.598182201385498,849.94708251953125
Syrian Arab Republic,1992,1369.4932977918265,6.256178379058838,903.68170166015625
Syrian Arab Republic,1993,1410.5132650963637,6.528733730316162,824.12286376953125
Syrian Arab Republic,1994,1468.3083682874665,6.795773506164551,912.98712158203125
Syrian Arab Republic,1995,1527.5920687346802,6.627744197845459,742.37225341796875
Syrian Arab Republic,1996,1632.8567476964856,6.788355827331543,918.29180908203125
Syrian Arab Republic,1997,1670.4589172754997,6.517023086547852,881.12274169921875
Syrian Arab Republic,1998,1738.3795849218106,6.874844074249268,753.71319580078125
Syrian Arab Republic,1999,1634.490858691076,6.834941387176514,678.10699462890625
Syrian Arab Republic,2000,1605.0011257639942,6.683895587921143,822.2408447265625
Syrian Arab Republic,2001,1582.4854757357075,6.956847667694092,892.84185791015625
Syrian Arab Republic,2002,1605.7999465172686,6.7647705078125,823.24945068359375
Syrian Arab Republic,2003,1680.979352507452,6.723347187042236,925.38525390625
Syrian Arab Republic,2004,1753.1538619167466,6.69087028503418,819.73345947265625
Syrian Arab Republic,2005,1814.8815623349487,6.682265281677246,797.60015869140625
Syrian Arab Republic,2006,1826.569621614503,6.74502420425415,811.253662109375
Syrian Arab Republic,2007,1814.9562134527002,6.8123860359191895,776.34375
Syrian Arab Republic,2008,1830.2628956080791,6.8314008712768555,630.1220703125
Syrian Arab Republic,2009,1908.4435489033253,6.793074131011963,815.24737548828125
Syrian Arab Republic,2010,1962.3946958863482,7.2383270263671875,711.55950927734375
Syrian Arab Republic,2011,1983.4160781942944,6.639787673950195,848.28643798828125
Syrian Arab Republic,2012,1468.5999861346102,6.912237167358398,951.80316162109375
Syrian Arab Republic,2013,1136.9493213862243,6.861370086669922,808.134033203125
Syrian Arab Republic,2014,1089.804174445578,6.960489749908447,791.77587890625
Syrian Arab Republic,2015,1089.8964267902352,6.953378677368164,829.19049072265625
Syrian Arab Republic,2016,1032.3474482744134,6.972355365753174,831.1414794921875
Syrian Arab Republic,2017,1023.2368849221216,6.939299583435059,659.5767822265625
Syrian Arab Republic,2018,1018.7764020680295,7.186835289001465,906.26690673828125
Syrian Arab Republic,2019,991.9123428852188,7.008296012878418,913.08026123046875
Syrian Arab Republic,2020,952.4331334437351,7.059279441833496,852.0169677734375
Tajikistan,1985,1822.6422982043186,2.9540932178497314,1443.1744384765625
Tajikistan,1986,1825.8998514430357,2.9247732162475586,1457.304443359375
Tajikistan,1987,1743.0215983624648,3.00492525100708,1851.1212158203125
Tajikistan,1988,1917.0171885115906,3.112759828567505,1528.1099853515625
Tajikistan,1989,1740.5979569013193,2.8581089973449707,1438.5546875
Tajikistan,1990,1688.006208935607,3.0696523189544678,1516.922607421875
Tajikistan,1991,1527.8481954265314,2.9292550086975098,1829.796630859375
Tajikistan,1992,1063.9970887278075,2.948500871658325,1664.996337890625
Tajikistan,1993,877.7565592274544,2.851254940032959,1950.96630859375
Tajikistan,1994,678.8915779441445,3.037903070449829,1596.249755859375
Tajikistan,1995,582.2820014253028,3.1790685653686523,1364.4481201171875
Tajikistan,1996,475.6112577230363,2.861670732498169,1520.5836181640625
Tajikistan,1997,477.83077287247124,3.201054811477661,1637.369140625
Tajikistan,1998,500.2379392380236,3.1668546199798584,2049.091552734375
Tajikistan,1999,516.0729701673778,3.241881847381592,1791.6890869140625
Tajikistan,2000,552.2398267049708,3.232816696166992,1553.755859375
Tajikistan,2001,593.5660138366025,3.333439350128174,1631.3470458984375
Tajikistan,2002,645.1562533727807,3.2240991592407227,2026.6131591796875
Tajikistan,2003,702.4748151812038,3.066828966140747,2125.01806640625
Tajikistan,2004,759.7711584852007,3.2815511226654053,1945.53466796875
Tajikistan,2005,794.9682041131208,3.1612353324890137,1864.5433349609375
Tajikistan,2006,834.6046859103503,3.254871129989624,1814.5255126953125
Tajikistan,2007,882.5824752491225,3.1914243698120117,1780.1339111328125
Tajikistan,2008,933.6291608971288,3.1359455585479736,1655.6435546875
Tajikistan,2009,950.377978815066,3.1322879791259766,1985.5487060546875
Tajikistan,2010,990.7364893462906,3.3219656944274902,1776.5081787109375
Tajikistan,2011,1040.574053950545,3.091048002243042,1825.3355712890625
Tajikistan,2012,1092.1944820756275,3.016964912414551,1716.5374755859375
Tajikistan,2013,1144.0880498723175,3.320430278778076,1810.515625
Tajikistan,2014,1190.4857671985537,3.0688748359680176,1692.450927734375
Tajikistan,2015,1230.271030031915,3.2762703895568848,1837.7027587890625
Tajikistan,2016,1282.2584529073008,3.446223497390747,2002.669189453125
Tajikistan,2017,1339.9992128828515,3.198002815246582,1806.880615234375
Tajikistan,2018,1407.543122203534,3.235121011734009,1645.26611328125
Tajikistan,2019,1476.3859115857265,3.388427495956421,1810.073486328125
Tajikistan,2020,1506.6690492987168,3.149872303009033,1835.160400390625
Tanzania,1961,1054.5768895586673,7.737712860107422,2795.362548828125
Tanzania,1962,1117.6131752044312,7.60876989364624,2512.6923828125
Tanzania,1963,1153.2917108396973,7.554407596588135,2689.989013671875
Tanzania,1964,1180.9512587274717,7.565192222595215,2382.798095703125
Tanzania,1965,1195.6527231861114,7.563521862030029,2313.6865234375
Tanzania,1966,1294.6092338748426,7.6492719650268555,2287.52392578125
Tanzania,1967,1324.386232079949,7.651907444000244,2638.91064453125
Tanzania,1968,1362.7322968468186,7.577662467956543,2720.8837890625
Tanzania,1969,1360.2664371235826,7.712690830230713,2209.31298828125
Tanzania,1970,704.0290032187468,7.678856372833252,2480.14794921875
Tanzania,1971,706.4294969430823,7.553157806396484,2251.33251953125
Tanzania,1972,730.1533525441041,7.638246059417725,2481.6552734375
Tanzania,1973,747.9455380095878,7.697851181030273,2231.435546875
Tanzania,1974,736.683910198982,7.608158111572266,2312.96826171875
Tanzania,1975,738.6964453416057,7.57691764831543,2189.603759765625
Tanzania,1976,735.8577718599345,7.659425735473633,2166.715087890625
Tanzania,1977,710.0575845291257,7.69117546081543,2522.88671875
Tanzania,1978,699.7088050561076,7.623867988586426,2604.40771484375
Tanzania,1979,693.4900110430464,7.5894694328308105,2672.865234375
Tanzania,1980,690.3146202729189,7.6502299308776855,2363.092041015625
Tanzania,1981,663.0311819082319,7.652041912078857,2318.2685546875
Tanzania,1982,640.7413370477987,7.642416477203369,2564.1142578125
Tanzania,1983,617.6308075541093,7.84364128112793,2217.8154296875
Tanzania,1984,625.764558534967,7.691410541534424,2359.723876953125
Tanzania,1985,613.2349637456849,7.623465538024902,2350.4541015625
Tanzania,1986,625.9006265326781,7.639762878417969,2562.07421875
Tanzania,1987,634.8932380873267,7.823410987854004,2219.676025390625
Tanzania,1988,660.6613701833805,7.766730785369873,2434.322998046875
Tanzania,1989,667.5448885382043,7.637451171875,2602.21630859375
Tanzania,1990,696.2436224085022,7.750553131103516,2420.8662109375
Tanzania,1991,692.9294171701213,7.4601263999938965,2505.931396484375
Tanzania,1992,679.834402566818,7.518860816955566,2410.60498046875
Tanzania,1993,666.8248424326666,7.605271339416504,2265.081298828125
Tanzania,1994,651.7953316854264,7.649380207061768,2492.610595703125
Tanzania,1995,654.1968455273917,7.696910858154297,2359.27685546875
Tanzania,1996,671.5440635297713,7.506095886230469,2360.48046875
Tanzania,1997,681.3420579532284,7.637751579284668,2713.651123046875
Tanzania,1998,688.2961213656895,7.6963887214660645,2477.683349609375
Tanzania,1999,702.750011122609,7.618968963623047,2384.99755859375
Tanzania,2000,713.9899810512273,7.471008777618408,2330.38037109375
Tanzania,2001,737.1988341903216,7.378580093383789,2363.55078125
Tanzania,2002,769.367929766962,7.542134761810303,2602.384521484375
Tanzania,2003,799.3227423220172,7.4466633796691895,2178.810546875
Tanzania,2004,836.3444589935189,7.286830902099609,2365.860107421875
Tanzania,2005,874.3160621196336,7.285388469696045,2180.1826171875
Tanzania,2006,905.7524778262422,7.380981922149658,2615.329345703125
Tanzania,2007,940.487561595023,7.308055400848389,2376.73828125
Tanzania,2008,967.5127532581714,7.429249286651611,2315.129638671875
Tanzania,2009,993.726245170265,7.70991325378418,2346.77001953125
Tanzania,2010,1030.2001586745077,7.568030834197998,2267.4931640625
Tanzania,2011,1078.6695569181925,7.392093181610107,2447.54150390625
Tanzania,2012,1095.2693033449066,7.381587505340576,2197.593994140625
Tanzania,2013,1134.9973136179538,7.383371353149414,2422.040771484375
Tanzania,2014,1174.852446241804,7.220974445343018,1957.3511962890625
Tanzania,2015,1207.4003978120732,7.24293851852417,2126.410888671875
Tanzania,2016,1247.292960905882,7.446537971496582,2234.640380859375
Tanzania,2017,1287.6663917563121,7.523550033569336,2168.58203125
Tanzania,2018,1316.5376039766436,7.523404598236084,1911.560302734375
Tanzania,2019,1352.2164534942613,7.475533485412598,2189.547119140625
Tanzania,2020,1338.7080558390903,7.509576797485352,2291.720458984375
Thailand,1961,779.3755529490841,8.622995376586914,3941.991455078125
Thailand,1962,813.8022964472933,8.563002586364746,3664.35400390625
Thailand,1963,853.1066967944979,8.590237617492676,3763.283935546875
Thailand,1964,884.5577734029729,8.57085132598877,3848.14208984375
Thailand,1965,928.7523975122124,8.590904235839844,3773.447265625
Thailand,1966,1001.9228718458921,8.729461669921875,4025.44189453125
Thailand,1967,1056.8988671092584,8.561300277709961,3609.664794921875
Thailand,1968,1110.319854181317,8.630293846130371,3574.908447265625
Thailand,1969,1150.1997435146184,8.694419860839844,3891.813232421875
Thailand,1970,1246.4644653226053,8.63343620300293,4181.32861328125
Thailand,1971,1272.6887626984021,8.453420639038086,3833.291015625
Thailand,1972,1292.276244763705,8.673199653625488,3773.755859375
Thailand,1973,1387.4762370927708,8.651373863220215,3748.78662109375
Thailand,1974,1412.9804367900708,8.515535354614258,3891.625732421875
Thailand,1975,1447.4492372624893,8.572417259216309,3938.901123046875
Thailand,1976,1546.322688997086,8.576099395751953,3772.263427734375
Thailand,1977,1660.9722769555788,8.690248489379883,3499.57421875
Thailand,1978,1792.4461041068275,8.715079307556152,3864.654052734375
Thailand,1979,1849.4754452798331,8.847758293151855,3288.14453125
Thailand,1980,1905.4636189508465,8.731232643127441,3834.34521484375
Thailand,1981,1977.9027765142307,8.524959564208984,3749.18798828125
Thailand,1982,2043.4592162499462,8.547120094299316,3639.4365234375
Thailand,1983,2116.1891274229592,8.665901184082031,3887.20751953125
Thailand,1984,2195.8218947450678,8.546146392822266,3599.877197265625
Thailand,1985,2255.857635478309,8.558825492858887,3627.118896484375
Thailand,1986,2338.49727467795,8.549213409423828,3616.598876953125
Thailand,1987,2517.01735809071,8.806583404541016,3652.451904296875
Thailand,1988,2803.275101875421,8.728338241577148,4045.342041015625
Thailand,1989,3093.6500909772026,8.736062049865723,3519.234130859375
Thailand,1990,3383.2451473229917,8.815364837646484,3713.328369140625
Thailand,1991,3613.43948596973,8.8319549560546875,3629.706298828125
Thailand,1992,3843.941772344682,8.779447555541992,3428.74853515625
Thailand,1993,4097.401334369899,8.716439247131348,3417.15869140625
Thailand,1994,4360.309969822383,8.779522895812988,3958.18359375
Thailand,1995,4647.581618015406,8.735820770263672,3931.3515625
Thailand,1996,4842.913808411979,8.67829418182373,4267.8876953125
Thailand,1997,4647.165121701586,8.809842109680176,3575.188720703125
Thailand,1998,4236.719681079297,8.915858268737793,3710.980224609375
Thailand,1999,4375.220445659938,8.6666717529296875,4167.45166015625
Thailand,2000,4518.7379490829335,8.700935363769531,4051.32177734375
Thailand,2001,4627.130344986255,8.7906494140625,3801.45361328125
Thailand,2002,4864.629382271767,8.781538963317871,3985.853271484375
Thailand,2003,5165.99007041124,8.761800765991211,3715.739013671875
Thailand,2004,5441.913972050131,8.755619049072266,3606.824951171875
Thailand,2005,5621.245487331784,8.781366348266602,3711.117919921875
Thailand,2006,5851.723173966163,8.770668983459473,4121.4912109375
Thailand,2007,6120.609222527651,8.745674133300781,3898.358642578125
Thailand,2008,6178.588539985436,8.666268348693848,4094.46533203125
Thailand,2009,6090.768636274378,8.763582229614258,3979.06787109375
Thailand,2010,6504.624140113811,8.884679794311523,3896.379150390625
Thailand,2011,6518.612045497646,8.678733825683594,4402.7060546875
Thailand,2012,6947.5617080159755,8.87460708618164,3706.828857421875
Thailand,2013,7092.498486150246,8.771949768066406,4067.530517578125
Thailand,2014,7124.452784408476,8.80471420288086,3600.876953125
Thailand,2015,7313.943127057052,8.931801795959473,3650.87158203125
Thailand,2016,7531.126393432279,8.933476448059082,3473.424560546875
Thailand,2017,7812.638241384169,8.782191276550293,4422.1611328125
Thailand,2018,8117.926943476205,8.8195648193359375,3777.496337890625
Thailand,2019,8272.641232996048,8.944315910339355,3493.272705078125
Thailand,2020,7759.210239267694,8.911175727844238,3744.197998046875
Timor-Leste,1990,814.0587228927367,8.008532524108887,2228.00439453125
Timor-Leste,1991,880.5120759339915,7.906251430511475,1407.01806640625
Timor-Leste,1992,947.0079564096843,8.060744285583496,2321.7109375
Timor-Leste,1993,1015.5453800932121,7.732033729553223,2012.468994140625
Timor-Leste,1994,1058.1801557226938,7.376906394958496,1645.97607421875
Timor-Leste,1995,1098.123167111116,7.715524673461914,2376.300537109375
Timor-Leste,1996,1153.7024145802216,7.744668006896973,1702.95458984375
Timor-Leste,1997,1167.2739080600534,7.732736110687256,1573.3094482421875
Timor-Leste,1998,1113.166577392267,7.868698596954346,1393.5765380859375
Timor-Leste,1999,811.3465185067215,7.72476863861084,1296.1602783203125
Timor-Leste,2000,1436.8100905586853,7.798357963562012,1363.8223876953125
Timor-Leste,2001,1533.470846880128,7.887312412261963,1258.690185546875
Timor-Leste,2002,1321.8302699415442,8.079379081726074,1318.5086669921875
Timor-Leste,2003,1239.7929419398388,8.085444450378418,1461.113525390625
Timor-Leste,2004,1228.412191614441,7.981696605682373,1417.995849609375
Timor-Leste,2005,1239.4125314061753,7.755926132202148,1225.8912353515625
Timor-Leste,2006,1153.9766153694222,7.256023406982422,1396.2435302734375
Timor-Leste,2007,1236.6120499597414,7.231144905090332,1362.193359375
Timor-Leste,2008,1340.776292903867,7.2716779708862305,1397.40966796875
Timor-Leste,2009,1440.0661744234105,7.286404609680176,1321.130615234375
Timor-Leste,2010,1536.8556059071575,7.460638999938965,1523.5870361328125
Timor-Leste,2011,1590.9860197681403,7.335571765899658,1721.599609375
Timor-Leste,2012,1632.0403639193423,7.2369866371154785,1495.50439453125
Timor-Leste,2013,1648.1270628125146,7.342914581298828,1705.0601806640625
Timor-Leste,2014,1688.0292694787029,7.428830146789551,1461.768310546875
Timor-Leste,2015,1696.5506380377726,7.26853609085083,1346.448974609375
Timor-Leste,2016,1714.6342611432244,7.434513092041016,1292.3922119140625
Timor-Leste,2017,1629.045234542286,7.363894939422607,1428.4720458984375
Timor-Leste,2018,1590.621992469649,7.237699031829834,1108.3541259765625
Timor-Leste,2019,1937.8108971548354,7.26309061050415,1070.58056640625
Timor-Leste,2020,2504.263966399465,7.415225028991699,1058.1883544921875
Togo,1961,636.7376649058614,8.753418922424316,2798.017822265625
Togo,1962,649.2348570001457,8.748440742492676,3212.875732421875
Togo,1963,669.2921411867206,8.827022552490234,3563.65234375
Togo,1964,748.633968115058,8.697320938110352,3007.375244140625
Togo,1965,840.9024452409739,8.72032642364502,2946.327880859375
Togo,1966,888.9736462440543,8.744808197021484,2871.65380859375
Togo,1967,901.5109781868836,8.676419258117676,3007.5322265625
Togo,1968,908.4151794249544,8.760686874389648,3751.886474609375
Togo,1969,967.4645283045256,8.86722183227539,2958.302001953125
Togo,1970,956.5551902962919,8.839361190795898,2848.058349609375
Togo,1971,926.3466335229424,8.593146324157715,2973.9638671875
Togo,1972,968.9669674244128,8.676854133605957,2796.208251953125
Togo,1973,979.9550328718433,8.783784866333008,2908.116943359375
Togo,1974,1001.5431580867654,8.591931343078613,2940.763427734375
Togo,1975,1000.935739851103,8.572399139404297,2895.775146484375
Togo,1976,956.9211568092794,8.562865257263184,2901.3388671875
Togo,1977,999.232924731245,8.728492736816406,2536.315673828125
Togo,1978,1083.0448564661658,8.660164833068848,2984.97021484375
Togo,1979,1001.142332820825,8.732268333435059,3048.21630859375
Togo,1980,1115.2528008759318,8.7916412353515625,2889.5068359375
Togo,1981,1045.3026593568563,8.8542938232421875,2734.05517578125
Togo,1982,974.8544619442662,8.810037612915039,2739.4892578125
Togo,1983,891.2177318212068,8.967620849609375,2396.07421875
Togo,1984,909.6986163036902,8.88359546661377,2795.447021484375
Togo,1985,930.0290887542249,8.864495277404785,2798.174072265625
Togo,1986,916.3280276264721,8.815643310546875,2695.267822265625
Togo,1987,893.4153196623369,8.92199993133545,2883.556396484375
Togo,1988,924.3934061356131,8.806832313537598,3015.540771484375
Togo,1989,933.7680775838396,8.72121524810791,3028.67333984375
Togo,1990,904.6226449795754,8.887099266052246,2632.83837890625
Togo,1991,872.7972232257924,8.789034843444824,3206.463623046875
Togo,1992,814.6842535816644,8.717243194580078,2698.88330078125
Togo,1993,696.0022586937112,8.813504219055176,2785.19775390625
Togo,1994,797.3452931539645,8.735774040222168,2790.04638671875
Togo,1995,823.2736126177787,8.842994689941406,3031.12255859375
Togo,1996,863.3275933314981,8.836368560791016,2773.798095703125
Togo,1997,956.695416910594,8.848484992980957,2935.659423828125
Togo,1998,908.5640065464962,8.948081016540527,2985.75732421875
Togo,1999,905.1624856210697,8.8106842041015625,3206.30859375
Togo,2000,873.6503631328668,8.86162281036377,2820.520263671875
Togo,2001,857.9201756807066,8.851609230041504,2382.157958984375
Togo,2002,868.3886320466745,8.932378768920898,3005.76611328125
Togo,2003,903.5623645036795,8.928791046142578,3199.8427734375
Togo,2004,872.0486574727695,8.876681327819824,3021.295166015625
Togo,2005,810.2868367719999,8.969008445739746,2883.072509765625
Togo,2006,808.7841903039548,8.974566459655762,2816.4208984375
Togo,2007,776.3314273917663,8.957329750061035,3153.872802734375
Togo,2008,784.7751036136347,8.85977554321289,3212.41552734375
Togo,2009,804.453573215677,8.972545623779297,3071.988525390625
Togo,2010,828.6905792114688,9.01919937133789,3317.943359375
Togo,2011,853.6325000670411,8.960911750793457,2930.175537109375
Togo,2012,883.886859988843,8.866721153259277,2918.698486328125
Togo,2013,911.6525284802889,9.18030071258545,2873.9501953125
Togo,2014,938.9075215517005,8.957996368408203,2940.772216796875
Togo,2015,965.5990725853968,8.952259063720703,2487.02734375
Togo,2016,981.3152603075297,9.026680946350098,2876.465576171875
Togo,2017,995.4558874234866,8.984739303588867,2785.758056640625
Togo,2018,1017.7203508881167,9.026620864868164,3049.0390625
Togo,2019,1042.0448943930558,9.914786338806152,2855.29638671875
Togo,2020,1039.2015684255741,9.042635917663574,3038.697509765625
Tonga,1981,3328.5845667882704,7.7950873374938965,3265.02783203125
Tonga,1982,3483.875217872297,7.854760646820068,4298.19580078125
Tonga,1983,3552.287060637582,7.86188268661499,3265.463134765625
Tonga,1984,3614.3347892263864,7.888902187347412,3542.678955078125
Tonga,1985,3851.6154560408963,7.895708084106445,3475.55126953125
Tonga,1986,3932.174724995538,7.813530445098877,3633.40283203125
Tonga,1987,4034.5090966265525,7.76931095123291,3125.240234375
Tonga,1988,3934.865851159046,8.000104904174805,4005.426513671875
Tonga,1989,3932.961293585435,7.856943607330322,4689.96142578125
Tonga,1990,3841.0914090150163,7.895237922668457,4161.630859375
Tonga,1991,4079.5166448621094,7.6059160232543945,3448.571044921875
Tonga,1992,4084.6030430779447,7.597388744354248,3965.286865234375
Tonga,1993,4233.859206572331,7.516467571258545,3877.793701171875
Tonga,1994,4440.747191107197,7.630844593048096,3807.963134765625
Tonga,1995,4714.547068478205,7.7030558586120605,3716.419189453125
Tonga,1996,4716.574746523531,7.564426898956299,3812.9462890625
Tonga,1997,4669.669048177934,7.540923118591309,3900.23583984375
Tonga,1998,4743.085876664951,7.412204742431641,3542.7802734375
Tonga,1999,4821.005713974848,7.467574596405029,4565.33447265625
Tonga,2000,4971.251304309894,7.578421115875244,4700.11181640625
Tonga,2001,5015.59996862236,7.425739765167236,4339.73681640625
Tonga,2002,5208.2035883232165,7.584748268127441,4028.57421875
Tonga,2003,5181.471180558292,7.4537177085876465,1649.604736328125
Tonga,2004,5050.158033116543,7.468533992767334,1708.7156982421875
Tonga,2005,4988.459413034779,7.388387680053711,1660.9583740234375
Tonga,2006,4853.693674698976,7.311373233795166,1688.9866943359375
Tonga,2007,4713.102691510321,7.3501152992248535,1703.6185302734375
Tonga,2008,4928.7161751964495,7.260531902313232,1718.3804931640625
Tonga,2009,4667.931560242043,7.296270847320557,1697.310546875
Tonga,2010,4697.781036459707,7.185229301452637,1711.6173095703125
Tonga,2011,5004.78415298783,7.4945173263549805,1788.0933837890625
Tonga,2012,5055.986407853238,7.313746452331543,1690.742431640625
Tonga,2013,5094.011325399291,7.315253734588623,1705.9595947265625
Tonga,2014,5218.265390149906,7.379182815551758,1704.984130859375
Tonga,2015,5301.946083258241,7.350418567657471,1666.2259521484375
Tonga,2016,5682.38826813034,7.531348705291748,1742.0517578125
Tonga,2017,5873.707590639409,7.470065116882324,1695.6197509765625
Tonga,2018,5892.908694666581,7.268726825714111,1703.6185302734375
Tonga,2019,5870.42952703293,7.350567817687988,1709.8614501953125
Tonga,2020,5974.481597203285,7.513462066650391,1745.30322265625
Trinidad and Tobago,1961,6156.471002798685,8.508526802062988,4577.37646484375
Trinidad and Tobago,1962,6202.784082252101,8.506861686706543,4374.1630859375
Trinidad and Tobago,1963,6429.102582985389,8.530430793762207,4723.2568359375
Trinidad and Tobago,1964,6797.200362737033,8.468940734863281,4389.0673828125
Trinidad and Tobago,1965,6730.3766651306205,8.463214874267578,4429.5654296875
Trinidad and Tobago,1966,6895.631981736518,8.499942779541016,5542.26513671875
Trinidad and Tobago,1967,6937.295229451422,8.453417778015137,4639.39599609375
Trinidad and Tobago,1968,7204.265275390363,8.435083389282227,4560.39794921875
Trinidad and Tobago,1969,7312.695876524976,8.625443458557129,4944.263671875
Trinidad and Tobago,1970,7488.895898551795,8.49498462677002,5262.126953125
Trinidad and Tobago,1971,7482.924920104288,8.396600723266602,4985.572265625
Trinidad and Tobago,1972,7819.254313358532,8.50320053100586,4992.8984375
Trinidad and Tobago,1973,7848.781315012402,8.542012214660645,4496.0361328125
Trinidad and Tobago,1974,8046.56546603885,8.43902587890625,4131.28076171875
Trinidad and Tobago,1975,8066.990573502128,8.39547061920166,4546.48095703125
Trinidad and Tobago,1976,8480.316278243925,8.403264999389648,4633.005859375
Trinidad and Tobago,1977,9140.354741648633,8.606315612792969,4008.3046875
Trinidad and Tobago,1978,9928.73784891594,8.564786911010742,4244.87890625
Trinidad and Tobago,1979,10153.693151701324,8.61776065826416,4956.9228515625
Trinidad and Tobago,1980,11067.803472378873,8.675799369812012,4946.30908203125
Trinidad and Tobago,1981,11437.88886581046,8.711323738098145,5712.3388671875
Trinidad and Tobago,1982,11740.118182576922,8.639307975769043,4933.07421875
Trinidad and Tobago,1983,10416.44976827224,8.80225944519043,4883.66455078125
Trinidad and Tobago,1984,9713.20796793878,8.590880393981934,5010.76220703125
Trinidad and Tobago,1985,9200.275265865834,8.622172355651855,5112.73779296875
Trinidad and Tobago,1986,8782.03342814106,8.647802352905273,4741.27197265625
Trinidad and Tobago,1987,8283.375686804327,8.84280776977539,4358.71337890625
Trinidad and Tobago,1988,7876.4873826754565,8.748974800109863,5172.572265625
Trinidad and Tobago,1989,7738.575788836639,8.697407722473145,4619.998046875
Trinidad and Tobago,1990,7788.817673291221,8.713970184326172,5123.9365234375
Trinidad and Tobago,1991,7967.842535828013,8.674701690673828,4773.4169921875
Trinidad and Tobago,1992,8706.4833473661,8.685159683227539,4816.14111328125
Trinidad and Tobago,1993,8588.846090924877,8.748725891113281,4913.7548828125
Trinidad and Tobago,1994,8840.853567622682,8.67277717590332,5017.8603515625
Trinidad and Tobago,1995,9129.298596093078,8.710360527038574,4799.4287109375
Trinidad and Tobago,1996,9737.329079996274,8.68873119354248,4916.51416015625
Trinidad and Tobago,1997,10430.503120763815,8.789490699768066,4355.12109375
Trinidad and Tobago,1998,11240.157120485264,8.926705360412598,5467.521484375
Trinidad and Tobago,1999,12100.75589413849,8.790437698364258,5779.4853515625
Trinidad and Tobago,2000,12886.217759138272,8.71928596496582,4866.76416015625
Trinidad and Tobago,2001,13364.71989724471,8.851921081542969,4224.37744140625
Trinidad and Tobago,2002,14355.651558097092,8.821666717529297,4698.18212890625
Trinidad and Tobago,2003,16346.55127722853,8.899356842041016,4607.43359375
Trinidad and Tobago,2004,17558.61316019383,8.780035972595215,5318.9033203125
Trinidad and Tobago,2005,19381.893467040893,8.92468547821045,5392.8720703125
Trinidad and Tobago,2006,21883.54274069124,8.8508758544921875,4856.60595703125
Trinidad and Tobago,2007,22831.686850736285,8.787147521972656,4589.4580078125
Trinidad and Tobago,2008,23508.6831112313,8.739815711975098,4593.66552734375
Trinidad and Tobago,2009,22450.185357817823,8.8507537841796875,4480.197265625
Trinidad and Tobago,2010,23062.32874690635,8.95748233795166,5499.5400390625
Trinidad and Tobago,2011,22816.014282849566,8.854249954223633,5582.0732421875
Trinidad and Tobago,2012,24216.303645327338,8.807543754577637,5030.27734375
Trinidad and Tobago,2013,24931.813232161006,8.842774391174316,5055.9912109375
Trinidad and Tobago,2014,25755.077622464167,8.829737663269043,4518.82275390625
Trinidad and Tobago,2015,25568.261369342526,8.891645431518555,4336.9677734375
Trinidad and Tobago,2016,23567.516185844666,8.845739364624023,5098.8984375
Trinidad and Tobago,2017,22373.883162280643,8.704781532287598,4241.94775390625
Trinidad and Tobago,2018,22120.607218304747,8.560330390930176,3769.90283203125
Trinidad and Tobago,2019,22145.994542792138,8.657126426696777,3453.145263671875
Trinidad and Tobago,2020,20159.131716010575,8.667305946350098,4003.98779296875
Tunisia,1961,1828.2337059371484,7.009395599365234,704.07275390625
Tunisia,1962,1723.213419157236,6.857977867126465,805.41796875
Tunisia,1963,1518.0929328661102,6.897483825683594,846.3807373046875
Tunisia,1964,1426.8868912878231,6.910005569458008,849.78656005859375
Tunisia,1965,1368.8871118437705,6.8417558670043945,775.51593017578125
Tunisia,1966,1388.5093116976861,6.918038845062256,734.46453857421875
Tunisia,1967,1359.0099359759986,6.887537002563477,738.45904541015625
Tunisia,1968,1463.910701876677,6.893338680267334,687.10931396484375
Tunisia,1969,1495.1769879286405,6.774123191833496,946.5189208984375
Tunisia,1970,1526.3550163441062,6.850533962249756,678.1044921875
Tunisia,1971,1645.7629429123715,6.787661075592041,756.30712890625
Tunisia,1972,1889.3272336768275,6.758246421813965,857.30419921875
Tunisia,1973,1829.2708823992186,6.845170021057129,902.50787353515625
Tunisia,1974,1925.7075415776587,6.770934581756592,720.51531982421875
Tunisia,1975,2008.8838713474222,6.762495040893555,890.82196044921875
Tunisia,1976,2110.121423676171,6.6817121505737305,1058.736572265625
Tunisia,1977,2125.7611133418873,6.985941410064697,666.35150146484375
Tunisia,1978,2207.636807604363,6.749098777770996,761.91632080078125
Tunisia,1979,2299.0486241802982,6.893867015838623,853.06451416015625
Tunisia,1980,2413.6179485756034,6.729794979095459,744.52459716796875
Tunisia,1981,2489.3952973685846,6.9290266036987305,595.24517822265625
Tunisia,1982,2423.1931244768166,7.038094997406006,954.63995361328125
Tunisia,1983,2484.4441799301126,7.001528263092041,691.8037109375
Tunisia,1984,2566.7771624764414,6.823261260986328,948.7694091796875
Tunisia,1985,2642.2817449697286,6.994637489318848,685.8883056640625
Tunisia,1986,2538.813242148443,6.951521396636963,867.40020751953125
Tunisia,1987,2642.985705804782,7.111392498016357,708.3646240234375
Tunisia,1988,2583.7150941080595,7.1382832527160645,700.98333740234375
Tunisia,1989,2571.6927977106316,7.087231636047363,697.913818359375
Tunisia,1990,2718.4943761999925,7.146648406982422,950.3516845703125
Tunisia,1991,2765.727250662556,6.8779520988464355,792.153076171875
Tunisia,1992,2919.5644056953092,6.954214096069336,856.6856689453125
Tunisia,1993,2924.420778205216,7.02153205871582,682.28106689453125
Tunisia,1994,2963.6584768070156,7.29479455947876,804.65301513671875
Tunisia,1995,2986.0685913089337,7.129404067993164,863.30291748046875
Tunisia,1996,3153.6125096901624,7.001138210296631,846.130126953125
Tunisia,1997,3280.4318302957013,7.215682506561279,866.86785888671875
Tunisia,1998,3393.987201587187,7.125153064727783,779.32373046875
Tunisia,1999,3556.874276735704,7.301361083984375,863.8363037109375
Tunisia,2000,3682.8395473233327,7.22512149810791,683.29571533203125
Tunisia,2001,3782.082246325822,7.349379062652588,738.5640869140625
Tunisia,2002,3792.9655992386583,7.254893779754639,771.12890625
Tunisia,2003,3931.8490526255355,7.335609436035156,979.82342529296875
Tunisia,2004,4138.190425459923,7.1511359214782715,843.36956787109375
Tunisia,2005,4245.1767513655805,7.131494522094727,787.4024658203125
Tunisia,2006,4428.529111862234,7.308004856109619,825.20538330078125
Tunisia,2007,4682.535343191867,7.241302967071533,831.1915283203125
Tunisia,2008,4834.241555322401,7.290235996246338,696.16925048828125
Tunisia,2009,4930.83570728014,7.30399227142334,905.54443359375
Tunisia,2010,5022.9612895038545,7.327637195587158,762.10540771484375
Tunisia,2011,4865.8984202521915,7.222620964050293,868.5682373046875
Tunisia,2012,5014.141573793646,7.425947189331055,687.39398193359375
Tunisia,2013,5075.263793484203,7.318898677825928,832.53619384765625
Tunisia,2014,5170.418103016627,7.410937309265137,696.851318359375
Tunisia,2015,5161.866122809059,7.352196216583252,820.88494873046875
Tunisia,2016,5162.3047922110745,7.435784816741943,768.663330078125
Tunisia,2017,5223.395761716041,7.293603420257568,833.4876708984375
Tunisia,2018,5307.1746357865495,7.366589546203613,793.28289794921875
Tunisia,2019,5339.714395247783,7.3399457931518555,885.10797119140625
Tunisia,2020,4820.292288385207,7.415613651275635,777.93115234375
Turkiye,1961,3099.2725274686363,4.877869129180908,1407.765380859375
Turkiye,1962,3184.7878851092883,5.133049011230469,1414.689453125
Turkiye,1963,3381.885193705483,4.928408622741699,1627.7646484375
Turkiye,1964,3474.2148233894623,4.670865535736084,1338.459716796875
Turkiye,1965,3483.7184958821895,4.7537641525268555,1488.28662109375
Turkiye,1966,3777.1313541913014,5.174140453338623,1476.2637939453125
Turkiye,1967,3854.490898329699,4.6251983642578125,1534.02880859375
Turkiye,1968,4013.0641127321683,4.853102684020996,1619.346435546875
Turkiye,1969,4075.760480707336,4.853105068206787,1530.06103515625
Turkiye,1970,4109.857456935102,4.94912052154541,1301.078125
Turkiye,1971,4236.8608525460395,4.812078475952148,1429.7432861328125
Turkiye,1972,4443.51468945833,4.77474308013916,1384.8992919921875
Turkiye,1973,4483.556549700702,4.726621150970459,1251.9385986328125
Turkiye,1974,4630.69347039685,4.800590515136719,1357.1708984375
Turkiye,1975,4861.007583806515,4.805581569671631,1436.5640869140625
Turkiye,1976,5261.000586210915,4.622778415679932,1522.55517578125
Turkiye,1977,5329.1509483075715,4.811952114105225,1339.8822021484375
Turkiye,1978,5301.1709365943125,4.841047286987305,1435.4481201171875
Turkiye,1979,5165.692931343946,4.98726224899292,1469.72314453125
Turkiye,1980,4939.571401306011,4.736374378204346,1408.4224853515625
Turkiye,1981,5077.450540481136,4.966567039489746,1566.6248779296875
Turkiye,1982,5147.15225695187,4.681184768676758,1357.8602294921875
Turkiye,1983,5277.522475905687,4.7418389320373535,1476.9395751953125
Turkiye,1984,5503.759051924531,4.835626125335693,1294.4046630859375
Turkiye,1985,5611.208087347622,4.81364107131958,1365.1068115234375
Turkiye,1986,5878.184261819611,4.902773857116699,1358.9390869140625
Turkiye,1987,6305.947384667365,4.773551940917969,1529.175048828125
Turkiye,1988,6324.710544047873,4.764936923980713,1572.3082275390625
Turkiye,1989,6219.948836047189,4.915009498596191,1240.0130615234375
Turkiye,1990,6670.249516019264,4.8631391525268555,1261.3316650390625
Turkiye,1991,6601.12610453335,4.811444282531738,1554.3094482421875
Turkiye,1992,6816.334305920986,4.6123247146606445,1493.82275390625
Turkiye,1993,7212.3722386343115,4.758479595184326,1398.044189453125
Turkiye,1994,6757.187212285374,5.047441482543945,1518.16796875
Turkiye,1995,7171.198690582438,4.928412914276123,1533.490966796875
Turkiye,1996,7569.558135867588,5.006032943725586,1590.8271484375
Turkiye,1997,8009.914275858373,4.780879497528076,1613.3453369140625
Turkiye,1998,8049.901554751553,5.105947017669678,1621.552001953125
Turkiye,1999,7700.546417947375,5.133840560913086,1502.171875
Turkiye,2000,8133.429432093956,4.9768829345703125,1550.375
Turkiye,2001,7594.307629258056,5.240025997161865,1552.9141845703125
Turkiye,2002,7986.154222516402,5.020206451416016,1574.9488525390625
Turkiye,2003,8351.754537198858,4.954654216766357,1589.8653564453125
Turkiye,2004,9078.859996355051,4.94865083694458,1448.23681640625
Turkiye,2005,9800.79039112575,4.954000473022461,1547.5615234375
Turkiye,2006,10386.241014625557,4.980607032775879,1521.42724609375
Turkiye,2007,10899.243210946302,5.139859199523926,1440.6209716796875
Turkiye,2008,10861.195944040555,5.066094875335693,1267.264404296875
Turkiye,2009,10189.259229272713,5.0770792961120605,1648.1044921875
Turkiye,2010,10892.872506571883,5.460398197174072,1584.92529296875
Turkiye,2011,11912.763835048505,4.831182479858398,1536.453125
Turkiye,2012,12327.340443930885,5.172232151031494,1697.0244140625
Turkiye,2013,13203.04121589747,5.109586715698242,1399.9364013671875
Turkiye,2014,13625.421422359412,5.224489212036133,1590.4832763671875
Turkiye,2015,14225.400404271675,5.153525352478027,1601.6944580078125
Turkiye,2016,14501.775974358325,5.164664268493652,1606.5909423828125
Turkiye,2017,15435.203977977199,5.112854480743408,1390.7510986328125
Turkiye,2018,15755.799548011762,5.424736022949219,1651.355712890625
Turkiye,2019,15734.3120297771,5.263455390930176,1520.385009765625
Turkiye,2020,15863.326692618115,5.323631763458252,1447.9884033203125
Turkmenistan,1987,3401.401017584648,6.177812576293945,486.4638977050781
Turkmenistan,1988,3663.2258230307934,6.202175617218018,493.2983703613281
Turkmenistan,1989,3408.614257133574,6.183392524719238,426.9326171875
Turkmenistan,1990,4494.351200387515,6.203254699707031,441.3897705078125
Turkmenistan,1991,4181.374699731639,6.098511695861816,498.13824462890625
Turkmenistan,1992,3475.55432986618,6.036799430847168,520.69610595703125
Turkmenistan,1993,3450.9489423509413,5.972343921661377,497.6802062988281
Turkmenistan,1994,2795.528508714918,6.202882766723633,472.99835205078125
Turkmenistan,1995,2548.11030632973,6.373789310455322,411.07794189453125
Turkmenistan,1996,2672.529746112493,6.053742408752441,404.3861999511719
Turkmenistan,1997,2328.051829168447,6.330610752105713,447.2062072753906
Turkmenistan,1998,2451.63597533651,6.270994186401367,469.0656433105469
Turkmenistan,1999,2804.2339415850297,6.455592632293701,442.22369384765625
Turkmenistan,2000,2899.187270185057,6.390172481536865,399.2433776855469
Turkmenistan,2001,2965.1232330119415,6.431600570678711,409.99609375
Turkmenistan,2002,2914.1249855330443,6.372833251953125,500.4648742675781
Turkmenistan,2003,2950.975330877586,6.126789569854736,502.9107971191406
Turkmenistan,2004,3039.6487902156346,6.386532783508301,497.8619384765625
Turkmenistan,2005,3371.800507755458,6.311043739318848,483.3846740722656
Turkmenistan,2006,3672.846782026916,6.389810085296631,454.354736328125
Turkmenistan,2007,4003.633149858252,6.311360836029053,471.1969299316406
Turkmenistan,2008,4505.407951297157,6.241092681884766,377.44512939453125
Turkmenistan,2009,4686.797891280282,6.252259254455566,517.14434814453125
Turkmenistan,2010,5014.265226114689,6.561338424682617,442.2535400390625
Turkmenistan,2011,5630.8778373093255,6.174580097198486,465.641845703125
Turkmenistan,2012,6121.139161300014,6.227158546447754,487.50921630859375
Turkmenistan,2013,6596.9473890668605,6.44049072265625,467.7613220214844
Turkmenistan,2014,7113.613746350267,6.171712875366211,438.43585205078125
Turkmenistan,2015,7404.768147096602,6.375080108642578,489.18121337890625
Turkmenistan,2016,7685.480094228914,6.508551597595215,495.0509033203125
Turkmenistan,2017,8000.104268213996,6.312448501586914,475.5523986816406
Turkmenistan,2018,8306.590250571606,6.364248752593994,453.5097961425781
Turkmenistan,2019,8637.291484582436,6.520274639129639,540.45465087890625
Turkmenistan,2020,8954.7808386764,6.285147190093994,489.34197998046875
Turks and Caicos Islands,2007,48168.850416351044,8.720358848571777,981.6221923828125
Turks and Caicos Islands,2008,49953.2533774866,8.607512474060059,733.14337158203125
Turks and Caicos Islands,2009,38555.205995400436,8.588688850402832,793.99603271484375
Turks and Caicos Islands,2010,37428.031560530995,8.744738578796387,1161.23291015625
Turks and Caicos Islands,2011,37752.11440965511,8.70145320892334,933.85076904296875
Turks and Caicos Islands,2012,35280.282472236606,8.653553009033203,1315.0355224609375
Turks and Caicos Islands,2013,34041.170952170025,8.747572898864746,1090.2742919921875
Turks and Caicos Islands,2014,35531.61324365802,8.746886253356934,1642.4227294921875
Turks and Caicos Islands,2015,37871.766450746996,8.856851577758789,1272.3338623046875
Turks and Caicos Islands,2016,38805.13942358697,8.708727836608887,1401.79248046875
Turks and Caicos Islands,2017,65036.63551295376,8.694354057312012,1146.183349609375
Turks and Caicos Islands,2018,66678.5286020939,8.773444175720215,1012.801513671875
Turks and Caicos Islands,2019,67394.26078183604,8.868908882141113,1335.010498046875
Turks and Caicos Islands,2020,43377.500377391516,8.794137954711914,1370.685791015625
Tuvalu,1970,3130.8118694350683,8.283207893371582,8603.2294921875
Tuvalu,1971,3069.305359740811,8.314541816711426,5980.55126953125
Tuvalu,1972,3005.7528902335052,8.344582557678223,7325.7373046875
Tuvalu,1973,2953.4344517291747,8.367124557495117,8139.37646484375
Tuvalu,1974,2833.545476505347,8.313426971435547,6482.08154296875
Tuvalu,1975,2656.2654796691577,8.335988998413086,5829.29150390625
Tuvalu,1976,2515.780904758684,8.232884407043457,6215.732421875
Tuvalu,1977,2319.5132470796484,8.277853965759277,7891.58056640625
Tuvalu,1978,2188.3105653880652,8.3622283935546875,7773.53662109375
Tuvalu,1979,2110.75549379766,8.424457550048828,6907.916015625
Tuvalu,1980,2045.4379329334927,8.372916221618652,7679.3046875
Tuvalu,1981,2054.0094479457,8.36299991607666,7296.4267578125
Tuvalu,1982,1694.1169581375877,8.422135353088379,7333.58349609375
Tuvalu,1983,1816.5128745854915,8.4203643798828125,8964.3193359375
Tuvalu,1984,1924.1283408419604,8.38012409210205,7924.8095703125
Tuvalu,1985,1855.0143008240982,8.42867660522461,6964.91455078125
Tuvalu,1986,2226.6558913785757,8.436821937561035,7293.7626953125
Tuvalu,1987,2453.5905826080575,8.302186965942383,9788.32421875
Tuvalu,1988,2876.7871335429763,8.367499351501465,7842.50537109375
Tuvalu,1989,2773.8599263740566,8.288030624389648,6656.30859375
Tuvalu,1990,3150.8971426909716,8.475343704223633,7135.0625
Tuvalu,1991,3217.0829050099296,8.375510215759277,8187.54345703125
Tuvalu,1992,3266.5540339192257,8.310030937194824,7667.294921875
Tuvalu,1993,3368.0428009779334,8.239655494689941,8200.109375
Tuvalu,1994,3681.7134038743698,8.422520637512207,7029.50732421875
Tuvalu,1995,3469.951445592984,8.35938549041748,7019.67529296875
Tuvalu,1996,3241.4386214282854,8.106832504272461,7139.1884765625
Tuvalu,1997,3543.6884781148933,8.01633358001709,6769.76611328125
Tuvalu,1998,4070.9146388015088,7.918468475341797,6188.74853515625
Tuvalu,1999,3988.2610825481042,8.011603355407715,5652.28857421875
Tuvalu,2000,3929.6917907645065,8.079822540283203,5226.71337890625
Tuvalu,2001,3912.474280310504,7.829207897186279,6139.13037109375
Tuvalu,2002,4268.614897711824,8.029385566711426,6976.9326171875
Tuvalu,2003,4052.7003409869753,8.089395523071289,5075.82080078125
Tuvalu,2004,3911.77201797703,8.07668685913086,3134.707763671875
Tuvalu,2005,3683.3000778320284,8.385700225830078,4120.2841796875
Tuvalu,2006,3729.612017805931,7.974562168121338,3792.07373046875
Tuvalu,2007,3946.5630999091363,8.1200103759765625,3779.0888671875
Tuvalu,2008,4152.972823902055,7.886197090148926,3823.751708984375
Tuvalu,2009,3841.3063266680774,8.038832664489746,3139.97705078125
Tuvalu,2010,3701.802318246528,8.02607250213623,3167.6787109375
Tuvalu,2011,3893.307684423662,7.880468368530273,3161.2001953125
Tuvalu,2012,3756.802740139104,7.858687400817871,3161.2001953125
Tuvalu,2013,3896.266931687398,7.794989585876465,3161.2001953125
Tuvalu,2014,3902.297206436003,7.796635150909424,3161.2001953125
Tuvalu,2015,4317.040126108156,7.861781120300293,3638.677490234375
Tuvalu,2016,4575.172729619579,8.195428848266602,3342.8701171875
Tuvalu,2017,4713.496815349478,8.202630043029785,3161.2001953125
Tuvalu,2018,4831.33812926063,8.182820320129395,3161.2001953125
Tuvalu,2019,5587.48240964544,8.217689514160156,3161.2001953125
Tuvalu,2020,5442.231206529081,7.985374927520752,3161.2001953125
Uganda,1982,461.8179059825229,7.83231258392334,2903.111328125
Uganda,1983,476.38918294089154,7.926748275756836,2809.978759765625
Uganda,1984,462.2088718451286,7.898904323577881,2613.66015625
Uganda,1985,434.5511469773204,7.789043426513672,2885.3203125
Uganda,1986,423.72661306335897,7.842909336090088,2748.761474609375
Uganda,1987,427.07887378584564,7.965212821960449,2830.77587890625
Uganda,1988,447.89103227534247,7.875466346740723,3108.562744140625
Uganda,1989,461.2568437819919,7.713863849639893,2898.173583984375
Uganda,1990,475.48835289838195,7.921178340911865,2839.7841796875
Uganda,1991,485.69807420637727,7.339123249053955,3055.1337890625
Uganda,1992,485.47836617065843,7.195658206939697,2836.46728515625
Uganda,1993,508.0473111617377,7.433471202850342,2805.16357421875
Uganda,1994,522.7403111144506,7.363068103790283,3076.327880859375
Uganda,1995,567.2678026152743,7.681249618530273,3009.4951171875
Uganda,1996,602.2399944010375,7.337216854095459,3197.172607421875
Uganda,1997,614.8687510893975,7.43450403213501,3117.581298828125
Uganda,1998,626.1289824952299,7.697265625,2929.23291015625
Uganda,1999,654.9874910370271,7.718280792236328,3134.297119140625
Uganda,2000,654.6559935254206,7.848423004150391,2836.669189453125
Uganda,2001,667.8455941554661,7.782652854919434,3032.673095703125
Uganda,2002,703.7782954111719,8.025259017944336,2986.0478515625
Uganda,2003,726.0397920920044,7.850381851196289,2639.698974609375
Uganda,2004,752.548794417769,7.8921308517456055,1868.092041015625
Uganda,2005,777.060358803443,7.8612895011901855,1820.553466796875
Uganda,2006,836.0281865551503,8.07947063446045,2467.923828125
Uganda,2007,880.0900133940581,8.103759765625,2841.533935546875
Uganda,2008,928.9746471245365,8.135363578796387,2465.713134765625
Uganda,2009,963.4017191458843,8.212156295776367,2312.505615234375
Uganda,2010,988.1908607393143,7.954055309295654,2578.3828125
Uganda,2011,1049.7641433055064,7.470298767089844,2127.93994140625
Uganda,2012,1058.8461911014338,7.360241413116455,2894.865966796875
Uganda,2013,1065.7993107062875,7.510545253753662,2579.630615234375
Uganda,2014,1087.642703368018,7.468740940093994,1720.811279296875
Uganda,2015,1109.4423198828365,7.356346607208252,1833.7935791015625
Uganda,2016,1124.502257481137,7.661298751831055,2638.613525390625
Uganda,2017,1119.9323836176707,7.732633590698242,2522.676025390625
Uganda,2018,1150.7641649773848,7.5728654861450195,2343.516357421875
Uganda,2019,1184.0164955663038,7.6179423332214355,3386.615234375
Uganda,2020,1178.9971810668555,7.722717761993408,2732.2744140625
Ukraine,1987,4039.138492071392,3.7652459144592285,1278.0087890625
Ukraine,1988,4126.052514139119,4.098100662231445,1433.7552490234375
Ukraine,1989,4269.929276895928,4.542864799499512,1361.885498046875
Ukraine,1990,3988.52308021674,4.505533218383789,1349.86083984375
Ukraine,1991,3633.3642621896643,4.339328765869141,1336.4801025390625
Ukraine,1992,3264.1067907526294,4.421340465545654,1382.9102783203125
Ukraine,1993,2799.188337865552,4.1873626708984375,1329.401123046875
Ukraine,1994,2169.5348555136316,4.445046424865723,1322.4912109375
Ukraine,1995,1919.9847352398867,4.379519462585449,1465.3304443359375
Ukraine,1996,1742.8092928077776,4.099948883056641,1407.137939453125
Ukraine,1997,1705.1452943823722,4.092951774597168,1522.9315185546875
Ukraine,1998,1686.2662128175264,4.291988372802734,1448.61572265625
Ukraine,1999,1696.4738237046793,4.502171516418457,1413.1917724609375
Ukraine,2000,1811.7841540007305,4.556061267852783,1388.8011474609375
Ukraine,2001,1989.2770884274905,4.313441276550293,1469.1451416015625
Ukraine,2002,2113.9900783301173,4.481133937835693,1415.212646484375
Ukraine,2003,2332.5234435960942,4.241694927215576,1358.2381591796875
Ukraine,2004,2625.8940506622953,4.293823719024658,1543.609619140625
Ukraine,2005,2728.948373870349,4.290704250335693,1481.0537109375
Ukraine,2006,2954.6216208985966,4.273589134216309,1378.7392578125
Ukraine,2007,3212.0365342165546,4.666720390319824,1385.599853515625
Ukraine,2008,3301.1869680113828,4.547361850738525,1372.491943359375
Ukraine,2009,2813.2474420997064,4.463997840881348,1416.615478515625
Ukraine,2010,2938.9384893976494,4.429243087768555,1541.4493408203125
Ukraine,2011,3108.8863199513,4.375940799713135,1252.888671875
Ukraine,2012,3120.2111950549606,4.46596622467041,1435.869140625
Ukraine,2013,3127.2653869363257,4.530388832092285,1444.355224609375
Ukraine,2014,2968.1355114948547,4.5401201248168945,1408.45556640625
Ukraine,2015,2692.7856747138194,4.701553821563721,1359.3568115234375
Ukraine,2016,2771.9941990287743,4.498833179473877,1537.2913818359375
Ukraine,2017,2851.2808800483044,4.530014991760254,1377.8763427734375
Ukraine,2018,2968.1656442002304,4.547345161437988,1377.119384765625
Ukraine,2019,3083.1184625023006,4.759612083435059,1277.8992919921875
Ukraine,2020,2988.016819395793,4.853544235229492,1322.41357421875
United Arab Emirates,1970,62664.55034275975,9.104203224182129,144.25164794921875
United Arab Emirates,1971,73216.90452855315,8.884767532348633,158.08470153808594
United Arab Emirates,1972,88609.07457352632,8.720919609069824,286.64385986328125
United Arab Emirates,1973,138073.7872974572,8.94796085357666,151.79490661621094
United Arab Emirates,1974,141060.98824028953,8.804540634155273,186.4723663330078
United Arab Emirates,1975,135003.4778986129,8.81837272644043,217.1738739013672
United Arab Emirates,1976,138665.81263744188,8.79571533203125,379.60870361328125
United Arab Emirates,1977,146025.54017506138,9.077892303466797,246.357666015625
United Arab Emirates,1978,126113.15410270389,9.0380401611328125,168.230224609375
United Arab Emirates,1979,135321.66926136165,9.08449935913086,260.8503112792969
United Arab Emirates,1980,150516.59066174176,9.032044410705566,218.97691345214844
United Arab Emirates,1981,145476.11867898455,9.02262020111084,171.04721069335938
United Arab Emirates,1982,127962.44198424532,8.830194473266602,333.6944580078125
United Arab Emirates,1983,115087.64421607791,8.894102096557617,229.0841827392578
United Arab Emirates,1984,113230.95582602374,8.972749710083008,173.4391326904297
United Arab Emirates,1985,103463.64398836138,8.940120697021484,149.68743896484375
United Arab Emirates,1986,82622.47909268095,9.01638412475586,199.53286743164063
United Arab Emirates,1987,79618.59533660667,9.060447692871094,260.61236572265625
United Arab Emirates,1988,72575.4855880475,9.0305757522583,231.02853393554688
United Arab Emirates,1989,76607.37625228119,8.905301094055176,202.20359802246094
United Arab Emirates,1990,85472.89089957684,9.020803451538086,185.6902313232422
United Arab Emirates,1991,81550.7237217407,9.052997589111328,200.6508026123047
United Arab Emirates,1992,79970.27071977637,8.789883613586426,230.50445556640625
United Arab Emirates,1993,77066.26156459974,8.94888687133789,269.5984191894531
United Arab Emirates,1994,78626.78806135897,9.131196975708008,157.98452758789063
United Arab Emirates,1995,80216.74134761044,8.983281135559082,169.76222229003906
United Arab Emirates,1996,79545.67158735028,9.14672565460205,216.36468505859375
United Arab Emirates,1997,79345.3497566936,9.04110336303711,265.74267578125
United Arab Emirates,1998,73740.15982815369,9.275354385375977,175.01199340820313
United Arab Emirates,1999,70639.09691431274,9.326149940490723,187.9132080078125
United Arab Emirates,2000,73204.66144678992,9.23920726776123,194.05552673339844
United Arab Emirates,2001,69643.56408323396,9.211769104003906,133.00491333007813
United Arab Emirates,2002,67133.25737400867,9.216238975524902,153.4892120361328
United Arab Emirates,2003,68936.163504002,9.26828670501709,161.30645751953125
United Arab Emirates,2004,71497.49403021483,9.308097839355469,172.46900939941406
United Arab Emirates,2005,71178.83844162282,9.156953811645508,182.47581481933594
United Arab Emirates,2006,72807.01382106998,9.32594108581543,202.89488220214844
United Arab Emirates,2007,66904.07606526691,9.304625511169434,189.2713165283203
United Arab Emirates,2008,61612.39741311665,9.284906387329102,150.04989624023438
United Arab Emirates,2009,54862.02853717834,9.33392333984375,261.163818359375
United Arab Emirates,2010,54420.599063144364,9.48774242401123,145.2050323486328
United Arab Emirates,2011,56167.72059199816,9.267829895019531,155.9950714111328
United Arab Emirates,2012,56515.86481725535,9.339966773986816,161.87913513183594
United Arab Emirates,2013,56971.07354405047,9.490561485290527,127.9148941040039
United Arab Emirates,2014,56900.38496193094,9.275171279907227,112.4217300415039
United Arab Emirates,2015,57739.51542354295,9.28353214263916,80.40917205810547
United Arab Emirates,2016,58071.42613097052,9.516345977783203,70.15039825439453
United Arab Emirates,2017,55660.19532820585,9.324151992797852,83.8876724243164
United Arab Emirates,2018,55769.17510220453,9.506108283996582,71.23444366455078
United Arab Emirates,2019,55885.74969905065,9.2554349899292,86.67835235595703
United Arab Emirates,2020,51270.2430190021,9.313287734985352,85.68688201904297
United Kingdom,1961,20079.912874132813,4.2372894287109375,2467.255615234375
United Kingdom,1962,20128.976350513727,3.965360641479492,2405.31201171875
United Kingdom,1963,20949.783780869024,3.98050594329834,2417.0849609375
United Kingdom,1964,21978.50200817762,4.164939880371094,2276.1630859375
United Kingdom,1965,22302.96643311227,4.014122009277344,2547.385986328125
United Kingdom,1966,22528.013554406396,4.158480167388916,2651.31640625
United Kingdom,1967,23028.97645129689,4.17719841003418,2609.607177734375
United Kingdom,1968,24171.336418283157,4.111662864685059,2537.937744140625
United Kingdom,1969,24537.810494676498,4.11283540725708,2428.627197265625
United Kingdom,1970,25102.149390285696,4.1454854011535645,2519.646728515625
United Kingdom,1971,25498.609517963734,4.269340991973877,2330.85009765625
United Kingdom,1972,26333.845293765182,4.105992317199707,2358.656005859375
United Kingdom,1973,28205.23278231899,4.182556629180908,2275.534423828125
United Kingdom,1974,27713.988338632837,4.185053825378418,2586.03076171875
United Kingdom,1975,27528.444072393246,4.294730186462402,2260.094970703125
United Kingdom,1976,28307.486099273316,4.277148723602295,2427.311767578125
United Kingdom,1977,28986.01859294086,4.1329803466796875,2557.056640625
United Kingdom,1978,29970.914707268403,4.1316447257995605,2522.58349609375
United Kingdom,1979,30766.528676257243,3.979438543319702,2577.388671875
United Kingdom,1980,30060.146033173387,4.130476474761963,2599.58984375
United Kingdom,1981,29651.985440709625,4.129249095916748,2592.8779296875
United Kingdom,1982,30283.474413887616,4.22381067276001,2645.49072265625
United Kingdom,1983,31370.35288886157,4.256109714508057,2469.4111328125
United Kingdom,1984,32157.298425830784,4.225066661834717,2532.21044921875
United Kingdom,1985,33239.23972725965,4.022947788238525,2556.432373046875
United Kingdom,1986,34492.9259394958,3.980922222137451,2580.873779296875
United Kingdom,1987,35989.911716429655,4.09132719039917,2461.63427734375
United Kingdom,1988,37717.11156166426,4.270453453063965,2567.041259765625
United Kingdom,1989,38477.31602841586,4.407235145568848,2443.8115234375
United Kingdom,1990,38661.4130294437,4.423005104064941,2652.935302734375
United Kingdom,1991,38043.90546671971,4.22553825378418,2417.436767578125
United Kingdom,1992,38432.39690591178,4.264963150024414,2661.257080078125
United Kingdom,1993,39678.63305882487,4.188587188720703,2682.069091796875
United Kingdom,1994,41538.19344972408,4.3075852394104,2705.589111328125
United Kingdom,1995,42892.27958179135,4.416970729827881,2516.472900390625
United Kingdom,1996,43901.94831044211,4.144693374633789,2348.7021484375
United Kingdom,1997,45925.920748240875,4.453146457672119,2509.41162109375
United Kingdom,1998,47278.84635314682,4.372647285461426,2757.8115234375
United Kingdom,1999,48508.950850268,4.412298202514648,2745.3125
United Kingdom,2000,50522.83904973876,4.372480869293213,2904.37060546875
United Kingdom,2001,51532.082900240595,4.323559284210205,2566.703125
United Kingdom,2002,52191.36655794859,4.473376750946045,3041.296630859375
United Kingdom,2003,53620.8909816527,4.45011043548584,2360.0556640625
United Kingdom,2004,54556.8407857917,4.4232964515686035,2702.32177734375
United Kingdom,2005,55695.60565843969,4.421411037445068,2606.762451171875
United Kingdom,2006,56498.4189840724,4.517062187194824,2699.70068359375
United Kingdom,2007,57703.26787368093,4.52513313293457,2720.1669921875
United Kingdom,2008,57222.61815036777,4.362400531768799,2853.433349609375
United Kingdom,2009,54186.16985705404,4.4183149337768555,2850.367431640625
United Kingdom,2010,54978.40930718633,4.136530876159668,2561.1708984375
United Kingdom,2011,55014.88687216099,4.493197917938232,2737.6904296875
United Kingdom,2012,55459.221011350455,4.316507339477539,2972.82373046875
United Kingdom,2013,56035.83139012689,4.2780442237854,2634.091064453125
United Kingdom,2014,57376.37609069635,4.583629608154297,2957.26953125
United Kingdom,2015,58183.08160827951,4.42400598526001,2882.141357421875
United Kingdom,2016,58996.47577867123,4.428631782531738,2659.80029296875
United Kingdom,2017,60449.293184146816,4.485311031341553,2670.354248046875
United Kingdom,2018,61087.946979186374,4.5039801597595215,2638.3408203125
United Kingdom,2019,61537.90621617458,4.480918884277344,2855.401123046875
United Kingdom,2020,55260.92360245907,4.560014247894287,2944.971923828125
United States,1961,24448.121765364976,3.6859400272369385,1633.6693115234375
United States,1962,25543.56126499139,3.787773847579956,1576.3221435546875
United States,1963,26286.437491803594,3.84499454498291,1538.9537353515625
United States,1964,27427.413181817145,3.680138349533081,1595.5224609375
United States,1965,28820.20399520663,3.7122533321380615,1630.696044921875
United States,1966,30341.078974246473,3.6692659854888916,1531.2064208984375
United States,1967,30762.80519172126,3.799100399017334,1615.179443359375
United States,1968,31919.12347129458,3.685227155685425,1585.2244873046875
United States,1969,32588.585497555094,3.7974815368652344,1590.1636962890625
United States,1970,32280.901958508275,3.7371771335601807,1583.5751953125
United States,1971,32924.89915759484,3.643289089202881,1609.2645263671875
United States,1972,34286.25406246452,3.627776622772217,1616.615478515625
United States,1973,35877.86084223238,3.7804553508758545,1695.7320556640625
United States,1974,35359.378072099564,3.7767868041992188,1587.03564453125
United States,1975,34940.4603375524,3.640894651412964,1663.2093505859375
United States,1976,36474.82121053812,3.7503483295440674,1508.9010009765625
United States,1977,37779.59115171603,3.9160616397857666,1607.6806640625
United States,1978,39450.53984122119,3.810635566711426,1592.964111328125
United States,1979,40252.857975435574,3.769963026046753,1678.390380859375
United States,1980,39766.070474325556,3.87424898147583,1559.2542724609375
United States,1981,40376.99757663266,4.047591209411621,1633.825439453125
United States,1982,39272.80987812582,3.6958937644958496,1719.7392578125
United States,1983,40699.142580451444,3.8514456748962402,1701.471923828125
United States,1984,43268.0680735982,3.813178062438965,1628.9156494140625
United States,1985,44674.52962277763,3.7346444129943848,1632.218994140625
United States,1986,45796.26013983169,3.9673855304718018,1657.9063720703125
United States,1987,46956.75676509679,4.0205302238464355,1599.2418212890625
United States,1988,48475.96652146143,3.922996759414673,1519.673095703125
United States,1989,49783.73186418935,3.8262746334075928,1625.4888916015625
United States,1990,50152.87162357891,3.954129934310913,1710.1435546875
United States,1991,49433.555276811065,3.9783318042755127,1689.4239501953125
United States,1992,50470.0131237075,3.872164726257324,1673.97216796875
United States,1993,51179.48180069072,3.871957540512085,1705.80322265625
United States,1994,52592.60306363615,3.9606006145477295,1654.5179443359375
United States,1995,53365.15114972158,3.98884654045105,1667.3184814453125
United States,1996,54737.95045129636,3.8018758296966553,1703.3258056640625
United States,1997,56488.013377488525,3.9359843730926514,1662.3123779296875
United States,1998,58336.431008374086,4.206221580505371,1736.791748046875
United States,1999,60431.86415988252,3.9742531776428223,1595.739501953125
United States,2000,62200.01743779679,4.0269012451171875,1619.624755859375
United States,2001,62175.92617448612,4.120730400085449,1582.677734375
United States,2002,62649.2322401324,4.185927867889404,1557.7059326171875
United States,2003,63849.5179013959,4.098587512969971,1612.582275390625
United States,2004,65695.478283141,4.096068382263184,1685.414794921875
United States,2005,67360.27443089784,4.151588439941406,1648.7713623046875
United States,2006,68571.54604004858,4.196136474609375,1607.5654296875
United States,2007,69283.55445152892,4.179388046264648,1585.591796875
United States,2008,68709.27129993729,3.9174811840057373,1635.0538330078125
United States,2009,66354.72004673629,3.9691038131713867,1648.123291015625
United States,2010,67568.96079082391,4.09699010848999,1640.5159912109375
United States,2011,68084.3743949222,4.0505571365356445,1752.4400634765625
United States,2012,69089.09957180601,4.215592861175537,1680.79931640625
United States,2013,70020.53292269449,4.025611400604248,1793.5740966796875
United States,2014,71218.54603679995,4.14033842086792,1736.138916015625
United States,2015,72733.65749073774,4.2859787940979,1871.0892333984375
United States,2016,73477.4797973028,4.425165176391602,1772.074462890625
United States,2017,74763.43925970462,4.302577495574951,1776.9134521484375
United States,2018,76531.17779160402,4.238751411437988,1830.75390625
United States,2019,78105.24496180177,4.245389461517334,1860.555419921875
United States,2020,76104.3390280266,4.218698024749756,1730.153076171875
Uruguay,1961,8632.482553127402,6.572686195373535,3038.362548828125
Uruguay,1962,8394.160759091412,6.408218860626221,2401.7666015625
Uruguay,1963,8310.827545993663,6.545334815979004,3424.96435546875
Uruguay,1964,8419.269923257623,6.276488304138184,2485.44873046875
Uruguay,1965,8418.49354545519,6.525483131408691,2579.669677734375
Uruguay,1966,8591.49737645189,6.343860149383545,2957.784423828125
Uruguay,1967,8202.701970174634,6.539083957672119,3124.65185546875
Uruguay,1968,8289.896213795897,6.459811687469482,2718.466064453125
Uruguay,1969,8714.80219581547,6.4833784103393555,2401.591064453125
Uruguay,1970,8864.34659152335,6.511155128479004,2827.764892578125
Uruguay,1971,8792.711394831234,6.404004096984863,2854.63818359375
Uruguay,1972,8630.000075098573,6.468735694885254,2982.375244140625
Uruguay,1973,8606.505654520957,6.421976089477539,2914.74609375
Uruguay,1974,8803.529675219319,6.382838249206543,2763.170166015625
Uruguay,1975,9280.517855162381,6.4390177726745605,2728.758544921875
Uruguay,1976,9582.12523910136,6.288830757141113,2999.727783203125
Uruguay,1977,9661.21411482819,6.582965850830078,3317.574462890625
Uruguay,1978,10123.848436078279,6.425082206726074,3295.830078125
Uruguay,1979,10699.551077647326,6.428985118865967,2386.1533203125
Uruguay,1980,11278.54054523757,6.5639190673828125,3120.498779296875
Uruguay,1981,11410.78300818903,6.506879806518555,2817.365478515625
Uruguay,1982,10254.953538563619,6.564768314361572,2927.093994140625
Uruguay,1983,9160.416098538904,6.3970136642456055,3028.41162109375
Uruguay,1984,9014.39711258607,6.3859992027282715,3279.498779296875
Uruguay,1985,9102.489036150562,6.61128568649292,2990.733642578125
Uruguay,1986,9852.77648164342,6.600439548492432,3186.6103515625
Uruguay,1987,10580.835760638236,6.490821838378906,2811.89697265625
Uruguay,1988,10674.305777146501,6.354658603668213,2654.85107421875
Uruguay,1989,10728.168359235393,6.572427749633789,2370.20654296875
Uruguay,1990,10697.166212330834,6.4669189453125,3205.344970703125
Uruguay,1991,11012.042052975037,6.600796222686768,3088.060546875
Uruguay,1992,11819.800332381807,6.44353723526001,3033.776123046875
Uruguay,1993,12069.936397092899,6.4930596351623535,3270.199462890625
Uruguay,1994,12881.495853285163,6.640828609466553,2868.38232421875
Uruguay,1995,12628.926093518077,6.496832370758057,2714.44140625
Uruguay,1996,13263.150859708716,6.522261142730713,2774.626953125
Uruguay,1997,14320.819882319583,6.660256862640381,2870.097900390625
Uruguay,1998,14894.330052597954,6.41977596282959,3162.416015625
Uruguay,1999,14601.375873438707,6.463980674743652,2741.925048828125
Uruguay,2000,14266.132116301203,6.479982376098633,3202.95068359375
Uruguay,2001,13684.018318527562,6.6929030418396,3565.347412109375
Uruguay,2002,12608.194153073251,6.578275680541992,3799.92236328125
Uruguay,2003,12700.74322946249,6.4982781410217285,3349.3505859375
Uruguay,2004,13328.339046445108,6.523654937744141,2725.2919921875
Uruguay,2005,14311.217113065599,6.553689002990723,3376.694580078125
Uruguay,2006,14880.858055136594,6.649115562438965,2988.063232421875
Uruguay,2007,15827.1210368089,6.474052429199219,3197.01611328125
Uruguay,2008,16926.816669805077,6.606655120849609,2537.912109375
Uruguay,2009,17602.917985409716,6.579867839813232,2948.151611328125
Uruguay,2010,18928.003368395337,6.545434951782227,2926.083251953125
Uruguay,2011,19855.760516035814,6.490184307098389,2766.481689453125
Uruguay,2012,20505.433222483018,6.69595193862915,3188.182861328125
Uruguay,2013,21392.652919687225,6.478366374969482,2795.39453125
Uruguay,2014,22013.153278657366,6.681839466094971,3465.468017578125
Uruguay,2015,22018.1226502705,6.675739288330078,3002.087158203125
Uruguay,2016,22315.539130383477,6.47963285446167,2911.829345703125
Uruguay,2017,22642.571288871928,6.7497735023498535,3177.9658203125
Uruguay,2018,22639.15200547369,6.634840488433838,3132.735107421875
Uruguay,2019,22831.351183433755,6.646242141723633,3243.580810546875
Uruguay,2020,21140.609183224464,6.6819539070129395,2460.607666015625
Uzbekistan,1987,1907.7319876498211,5.336582183837891,623.35284423828125
Uzbekistan,1988,2025.3076073874968,5.471595764160156,581.1207275390625
Uzbekistan,1989,2033.9282686814254,5.387757301330566,525.900146484375
Uzbekistan,1990,2017.217713559261,5.536335468292236,561.22076416015625
Uzbekistan,1991,1959.6116651394034,5.440145492553711,611.92633056640625
Uzbekistan,1992,1697.8423976621912,5.342137813568115,618.41845703125
Uzbekistan,1993,1620.8554134950857,5.26482629776001,656.44146728515625
Uzbekistan,1994,1504.0562181849698,5.414762020111084,597.65985107421875
Uzbekistan,1995,1460.9729686232797,5.710540294647217,477.3393249511719
Uzbekistan,1996,1458.170579302838,5.262223243713379,481.36981201171875
Uzbekistan,1997,1507.7188811263627,5.649285316467285,566.25390625
Uzbekistan,1998,1548.0539176057828,5.561738967895508,645.78375244140625
Uzbekistan,1999,1592.120118607991,5.722064018249512,580.09027099609375
Uzbekistan,2000,1632.4326449448595,5.721120357513428,512.0654296875
Uzbekistan,2001,1679.854235159113,5.709085464477539,523.26116943359375
Uzbekistan,2002,1725.3070547199927,5.719272613525391,652.08404541015625
Uzbekistan,2003,1776.560961915576,5.433016777038574,677.9833984375
Uzbekistan,2004,1885.5693722126953,5.773159503936768,656.82135009765625
Uzbekistan,2005,1991.5494383324735,5.6555986404418945,618.6353759765625
Uzbekistan,2006,2112.531116949523,5.6717915534973145,609.50848388671875
Uzbekistan,2007,2280.453475604352,5.672961235046387,583.021484375
Uzbekistan,2008,2448.4901777009277,5.566105842590332,535.337158203125
Uzbekistan,2009,2603.521010514778,5.550785064697266,670.80499267578125
Uzbekistan,2010,2757.2823648896265,5.820713043212891,561.14398193359375
Uzbekistan,2011,2919.7506567377513,5.423341274261475,604.7874755859375
Uzbekistan,2012,3080.2411486957426,5.4767255783081055,573.041748046875
Uzbekistan,2013,3253.605111633186,5.783137321472168,632.02978515625
Uzbekistan,2014,3419.849284277827,5.364049911499023,618.38299560546875
Uzbekistan,2015,3603.9553626560114,5.7026448249816895,661.6104736328125
Uzbekistan,2016,3752.4327218218396,5.880187034606934,700.97412109375
Uzbekistan,2017,3851.5448703052307,5.612209796905518,623.37567138671875
Uzbekistan,2018,3996.0459156412417,5.597108364105225,566.1063232421875
Uzbekistan,2019,4190.448011215397,5.803225994110107,643.32916259765625
Uzbekistan,2020,4177.182889914392,5.679183006286621,579.3612060546875
Vanuatu,1979,3821.223319517909,7.654709815979004,4092.3388671875
Vanuatu,1980,3308.9183415685843,7.553997039794922,4218.9775390625
Vanuatu,1981,3378.162616954113,7.729865074157715,5018.412109375
Vanuatu,1982,3365.747746810593,7.382470607757568,4358.26708984375
Vanuatu,1983,3384.1973572145657,7.609416961669922,5310.3984375
Vanuatu,1984,3617.4747288956864,7.432211875915527,4486.16845703125
Vanuatu,1985,3562.699035847647,7.376678943634033,3290.8583984375
Vanuatu,1986,3467.8463565412026,7.393959045410156,2837.538330078125
Vanuatu,1987,3282.3857121416554,7.592297554016113,3600.52587890625
Vanuatu,1988,3144.999760498107,7.749447345733643,4317.15869140625
Vanuatu,1989,3112.747401544784,7.522390365600586,4351.0712890625
Vanuatu,1990,3390.626310227981,7.828422546386719,4299.52783203125
Vanuatu,1991,3411.4107796624726,7.270881652832031,3417.931396484375
Vanuatu,1992,3413.8108569122915,7.174138069152832,2740.215576171875
Vanuatu,1993,3355.7822147074576,7.098243713378906,2106.308837890625
Vanuatu,1994,3574.219736963225,7.111294746398926,2690.810791015625
Vanuatu,1995,3527.527425672621,7.447231769561768,2750.808349609375
Vanuatu,1996,3529.918283023766,7.288432598114014,2931.36572265625
Vanuatu,1997,3624.344347354658,6.959582328796387,2828.149169921875
Vanuatu,1998,3591.174637990454,7.444823741912842,2947.89208984375
Vanuatu,1999,3529.360338508602,7.439268589019775,3261.370849609375
Vanuatu,2000,3653.5162404073426,7.2148613929748535,3018.230712890625
Vanuatu,2001,3441.626591969411,6.988563060760498,3216.106689453125
Vanuatu,2002,3182.227575996927,7.212428569793701,2969.651611328125
Vanuatu,2003,3237.967392962597,7.23816442489624,3241.32275390625
Vanuatu,2004,3285.8107463263773,7.303043365478516,2487.3076171875
Vanuatu,2005,3377.2422209679785,7.361966609954834,3198.01708984375
Vanuatu,2006,3575.393837035223,7.223983287811279,3361.004150390625
Vanuatu,2007,3589.236666979771,7.130857467651367,3379.634765625
Vanuatu,2008,3696.3881166682704,6.999460697174072,3067.9873046875
Vanuatu,2009,3713.168471966658,7.325781345367432,2962.222412109375
Vanuatu,2010,3672.8457613638593,7.405871868133545,3140.3857421875
Vanuatu,2011,3706.855534323527,6.992082595825195,3182.578369140625
Vanuatu,2012,3662.921358579566,6.945847034454346,3059.1826171875
Vanuatu,2013,3598.93156910496,7.038005352020264,3049.09423828125
Vanuatu,2014,3609.9260408774803,7.024349212646484,2951.439697265625
Vanuatu,2015,3670.4291617549306,6.9629292488098145,2830.273193359375
Vanuatu,2016,3714.295856417506,7.228082656860352,2832.123291015625
Vanuatu,2017,3788.797163956606,7.323904991149902,2829.863037109375
Vanuatu,2018,3806.4003274698557,7.19643497467041,2831.77734375
Vanuatu,2019,3839.248896714328,7.152783393859863,2830.05029296875
Vanuatu,2020,3563.6894644473496,7.104078769683838,2830.88232421875
"Venezuela, RB",1961,5208.290999408886,8.37620735168457,4342.28369140625
"Venezuela, RB",1962,5458.439363549488,8.355774879455566,4468.9248046875
"Venezuela, RB",1963,5479.185613897404,8.377386093139648,4617.74560546875
"Venezuela, RB",1964,5885.302373136955,8.34731388092041,4371.10400390625
"Venezuela, RB",1965,5927.967580276875,8.333213806152344,4303.64892578125
"Venezuela, RB",1966,5821.17206833084,8.362956047058105,4729.41552734375
"Venezuela, RB",1967,5793.316477351128,8.243852615356445,4392.05029296875
"Venezuela, RB",1968,6021.31781175439,8.263540267944336,4432.72998046875
"Venezuela, RB",1969,5875.576436608515,8.45186710357666,4629.4306640625
"Venezuela, RB",1970,6135.569266567143,8.331972122192383,4788.85107421875
"Venezuela, RB",1971,6039.018421814704,8.210488319396973,4496.806640625
"Venezuela, RB",1972,5935.4208949895765,8.328840255737305,4739.69287109375
"Venezuela, RB",1973,6171.574846714747,8.420320510864258,4466.54345703125
"Venezuela, RB",1974,6116.807817439963,8.291792869567871,4317.60400390625
"Venezuela, RB",1975,6112.7366319887615,8.259294509887695,4450.2060546875
"Venezuela, RB",1976,6396.172712029037,8.250743865966797,4533.31396484375
"Venezuela, RB",1977,6602.893566377606,8.402770042419434,4226.23876953125
"Venezuela, RB",1978,6565.728112123301,8.363385200500488,4398.0234375
"Venezuela, RB",1979,6429.552819556433,8.449141502380371,4803.08056640625
"Venezuela, RB",1980,5974.649129943988,8.465584754943848,4469.306640625
"Venezuela, RB",1981,5736.363178765877,8.43077564239502,5244.638671875
"Venezuela, RB",1982,5729.360807320405,8.40383243560791,4563.4326171875
"Venezuela, RB",1983,5027.39059323568,8.564757347106934,4583.2939453125
"Venezuela, RB",1984,5151.056830815386,8.352887153625488,4499.32568359375
"Venezuela, RB",1985,5061.0680701230895,8.3350677490234375,4892.02294921875
"Venezuela, RB",1986,5230.3544197294705,8.388307571411133,4610.05126953125
"Venezuela, RB",1987,5340.988285154862,8.59961986541748,4488.98876953125
"Venezuela, RB",1988,5545.197317385795,8.489192962646484,4862.0810546875
"Venezuela, RB",1989,4655.425333672202,8.42137622833252,4370.083984375
"Venezuela, RB",1990,4837.014449193949,8.4947357177734375,4818.189453125
"Venezuela, RB",1991,5182.733318623068,8.465693473815918,4339.18994140625
"Venezuela, RB",1992,5370.903255804639,8.484469413757324,4269.2646484375
"Venezuela, RB",1993,5265.696595812231,8.485005378723145,4623.22314453125
"Venezuela, RB",1994,5030.58866691492,8.477779388427734,4573.18896484375
"Venezuela, RB",1995,5118.957095590588,8.477726936340332,4716.306640625
"Venezuela, RB",1996,5003.255979310882,8.441119194030762,4721.38671875
"Venezuela, RB",1997,5213.9770701053885,8.538439750671387,4429.275390625
"Venezuela, RB",1998,5125.249025170872,8.67958927154541,5061.564453125
"Venezuela, RB",1999,4726.082346483095,8.435599327087402,5338.794921875
"Venezuela, RB",2000,4808.401373433683,8.420771598815918,4615.68505859375
"Venezuela, RB",2001,4881.40929936893,8.5890655517578125,4097.60546875
"Venezuela, RB",2002,4369.410700389793,8.635224342346191,4383.296875
"Venezuela, RB",2003,3959.406571496909,8.666423797607422,4658.25732421875
"Venezuela, RB",2004,4603.768481251149,8.545530319213867,4699.07080078125
"Venezuela, RB",2005,4994.412586732511,8.609935760498047,4962.34033203125
"Venezuela, RB",2006,5399.006409388429,8.548236846923828,4847.63525390625
"Venezuela, RB",2007,5781.4283752709825,8.571057319641113,4825.2783203125
"Venezuela, RB",2008,5998.839155689172,8.498088836669922,4865.3642578125
"Venezuela, RB",2009,5728.207341115816,8.694154739379883,4221.13525390625
"Venezuela, RB",2010,5569.522678822828,8.71844482421875,5266.45166015625
"Venezuela, RB",2011,5728.152573564156,8.556225776672363,5088.89794921875
"Venezuela, RB",2012,5974.951360102855,8.554823875427246,4762.23486328125
"Venezuela, RB",2013,5982.654440934077,8.616681098937988,4712.2802734375
"Venezuela, RB",2014,5684.69363838918,8.614469528198242,4193.28076171875
"Venezuela, RB",2015,5275.249642521431,8.705676078796387,4438.52783203125
"Venezuela, RB",2016,4349.053886681442,8.7051420211792,4398.2578125
"Venezuela, RB",2017,3691.5412619288622,8.445183753967285,3401.544189453125
"Venezuela, RB",2018,3041.3530139274458,8.370373725891113,2935.607666015625
"Venezuela, RB",2019,2266.284593572844,8.509027481079102,2858.312744140625
"Venezuela, RB",2020,1613.9850079422079,8.442319869995117,2874.992919921875
Viet Nam,1984,765.6006357907364,8.0809478759765625,3429.49755859375
Viet Nam,1985,776.5109731985893,8.091236114501953,3322.75146484375
Viet Nam,1986,781.1554302084814,8.108254432678223,3649.982177734375
Viet Nam,1987,792.8872898710148,8.331267356872559,3121.144287109375
Viet Nam,1988,816.907386698511,8.22706127166748,3290.494140625
Viet Nam,1989,859.2377707758543,8.182890892028809,3214.70849609375
Viet Nam,1990,884.3559359679576,8.28587818145752,3663.584228515625
Viet Nam,1991,917.6377350780947,8.292314529418945,3486.300048828125
Viet Nam,1992,976.9885812865283,8.224632263183594,3297.626220703125
Viet Nam,1993,1035.7376688894308,8.1937255859375,3276.74755859375
Viet Nam,1994,1107.1124587175293,8.293713569641113,3794.555908203125
Viet Nam,1995,1192.6129600918837,8.187308311462402,3409.601806640625
Viet Nam,1996,1284.279890025449,8.169731140136719,3642.213134765625
Viet Nam,1997,1368.9447520503911,8.281279563903809,3500.258056640625
Viet Nam,1998,1427.2297915536715,8.425897598266602,3412.91455078125
Viet Nam,1999,1475.997493760231,8.235564231872559,3810.96630859375
Viet Nam,2000,1558.4751931939475,8.200071334838867,3473.318603515625
Viet Nam,2001,1637.6831520827097,8.317896842956543,3662.55517578125
Viet Nam,2002,1723.451516196462,8.324711799621582,3630.557373046875
Viet Nam,2003,1824.0245808582251,8.297566413879395,3147.694091796875
Viet Nam,2004,1942.5640606289694,8.269488334655762,3272.06298828125
Viet Nam,2005,2069.867997723818,8.317808151245117,3520.90234375
Viet Nam,2006,2185.2092702712084,8.347719192504883,3573.166259765625
Viet Nam,2007,2299.9832819142266,8.292308807373047,3573.1015625
Viet Nam,2008,2386.1955341742373,8.210023880004883,3788.09619140625
Viet Nam,2009,2477.643485629071,8.34472942352295,3282.631103515625
Viet Nam,2010,2606.785123110368,8.375652313232422,3338.124755859375
Viet Nam,2011,2742.1945184595434,8.176547050476074,3495.125
Viet Nam,2012,2859.459121721737,8.379570960998535,3602.142822265625
Viet Nam,2013,2982.844462670384,8.300545692443848,3462.72265625
Viet Nam,2014,3136.0982682501126,8.360676765441895,3000.369384765625
Viet Nam,2015,3313.8825747132532,8.44852066040039,3156.71923828125
Viet Nam,2016,3491.3168274709446,8.4112396240234375,3237.4912109375
Viet Nam,2017,3687.4547701473357,8.29438304901123,3454.75
Viet Nam,2018,3919.0622659286373,8.353935241699219,3291.318115234375
Viet Nam,2019,4166.9291930814325,8.499265670776367,3154.304931640625
Viet Nam,2020,4246.759820421887,8.448189735412598,3319.96533203125
Virgin Islands (U.S.),2002,55547.9625447172,8.967253684997559,2497.4248046875
Virgin Islands (U.S.),2003,55329.98732970352,8.97400188446045,2481.2763671875
Virgin Islands (U.S.),2004,57168.62002847078,8.820281982421875,2650.0439453125
Virgin Islands (U.S.),2005,59168.21459873571,8.921278953552246,2601.8359375
Virgin Islands (U.S.),2006,61289.52698506548,8.867424011230469,3009.234130859375
Virgin Islands (U.S.),2007,63766.43051373287,8.816123962402344,2393.931640625
Virgin Islands (U.S.),2008,64507.77797305573,8.73204517364502,3053.9111328125
Virgin Islands (U.S.),2009,60249.73544488778,8.840433120727539,2119.095947265625
Virgin Islands (U.S.),2010,60635.34402187967,8.938648223876953,2531.1337890625
Virgin Islands (U.S.),2011,55695.10926566362,8.823668479919434,1973.0355224609375
Virgin Islands (U.S.),2012,47490.00276244929,8.90936279296875,1637.023681640625
Virgin Islands (U.S.),2013,44565.73584965281,8.899778366088867,2129.096435546875
Virgin Islands (U.S.),2014,43839.42025251634,8.927122116088867,2160.667724609375
Virgin Islands (U.S.),2015,43721.96466262548,8.99666976928711,2149.904052734375
Virgin Islands (U.S.),2016,44502.86980561451,8.9114837646484375,2588.86328125
Virgin Islands (U.S.),2017,44272.40996656666,8.62365436553955,2295.76611328125
Virgin Islands (U.S.),2018,45222.009696055116,8.431909561157227,2394.6025390625
Virgin Islands (U.S.),2019,46682.0613774988,8.652264595031738,2001.063232421875
Virgin Islands (U.S.),2020,46091.94179425511,8.467955589294434,2088.0986328125
West Bank and Gaza,1994,2747.960393436172,6.902449607849121,1406.6937255859375
West Bank and Gaza,1995,2814.6552050403243,6.781651020050049,863.08099365234375
West Bank and Gaza,1996,2724.0866598975163,6.90205192565918,995.2750244140625
West Bank and Gaza,1997,2986.8584385501717,6.739748001098633,1304.076171875
West Bank and Gaza,1998,3328.840991661494,7.056816101074219,966.25848388671875
West Bank and Gaza,1999,3513.5511515986987,7.0131754875183105,834.9501953125
West Bank and Gaza,2000,3131.888393368375,6.863180160522461,1339.673583984375
West Bank and Gaza,2001,2768.6184952288063,7.064383506774902,1107.973876953125
West Bank and Gaza,2002,2361.7361033232023,7.0377678871154785,1421.5107421875
West Bank and Gaza,2003,2624.8139658165396,7.020300388336182,1414.4610595703125
West Bank and Gaza,2004,3119.5506385121985,6.992542743682861,1189.0362548828125
West Bank and Gaza,2005,3384.179262193673,6.941205978393555,1135.80615234375
West Bank and Gaza,2006,3265.9258067197798,6.9560699462890625,1110.848876953125
West Bank and Gaza,2007,3304.1314547173915,7.05472469329834,977.28717041015625
West Bank and Gaza,2008,3453.270414162508,7.0997209548950195,978.97186279296875
West Bank and Gaza,2009,3651.3008586288365,7.10043478012085,1130.0643310546875
West Bank and Gaza,2010,3763.2371188100237,7.46967077255249,955.6949462890625
West Bank and Gaza,2011,4021.690030085563,6.9878010749816895,1254.91748046875
West Bank and Gaza,2012,4162.866128392169,7.143866062164307,1341.49267578125
West Bank and Gaza,2013,4255.067388788182,7.1473188400268555,1341.1480712890625
West Bank and Gaza,2014,4149.923554323499,7.1215500831604,1372.301513671875
West Bank and Gaza,2015,4206.884786206961,7.143211364746094,1293.8480224609375
West Bank and Gaza,2016,4478.088406425745,7.194504737854004,1313.2381591796875
West Bank and Gaza,2017,4452.221946678444,7.10487699508667,791.57080078125
West Bank and Gaza,2018,4394.128722860928,7.267672061920166,1234.8104248046875
West Bank and Gaza,2019,4343.525336015325,7.145392417907715,1264.3900146484375
West Bank and Gaza,2020,3757.306348394325,7.211488723754883,1396.832275390625
"Yemen, Rep.",1990,2214.198624367527,8.425175666809082,302.6216125488281
"Yemen, Rep.",1991,2265.0942157451204,7.948694705963135,200.85035705566406
"Yemen, Rep.",1992,2359.5513658706122,7.984656810760498,216.8598175048828
"Yemen, Rep.",1993,2363.410371083465,8.042143821716309,209.943359375
"Yemen, Rep.",1994,2430.872160924997,8.051549911499023,198.28724670410156
"Yemen, Rep.",1995,2478.0146694108257,8.2172269821167,202.49290466308594
"Yemen, Rep.",1996,2507.037934094333,8.170804023742676,206.14952087402344
"Yemen, Rep.",1997,2555.41615304484,8.237151145935059,221.52386474609375
"Yemen, Rep.",1998,2624.899117240624,8.36365032196045,204.97731018066406
"Yemen, Rep.",1999,2640.4900650226236,8.31672477722168,225.1792755126953
"Yemen, Rep.",2000,2718.754478894186,8.05004596710205,203.82904052734375
"Yemen, Rep.",2001,2738.1680176329905,8.090645790100098,188.73965454101563
"Yemen, Rep.",2002,2762.744627962197,8.17457103729248,193.1896209716797
"Yemen, Rep.",2003,2783.2795125511734,8.288376808166504,190.72311401367188
"Yemen, Rep.",2004,2810.187342059851,8.2541961669921875,192.01504516601563
"Yemen, Rep.",2005,2876.8458809430485,8.31170654296875,189.20835876464844
"Yemen, Rep.",2006,2873.123943432053,8.337949752807617,189.41726684570313
"Yemen, Rep.",2007,2874.420007019837,8.342072486877441,212.07118225097656
"Yemen, Rep.",2008,2885.083490989663,8.264307022094727,191.58566284179688
"Yemen, Rep.",2009,2902.3423530817695,8.38853645324707,188.591552734375
"Yemen, Rep.",2010,3029.276521816726,8.361146926879883,188.9089813232422
"Yemen, Rep.",2011,2564.685847289402,8.086247444152832,192.51153564453125
"Yemen, Rep.",2012,2547.485446065277,8.177994728088379,187.00453186035156
"Yemen, Rep.",2013,2590.260588144786,7.995700359344482,188.18385314941406
"Yemen, Rep.",2014,2507.2500652704794,7.978242874145508,191.01832580566406
"Yemen, Rep.",2015,1751.2952383639756,7.95005989074707,188.592529296875
"Yemen, Rep.",2016,1540.1700413966416,7.893258571624756,191.69595336914063
"Yemen, Rep.",2017,1418.6720018829142,7.905756950378418,191.42111206054688
"Yemen, Rep.",2018,1387.6528777013007,7.9578375816345215,189.5389862060547
Zambia,1961,1500.0410620715825,7.4474992752075195,2659.19091796875
Zambia,1962,1417.3728062600524,7.416731834411621,2687.928466796875
Zambia,1963,1418.2243131657606,7.316331386566162,2473.4521484375
Zambia,1964,1542.0130772817527,7.366149425506592,2135.91845703125
Zambia,1965,1742.659442822135,7.338975429534912,2236.9677734375
Zambia,1966,1593.8214359129959,7.4499006271362305,2276.40234375
Zambia,1967,1665.7149293714006,7.373072147369385,2524.9482421875
Zambia,1968,1632.892450955271,7.441163063049316,2363.97119140625
Zambia,1969,1574.8124883734201,7.501026153564453,2710.669921875
Zambia,1970,1602.775576188413,7.533966064453125,2323.141357421875
Zambia,1971,1557.8492677243132,7.394680500030518,2323.347900390625
Zambia,1972,1654.1035007133144,7.405111789703369,2271.737060546875
Zambia,1973,1591.7257004346127,7.527115821838379,2249.78564453125
Zambia,1974,1645.0523146198163,7.296723365783691,2653.73583984375
Zambia,1975,1560.2502296395053,7.40354061126709,2294.028564453125
Zambia,1976,1607.7738102108672,7.339554786682129,2611.34814453125
Zambia,1977,1488.4857619756,7.489579200744629,2508.2607421875
Zambia,1978,1452.1188693989504,7.409299850463867,2821.0478515625
Zambia,1979,1366.6111496292058,7.374650955200195,2556.603271484375
Zambia,1980,1366.5765285776984,7.409324645996094,2361.681884765625
Zambia,1981,1407.1082556504139,7.426182270050049,2314.552490234375
Zambia,1982,1324.2926184678552,7.496336936950684,2388.21435546875
Zambia,1983,1257.0685981265779,7.753350257873535,2217.09326171875
Zambia,1984,1214.8614480449562,7.5377020835876465,2264.6806640625
Zambia,1985,1197.9905652681578,7.503597736358643,2302.277587890625
Zambia,1986,1171.1668696960735,7.43217658996582,2524.707763671875
Zambia,1987,1168.2554883824016,7.737048149108887,2134.46484375
Zambia,1988,1208.007693239685,7.539708614349365,2296.669189453125
Zambia,1989,1164.4850752985114,7.5597381591796875,2542.8994140625
Zambia,1990,1129.5688401292152,7.6472249031066895,2290.955322265625
Zambia,1991,1101.5060733369648,7.506701469421387,2350.39208984375
Zambia,1992,1056.621527603759,7.716884136199951,2127.60888671875
Zambia,1993,1101.8634180068466,7.596625804901123,2410.220703125
Zambia,1994,983.067908293929,7.700535774230957,2094.119873046875
Zambia,1995,987.4337470631815,7.776456356048584,2147.56005859375
Zambia,1996,1023.4102470218932,7.638552665710449,2321.266845703125
Zambia,1997,1035.6424761186174,7.723635196685791,2577.77978515625
Zambia,1998,1004.9549844203935,7.768215656280518,2438.01953125
Zambia,1999,1023.8729906850731,7.629619598388672,2301.823974609375
Zambia,2000,1034.2954010100807,7.562190055847168,2510.927978515625
Zambia,2001,1056.841158665092,7.558807373046875,2608.1044921875
Zambia,2002,1070.983753161125,7.60068416595459,2177.8291015625
Zambia,2003,1110.3623143524612,7.689728260040283,2322.5791015625
Zambia,2004,1151.278597826691,7.411613941192627,2260.8857421875
Zambia,2005,1194.4819834573384,7.766844272613525,2037.4168701171875
Zambia,2006,1245.245463136707,7.18684720993042,1921.19482421875
Zambia,2007,1302.485851507656,7.333000659942627,1939.8616943359375
Zambia,2008,1354.5557432530914,7.34139347076416,1928.7220458984375
Zambia,2009,1428.0095503719378,7.579586505889893,2220.8828125
Zambia,2010,1521.4745402323529,7.584568977355957,2205.863525390625
Zambia,2011,1553.6766750936022,7.232264041900635,1790.9993896484375
Zambia,2012,1618.3778001891333,7.173779010772705,1572.046142578125
Zambia,2013,1646.637599278556,7.084882736206055,1341.5838623046875
Zambia,2014,1670.0910276067148,6.93802547454834,1160.226318359375
Zambia,2015,1666.0610801370124,7.157121181488037,1289.7576904296875
Zambia,2016,1675.9571451363802,7.286666393280029,1682.2767333984375
Zambia,2017,1682.633786019556,7.2449951171875,1923.71484375
Zambia,2018,1698.6816320698088,7.253413200378418,1176.9744873046875
Zambia,2019,1672.8795157305308,7.376522064208984,1086.2366943359375
Zambia,2020,1579.738017014965,7.439545631408691,1111.1041259765625
Zimbabwe,1961,1513.628379287778,7.400809288024902,1689.1182861328125
Zimbabwe,1962,1487.8122676101154,7.382850170135498,1852.0618896484375
Zimbabwe,1963,1531.6553432798032,7.2070722579956055,1565.618408203125
Zimbabwe,1964,1467.6832962816914,7.279903411865234,1488.705078125
Zimbabwe,1965,1491.9383624407008,7.274829387664795,1269.898193359375
Zimbabwe,1966,1467.6693806106189,7.379887104034424,1634.4794921875
Zimbabwe,1967,1541.2008704299926,7.279504299163818,1729.9332275390625
Zimbabwe,1968,1522.7757564088101,7.34526252746582,1445.5347900390625
Zimbabwe,1969,1658.6397154764306,7.412178039550781,1944.4407958984375
Zimbabwe,1970,1971.4359640744572,7.46690034866333,1386.17333984375
Zimbabwe,1971,2083.8009999569817,7.298707962036133,1540.3985595703125
Zimbabwe,1972,2189.0611217270443,7.243152618408203,1742.2559814453125
Zimbabwe,1973,2176.2054592415247,7.384181499481201,1702.0709228515625
Zimbabwe,1974,2246.578870092336,7.173229217529297,2063.200927734375
Zimbabwe,1975,2134.434074835741,7.221851348876953,1660.4024658203125
Zimbabwe,1976,2080.0817513115394,7.217658042907715,1865.310546875
Zimbabwe,1977,1888.587961430683,7.379324436187744,1944.8802490234375
Zimbabwe,1978,1811.0520349629855,7.276223659515381,2158.839599609375
Zimbabwe,1979,1841.500605815486,7.299161434173584,1566.987548828125
Zimbabwe,1980,1989.2317241756684,7.274635314941406,1653.9774169921875
Zimbabwe,1981,2101.8748644940465,7.203708648681641,1905.3861083984375
Zimbabwe,1982,2074.82811083549,7.378190517425537,1410.29541015625
Zimbabwe,1983,2029.1447853440861,7.5740203857421875,1442.2393798828125
Zimbabwe,1984,1920.9228352383727,7.370640754699707,1506.9173583984375
Zimbabwe,1985,1984.4786144914638,7.348612308502197,1859.837890625
Zimbabwe,1986,1959.4198844359892,7.347204685211182,1683.275146484375
Zimbabwe,1987,1917.4864519840194,7.577487468719482,1376.4576416015625
Zimbabwe,1988,1998.0751352846341,7.383966445922852,1706.2080078125
Zimbabwe,1989,2041.9454808425967,7.4211931228637695,1642.4215087890625
Zimbabwe,1990,2125.926118453295,7.4953508377075195,1627.0701904296875
Zimbabwe,1991,2185.8409318681424,7.508949279785156,1505.6802978515625
Zimbabwe,1992,1933.4222280265349,7.751057147979736,1410.542724609375
Zimbabwe,1993,1925.3998064505927,7.553881645202637,1687.591064453125
Zimbabwe,1994,2100.7274805505367,7.4358930587768555,1420.025390625
Zimbabwe,1995,2084.597201394098,7.66002893447876,1427.2998046875
Zimbabwe,1996,2262.6899083765497,7.491950511932373,1748.73583984375
Zimbabwe,1997,2280.130599228186,7.53951358795166,1960.3201904296875
Zimbabwe,1998,2300.501211114846,7.6567702293396,1736.8944091796875
Zimbabwe,1999,2245.057400489974,7.514175891876221,1786.8642578125
Zimbabwe,2000,2156.503989878002,7.587409019470215,2161.299560546875
Zimbabwe,2001,2172.9574995828984,7.645407676696777,2132.101806640625
Zimbabwe,2002,1960.7367228099436,7.648876667022705,1413.78662109375
Zimbabwe,2003,1608.2597648742028,7.676071643829346,1726.4638671875
Zimbabwe,2004,1498.496347359277,7.624069690704346,1887.1846923828125
Zimbabwe,2005,1399.6122357847034,7.885434150695801,1680.4949951171875
Zimbabwe,2006,1334.8049310283388,7.5546441078186035,1998.1641845703125
Zimbabwe,2007,1269.2060873733244,7.585338592529297,2106.76708984375
Zimbabwe,2008,1032.444446747665,7.610428810119629,1791.1705322265625
Zimbabwe,2009,1153.1303039573884,7.6744818687438965,1835.7996826171875
Zimbabwe,2010,1357.9276783245687,7.684875011444092,1886.97998046875
Zimbabwe,2011,1523.425000345066,7.499777793884277,1768.707275390625
Zimbabwe,2012,1748.6962573723076,7.5930633544921875,1377.3922119140625
Zimbabwe,2013,1758.5521642805622,7.549649715423584,1510.2388916015625
Zimbabwe,2014,1775.8259658281038,7.471851348876953,1698.2513427734375
Zimbabwe,2015,1783.3757396730994,7.555739879608154,1358.8919677734375
Zimbabwe,2016,1772.0827872037719,7.656505584716797,1687.5233154296875
Zimbabwe,2017,1829.3936533063263,7.497772216796875,1972.019287109375
Zimbabwe,2018,1892.682361446953,7.630606651306152,1246.2547607421875
Zimbabwe,2019,1745.3259942696732,7.688631534576416,1396.1846923828125
Zimbabwe,2020,1582.417764277714,7.490370273590088,1100.8291015625
